Transaction_ID;Fecha_Venta;Cliente_Nombre;Ciudad_Origen;Categoria_Producto;Unidades_Vendidas;Precio_Unitario_USD;Descuento_Aplicado
TXN-10001;2024/10/26;Tech Corp;Bucaramanga;Mobiliario;62;1322.09;0.01
TXN-10002;2025/08/06;Global Trade;Bucaramanga;Electrónica;9;489.36;0.22
TXN-10003;2024/04/06;Global Trade;Cali;Oficina;35;1235.05;0.11
TXN-10004;2024/01/13;Bio Health;Cali;Software;75;1395.83;0.27
TXN-10005;2025/05/29;Neo Systems;Medellín;electronica;16;1189.81;N/A
TXN-10006;2024/08/04;Bio Health;Bucaramanga;Mobiliario;79;1285.96;0.03
TXN-10007;2024/10/23;Acme SAS;Barranquilla;Oficina;44;1168.81;0.27
TXN-10008;30-01-2024;Eko Group;Barranqilla;electronica;48;1328.4;0.25
TXN-10009;2026/09/05;Acme SAS;Bogotá;Mobiliario;27;266.31;0.18
TXN-10010;2024/02/12;Acme SAS;Medellín;Servicios;17;813.11;0.19
TXN-10011;2025/12/08;Acme sas ;medeLLin; Servicios ;88;1187.91;0.13
TXN-10012;2025/06/15;Neo Systems;Medellín;Servicios;83;112.1;0.14
TXN-10013;2026/05/07;Acme SAS;Medellín;Servicios;73;469.64;0.05
tx_ 10014;2025/06/12;Bio-Health;Medellín; Servicios ;84;1060.75;0.17
TXN-10015;2025/04/21;Eco Group;Bogotá;Software;41;845.02;0.18
TXN-10016;2026/09/13;Neo Systems;Bucaramanga;Software;87;615.48;0.11
TXN-10017;2024/02/25;Global Trade;Bogotá;Servicios;15;951.96;0.02
TXN-10018;2025/12/14;Global Trade;Barranquilla;Electrónica;85;525.42;0.08
TXN-10019;2024/10/16;Tech Corp;Cali;Servicios;69;1466.51;0.15
TXN-10020;2024/10/20;Acme SAS;Bogotá;Servicios;81;473.71;0.0
TXN-10021;2024/02/12;Edu Corp;Bucaramanga;Software;56;523.15;0.3
TXN-10022;2024/04/30;Acme SAS;Medellín;Electrónica;10;647.33;0.05
tx_ 10023;2026/06/05;Eko Group;bogota;Software;87;1123,2;0.25
TXN-10024;2024/05/23;Bio Health;Medellín;Mobiliario;61;1006.61;0.16
TXN-10025;2026/07/26;Tech Corp;Barranquilla;Servicios;67;521.98;0.06
TXN-10026;2024/06/08;Acme SAS;Barranquilla;Electrónica;70;1068.82;0.02
TXN-10027;2024/09/21;Bio Health;Cali;Oficina;43;1064.85;0.13
TXN-10028;2025/06/06;Neo Systems;Bucaramanga;Servicios;16;466.94;0.01
TXN-10029;2026/12/04;Edu Corp;cali;Sftware;29;1025.54;0.16
TXN-10030;2024/08/27;Acme SAS;Cali;Electrónica;37;456.92;0.08
TXN-10031;2024/05/26;Edu Corp;Bucaramanga;Electrónica;51;1151.24;0.14
TXN-10032;2025/01/10;Neo Systems;Bogotá;Servicios;81;935.07;0.01
TXN-10033;2026/03/18;Edu Corp;Bogotá;Servicios;29;131.95;0.01
TXN-10034;2024/01/06;Eco Group;Bogotá;Electrónica;47;624.28;0.26
TXN-10035;2026/05/22;Neo Systems;Bogotá;Electrónica;41;526.43;0.24
TXN-10036;2024/10/18;Acme SAS;Cali;Software;37;736.81;0.08
TXN-10037;2024/08/16;Eco Group;Cali;Software;78;985.27;0.09
TXN-10038;2026/02/11;Edu Corp;Cali;Mobiliario;76;62.56;0.02
TXN-10039;2024/01/20;Tech Corp;Cali;Servicios;93;54.76;0.1
TXN-10040;2024/11/14;Acme SAS;Bucaramanga;Software;55;1351.4;0.1
TXN-10041;2024/06/28;Tech Corp;Medellín;Software;79;1270.93;0.03
TXN-10042;2024/01/27;Acme SAS;Medellín;Electrónica;77;575.37;0.28
TXN-10043;2025/01/31;Edu Corp;Barranquilla;Mobiliario;23;380.64;0.26
TXN-10044;2025/12/08;Bio Health;Medellín;Servicios;48;328.45;0.21
TXN-10045;2025/05/19;Tech Corp;Bucaramanga;Servicios;4;1308.98;0.11
TXN-10046;2025/05/18;Edu Corp;Cali;Electrónica;85;728.6;0.05
TXN-10047;2024/09/22;Acme SAS;Bogotá;Oficina;35;70.84;0.17
TXN-10048;2024/12/27;Bio Health;Medellín;Software;87;1338.21;0.1
TXN-10049;2026/04/09;N3o Systems;Cali;Mobiliario;82;1115,03;0.05
TXN-10050;2026/10/09;Tech Corp;Bogotá;Electrónica;63;1298.11;0.09
TXN-10051;2024/06/15;Neo Systems;Medellín;Mobiliario;84;151.95;0.05
TXN-10052;2026/11/25;Bio Health;Bogotá;Mobiliario;35;1227.98;0.01
TXN-10053;2025/05/02;Edu Corp;Medellín;Servicios;7;967.94;0.12
TXN-10054;2024/12/20;Edu Corp;Bogotá;Oficina;52;987.61;0.21
TXN-10055;2024/03/17;Bio Health;Medellín;Software;52;803.89;0.25
TXN-10056;2024/11/10;Tech Corp;Medellín;Mobiliario;34;1392.5;0.18
TXN-10057;2025/09/18;Global Trade;Medellín;Servicios;87;178.51;0.0
TXN-10058;2026/06/20;Acme SAS;Barranquilla;Software;23;1221.96;0.18
TXN-10059;2024/06/08;Tech Corp;Barranquilla;Servicios;27;465.43;0.3
tx_ 10060;30-09-2025;Global Trade;Medellín;Mobilia;53;323.17;0.1
TXN-10061;2026/03/27;Tech Corp;Medellín;Oficina;51;891.52;0.07
TXN-10062;2024/04/26;Neo Systems;Bogotá;Software;82;80.23;0.17
TXN-10063;;Eko Group;Barranquilla; Servicios ;21;1039.32;0.03
TXN-10064;2026/06/20;Global Trade;Bogotá;Mobiliario;40;699.46;0.1
TXN-10065;2026/10/04;Eco Group;Bucaramanga;Servicios;24;1141.35;0.26
TXN-10066;2025/12/25;Bio Health;Bogotá;Servicios;19;508.19;0.11
TXN-10067;2026/08/11;Edu Corp;Bogotá;Oficina;56;1406.78;0.18
TXN-10068;2025/11/26;Edu Corp;Cali;Oficina;87;581.88;0.12
TXN-10069;2024/04/21;Eco Group;Bogotá;Oficina;23;206.3;0.28
TXN-10070;2024/03/01;Bio Health;Bucaramanga;Electrónica;3;551.36;0.07
TXN-10071;2025/11/10;Global Trade;Cali;Mobiliario;38;1349.18;0.3
TXN-10072;2025/04/09;Global Trade;Bogotá;Electrónica;3;1384.33;0.28
TXN-10073;2024/09/26;Global Trade;Cali;Electrónica;97;695.2;0.07
tx_ 10074;16-03-2026;Bio-Health;Medellín;Mobilia;30;169.16;0.03
TXN-10075;2024/04/14;Neo Systems;Barranquilla;Oficina;65;1432.79;0.12
TXN-10076;2024/12/01;Tech Corp;Bogotá;Servicios;74;388.53;0.19
TXN-10077;2024/12/18;Bio Health;Bogotá;Oficina;29;567.66;0.27
TXN-10078;2025/08/31;Acme SAS;Barranquilla;Electrónica;94;841.78;0.27
TXN-10079;2025/06/22;Bio Health;Bucaramanga;Mobiliario;47;1245.6;0.23
TXN-10080;2025/04/20;Neo Systems;Medellín;Oficina;48;210.83;0.11
TXN-10081;2024/02/21; Global trade;Medellin;Mobiliario;48;104.75;N/A
TXN-10082;28-01-2025; Global trade;cali;electronica;19;861.69;0.07
TXN-10083;2026/05/24;Tech Corp;Medellín;Software;12;570.45;0.28
TXN-10084;2026/08/06;Eco Group;Barranquilla;Oficina;50;528.38;0.26
TXN-10085;2026/05/03;Edu Corp;Bogotá;Servicios;81;173.82;0.18
TXN-10086;2026/11/10;Neo Systems;Bucaramanga;Mobiliario;41;786.19;0.07
TXN-10087;2026/02/13;Eco Group;Bucaramanga;Electrónica;88;1299.75;0.04
TXN-10088;2024/10/15;Edu Corp;Bogotá;Oficina;44;914.88;0.16
TXN-10089;2025/02/04;Global Trade;Bogotá;Electrónica;54;223.39;0.08
TXN-10090;2024/04/14;Eco Group;Barranquilla;Electrónica;47;1250.54;0.17
TXN-10091;2024/05/02;Edu Corp;Barranquilla;Electrónica;54;1144.47;0.12
TXN-10092;2024/01/16;Eco Group;Barranqilla;electronica;99;397.88;0.1
TXN-10093;2026/02/12;Tech Corp;Bogotá;Software;61;527.37;0.21
tx_ 10094;2024/05/17;Eco Group;Medellin;electronica;-69;1425.76;0.18
TXN-10095;2026/12/13;Neo Systems;Bucaramanga;Servicios;91;433.62;0.24
TXN-10096;2025/07/03;Eco Group;Cali;Electrónica;2;1011.13;0.18
TXN-10097;2025/09/15;Acme SAS;Bogotá;Electrónica;73;229.76;0.27
TXN-10098;2025/06/12;Global Trade;Barranquilla;Mobiliario;50;218.86;0.03
TXN-10099;2024/03/13;Global Trade;Bucaramanga;Mobiliario;1;1489.31;0.2
TXN-10100;2024/01/04;Neo Systems;Bucaramanga;Servicios;86;145.35;0.07
TXN-10101;2026/07/16;Edu Corp;Bucaramanga;Software;100;812.68;0.28
tx_ 10102;27-08-2026;Tech Corp;Medellín;Mobiliario;-7;454.85;N/A
TXN-10103;2026/09/28;Edu Corp;Cali;Software;28;1203.73;0.1
TXN-10104;2024/05/30;Bio Health;Medellín;Software;82;554.81;0.26
TXN-10105;2025/06/23;Eco Group;Cali;Electrónica;28;676.23;0.0
TXN-10106;2026/01/11;Eco Group;Barranquilla;Electrónica;62;346.53;0.16
TXN-10107;2024/11/26;Edu Corp;Barranquilla;Servicios;88;78.89;0.23
TXN-10108;2026/10/03;Bio Health;Bucaramanga;Electrónica;4;1096.55;0.07
TXN-10109;2026/06/16;Bio Health;Cali;Electrónica;70;1263.05;0.08
TXN-10110;2025/04/03;Bio Health;Bucaramanga;Mobiliario;39;1032.47;0.09
TXN-10111;29-11-2024;Bio Health;BGA; Servicios ;79;1447.2;0.12
TXN-10112;2026/09/11;Edu Corp;Bucaramanga;Oficina;1;993.45;0.13
TXN-10113;2026/02/14;Tech Corp;Cali;Electrónica;79;641.56;0.22
TXN-10114;2026/12/12;Bio-Health;Barranquilla;Mobiliario;58;730.16;0.07
TXN-10115;2026/11/24;Global Trade;Barranquilla;Electrónica;60;161.52;0.06
TXN-10116;2025/03/06;Global Trade;Bucaramanga;Servicios;31;719.25;0.24
TXN-10117;2025/06/21;Acme SAS;Bogotá;Servicios;27;210.77;0.19
TXN-10118;2026/12/08;Tech Corp;Cali;Mobiliario;32;1275.59;0.14
TXN-10119;2026/06/08;Neo Systems;Medellín;Software;69;332.67;0.23
TXN-10120;2024/02/23;Edu Corp;Cali;Oficina;100;1213.55;0.01
TXN-10121;2024/08/02;Tech Corp;Cali;Software;38;1024.93;0.25
TXN-10122;2024/11/23;Global Trade;Bucaramanga;Software;35;894.71;0.17
TXN-10123;2024/11/21;Acme SAS;Medellín;Oficina;75;345.01;0.04
TXN-10124;2025/04/01;Acme SAS;Bucaramanga;Servicios;89;1373.84;0.11
TXN-10125;2026/02/02;Eco Group;Medellín;Mobiliario;75;744.64;0.12
TXN-10126;2024/12/25;Global Trade;Bucaramanga;Software;59;1386.51;0.06
TXN-10127;2025/07/28;Eko Group;Bogota ;Software;96;1339.08;N/A
TXN-10128;2024/03/18;Eco Group;Bucaramanga;Electrónica;75;677.92;0.09
tx_ 10129;2025/04/06;Eko Group;Medellín;Oficin ;15;1131.43;0.25
TXN-10130;2026/11/05;Eco Group;Barranquilla;Software;100;863.69;0.15
TXN-10131;2025/01/06;Acme SAS;Barranquilla;Software;77;209.67;0.17
TXN-10132;2025/07/20;Neo Systems;Barranquilla;Oficina;4;974.63;0.04
TXN-10133;2026/09/16;Tech Corp;Medellín;Servicios;17;625.76;0.18
TXN-10134;2025/03/22;Neo Systems;Medellin; Servicios ;-88;360.01;0.28
TXN-10135;2025/11/07;Neo Systems;Bogotá;Software;9;1477.99;0.26
TXN-10136;2024/12/21;Tech Corp;Cali;Electrónica;41;1319.56;0.16
TXN-10137;2026/06/15;Bio Health;Barranquilla;Oficina;38;504.56;0.26
TXN-10138;2026/07/15;Neo Systems;bogota;Mobilia;67;417.95;0.03
TXN-10139;06-04-2024;Eco Group;BGA;Mobiliario;-84;781,37;0.27
TXN-10140;2025/02/10;Bio Health;Medellín;Servicios;40;856.64;0.03
TXN-10141;2024/03/07;Edu Corp;Barranquilla;Mobiliario;5;1355.81;0.03
TXN-10142;2025/06/26;Neo Systems;Bucaramanga;Electrónica;95;980.93;0.02
TXN-10143;2024/08/01;Bio Health;Bucaramanga;Software;60;778.15;0.2
TXN-10144;2025/03/06;Neo Systems;Bogotá;Servicios;96;62.9;0.08
TXN-10145;2025/07/30; Global trade; Bogo-ta; Servicios ;8;1318.72;0.04
TXN-10146;2026/07/29;Bio Health;Medellín;Electrónica;10;1409.99;0.2
TXN-10147;2026/01/28;Edu Corp;Bogotá;Servicios;29;1269.17;0.13
TXN-10148;2026/11/26;Bio Health;Medellín;Mobiliario;76;1324.25;0.03
tx_ 10149;29-04-2026;Bio Health;medeLLin;Mobilia;81;1141.32;0.18
TXN-10150;2026/01/16;Neo Systems;Medellín;Mobiliario;85;686.88;0.07
TXN-10151;2025/02/14;Edu Corp;Barranquilla;Oficina;4;237.83;0.13
TXN-10152;2025/03/02;Bio Health;Bogotá;Servicios;91;203.34;0.11
TXN-10153;2025/06/21;Neo Systems;Bucaramanga;Servicios;79;915.37;0.26
TXN-10154;2026/03/01;Bio Health;Cali;Oficina;71;374.3;0.29
TXN-10155;2024/07/02;Eco Group;Cali;Servicios;8;596.19;0.01
TXN-10156;2024/09/07;Tech Corp;Bogotá;Mobiliario;25;801.92;0.05
TXN-10157;2025/01/15;Eco Group;Cali;Electrónica;54;803.94;0.1
TXN-10158;2026/02/12;Acme SAS;Bucaramanga;Mobiliario;72;516.7;0.29
TXN-10159;2025/11/17;Edu Corp;Cali;Electrónica;15;632.34;0.07
tx_ 10160;22-03-2024;Bio-Health;Bogotá;Software;-33;74.99;0.11
TXN-10161;;Tech Corp;Bogota ;Software;93;1065.56;N/A
TXN-10162;2025/10/14;Neo Systems;Medellín;Electrónica;98;975.09;0.05
TXN-10163;2025/04/28;Tech Corp;Medellín;Oficina;28;1018.1;0.22
TXN-10164;2025/06/17;Acme SAS;Bogotá;Mobiliario;90;1339.25;0.1
TXN-10165;2025/06/03;Edu Corp;Medellín;Mobiliario;68;1126.1;0.3
TXN-10166;2024/08/23;Edu Corp;Cali;Software;7;128.85;0.27
TXN-10167;2026/02/08;Neo Systems;Cali;Oficina;50;43.74;0.05
TXN-10168;2025/08/15;Tech Corp;Cali;Servicios;3;70.62;0.07
TXN-10169;2025/02/13;Tech Corp;Cali;Software;60;52.86;0.12
TXN-10170;2026/01/29;Edu Corp;Bucaramanga;Oficina;41;1142.61;0.09
TXN-10171;2026/07/21;Bio Health;Bucaramanga;Electrónica;20;176.77;0.03
TXN-10172;2025/03/01;Tech Corp;Bogotá;Electrónica;60;106.94;0.04
TXN-10173;2026/05/17;Acme SAS;Bogotá;Oficina;32;954.53;0.18
TXN-10174;2025/09/17;Eco Group;Cali;Oficina;58;293.77;0.13
TXN-10175;2026/05/02;Edu Corp;Barranquilla;Mobiliario;54;772.02;0.18
TXN-10176;2025/07/30;Bio Health;Barranquilla;Oficina;92;540.39;0.23
TXN-10177;2026/12/04;Edu Corp;Medellín;Electrónica;94;107.99;0.13
TXN-10178;2024/08/21;Bio Health;Cali;Electrónica;75;1377.52;0.25
TXN-10179;2025/05/27;Bio Health;Bucaramanga;Mobiliario;75;768.21;0.09
TXN-10180;2024/01/31;Tech Corp;medeLLin;Oficina;44;1066.13;0.09
TXN-10181;2024/08/27;Edu Corp;Bogotá;Oficina;53;1105.01;0.12
TXN-10182;2025/05/28;Bio Health;Cali;Software;39;352.58;0.04
TXN-10183;2025/05/05;Global Trade;Bucaramanga;Software;33;1263.36;0.09
TXN-10184;2026/10/10;Global Trade;Bucaramanga;Electrónica;84;162.85;0.07
TXN-10185;2024/02/01;Acme sas ;Bucaramanga;electronica;71;1261.79;0.05
TXN-10186;2024/12/04;Neo Systems;Bucaramanga;Software;36;427.77;0.22
TXN-10187;2026/05/17;Eco Group;Bucaramanga;Mobiliario;48;984.5;0.24
TXN-10188;2026/06/23;Tech Corp;Medellín;Electrónica;93;1299.99;0.07
TXN-10189;2025/03/17;Acme SAS;Bucaramanga;Oficina;92;680.01;0.28
TXN-10190;2025/04/21;Edu Corp;Bucaramanga;Software;36;144.96;0.27
TXN-10191;2026/08/01;Bio Health;Medellín;Software;41;1394.13;0.28
TXN-10192;2026/07/18;Bio Health;Medellín;Mobiliario;82;222.4;0.26
TXN-10193;2026/09/26;Eco Group;Bucaramanga;Electrónica;52;1327.87;0.0
TXN-10194;06-06-2026;Eko Group;medeLLin;Servicios;33;414.01;0.17
TXN-10195;2025/08/20;Edu Corp;Bucaramanga;Electrónica;51;1101.48;0.26
TXN-10196;2026/01/11;Neo Systems;Bucaramanga;Mobiliario;72;1277.54;0.22
TXN-10197;2026/07/28;Neo Systems;Bucaramanga;Software;87;1281.12;0.03
TXN-10198;2024/09/08;Neo Systems;Cali;Servicios;6;241.59;0.24
TXN-10199;2025/10/29;Tech Corp;Medellín;Servicios;2;574.68;0.07
TXN-10200;2024/12/16;Tech Corp;Barranquilla;Mobiliario;43;287.82;0.08
TXN-10201;2026/02/05;Acme SAS;Cali;Oficina;72;138.4;0.03
TXN-10202;2025/10/08;Edu Corp;Barranquilla;Servicios;48;1000.94;0.27
TXN-10203;2026/11/08;Global Trade;Cali;Software;52;599.71;0.1
tx_ 10204;2024/10/02;Edu Corp;Medellin;Electrónica;95;708.65;0.22
TXN-10205;2025/05/31;Bio Health;Cali;Servicios;-91;799.48;0.02
TXN-10206;2025/09/01;Tech Corp;Bogotá;Electrónica;96;288.71;0.13
TXN-10207;2026/03/28;Acme SAS;BGA;Servicios;2;1124.82;N/A
TXN-10208;24-10-2024;Edu Corp;Barranquilla;Software;4;1111.43;0.18
TXN-10209;2025/05/05;Acme SAS;Bucaramanga;Oficina;8;815.85;0.1
TXN-10210;2024/08/31;Global Trade;Bogotá;Software;39;612.46;0.08
TXN-10211;2024/08/28;Neo Systems;Bogotá;Software;17;92.63;0.08
TXN-10212;2026/12/27;Global Trade;Medellín;Electrónica;63;310.22;0.15
TXN-10213;2024/10/20;Edu Corp;Bogotá;Mobiliario;53;1369.6;0.08
tx_ 10214;05-02-2026;Neo Systems;Bogota ;Servicios;72;1478.51;N/A
TXN-10215;2025/06/22;Tech Corp;Bucaramanga;Servicios;70;966.24;0.29
TXN-10216;20-02-2026;Acme sas ;Medellín;electronica;91;1244,31;N/A
TXN-10217;2025/06/21;Eco Group;Bogotá;Oficina;42;152.13;0.2
TXN-10218;2024/07/15;Eco Group; Bogo-ta;Mobiliario;97;947.87;0.2
TXN-10219;2024/11/07;Tech Corp;Barranquilla;Electrónica;99;208.87;0.03
TXN-10220;2026/06/16;Tech Corp;Bucaramanga;Software;47;323.74;0.24
TXN-10221;2026/07/22;Edu Corp;Bucaramanga;Servicios;70;393.64;0.14
TXN-10222;2025/09/15;Neo Systems;Medellín;Electrónica;65;411.01;0.08
TXN-10223;07-09-2025;Edu Corp;Medellín;Oficin ;50;955,34;0.27
TXN-10224;2024/08/01;Global Trade;Cali;Oficina;31;262.62;0.28
TXN-10225;2024/06/21;Eco Group;Medellín;Mobiliario;56;1068.44;0.06
TXN-10226;2025/10/05;Global Trade;Cali;Mobiliario;30;675.31;0.19
tx_ 10227;01-12-2024;Tech Corp;Barranquilla;Software;11;542.23;0.24
TXN-10228;2024/02/14;Eco Group;Medellín;Software;12;443.53;0.28
TXN-10229;2026/10/08;Neo Systems;Barranquilla;Servicios;56;525.16;0.27
TXN-10230;2026/01/08;Acme SAS;Bucaramanga;Oficina;13;979.22;0.08
TXN-10231;2025/07/18;Edu Corp;Barranquilla;Electrónica;72;431.39;0.01
TXN-10232;2025/07/26;Tech Corp;Bucaramanga;Oficina;87;809.8;0.18
TXN-10233;2026/04/11;Edu Corp;Medellín;Oficina;61;950.03;0.01
TXN-10234;2026/01/06;Global Trade;Bogotá;Oficina;44;501.29;0.2
TXN-10235;2024/02/03;Acme SAS;Medellín;Oficina;7;307.84;0.13
TXN-10236;2026/08/15;Neo Systems;medeLLin;Sftware;76;1256.55;0.01
tx_ 10237;2024/04/20;EduCorp;Bucaramanga;Oficina;4;510.14;0.05
TXN-10238;2026/10/27;Eco Group;Medellín;Oficina;75;925.55;0.07
TXN-10239;2024/06/14;Acme SAS;Medellín;Software;87;418.38;0.06
TXN-10240;2026/11/23;Edu Corp;Cali;Software;44;170.74;0.06
TXN-10241;2025/01/24;Tech Corp;Cali;Electrónica;84;477.96;0.03
TXN-10242;2026/07/31;Eco Group;Bogotá;Mobiliario;37;991.96;0.14
TXN-10243;04-03-2024;N3o Systems;Bogota ;Software;19;651,58;0.24
TXN-10244;2026/10/22;Acme sas ;medeLLin;Electrónica;85;86.26;0.18
TXN-10245;2024/01/22;Edu Corp;Bucaramanga; Servicios ;100;934.12;N/A
TXN-10246;2026/05/26;Tech Corp;Barranquilla;Servicios;8;355.79;0.05
TXN-10247;2024/02/07;Global Trade;Bogotá;Oficina;62;1050.89;0.29
TXN-10248;31-10-2024;Eko Group;cali;Electrónica;-84;1173,32;0.17
TXN-10249;2024/12/03;Bio Health;Medellín;Oficina;34;1274.77;0.12
TXN-10250;2024/02/21;Eco Group;Barranquilla;Oficina;64;1395.12;0.03
TXN-10251;2024/04/27;Global Trade;Bucaramanga;Software;17;1127.47;0.14
TXN-10252;2024/10/24;Acme SAS;Cali;Software;17;810.0;0.08
TXN-10253;2026/10/01;Neo Systems;Bogotá;Software;23;395.95;0.03
TXN-10254;2025/04/23;Neo Systems;Bogotá;Mobiliario;75;131.31;0.2
TXN-10255;;tech corp;Barranquilla;Oficina;9;76.19;0.18
TXN-10256;2024/06/04;Edu Corp;Bogotá;Oficina;50;1048.2;0.21
TXN-10257;2025/12/04;Tech Corp;Bogotá;Mobiliario;25;424.6;0.13
TXN-10258;2025/07/04;Global Trade;Medellín;Software;95;1366.94;0.26
TXN-10259;2024/12/08;Bio Health;Barranquilla;Electrónica;51;302.39;0.3
TXN-10260;18-06-2026;Acme sas ;medeLLin;Electrónica;86;192.91;N/A
TXN-10261;2024/01/14;Edu Corp;Bucaramanga;Electrónica;84;646.1;0.2
TXN-10262;2026/04/26;Neo Systems;Cali;Electrónica;44;145.26;0.2
TXN-10263;2024/06/20;Neo Systems;Bucaramanga;Software;96;879.55;0.17
TXN-10264;2025/11/26;Eco Group;Bucaramanga;Mobiliario;89;293.35;0.12
TXN-10265;2024/04/25;Bio Health;Barranquilla;Oficina;34;321.0;0.16
TXN-10266;2026/03/28;Edu Corp;Medellín;Mobiliario;15;69.03;0.13
TXN-10267;2024/09/10;Eco Group;Medellín;Software;77;320.35;0.21
TXN-10268;2025/03/17;Tech Corp;Medellín;Software;55;998.69;0.17
TXN-10269;2025/05/23;Eco Group;Bogotá;Servicios;26;623.7;0.08
TXN-10270;2026/05/10;Edu Corp;Bucaramanga;Software;19;868.92;0.04
TXN-10271;2025/07/25;Bio Health;Barranquilla;Electrónica;88;200.3;0.21
tx_ 10272;2025/06/28; Global trade;medeLLin;Electrónica;58;1013.93;0.11
TXN-10273;2025/07/31;Edu Corp;Medellín;Mobiliario;89;435.57;0.17
TXN-10274;2024/09/07;Edu Corp;Medellín;Servicios;47;595.51;0.11
TXN-10275;2024/11/11;Edu Corp;Barranquilla;Mobiliario;80;704.13;0.07
TXN-10276;2024/04/16;Global Trade;Cali;Servicios;55;897.02;0.27
TXN-10277;2024/04/19;Eco Group;Medellín;Mobiliario;25;851.51;0.19
TXN-10278;2025/06/23;Acme SAS;Barranquilla;Oficina;63;333.62;0.18
TXN-10279;2026/01/01;Tech Corp;Cali;Electrónica;85;1464.65;0.21
TXN-10280;2024/04/30;Global Trade;Medellín;Software;46;1378.94;0.28
TXN-10281;2024/07/18;Bio Health;Barranquilla;Mobiliario;30;1330.65;0.02
TXN-10282;2026/10/29;Global Trade;Medellín;Software;97;934.92;0.3
TXN-10283;2026/01/14;Acme SAS;Cali;Oficina;15;410.02;0.1
TXN-10284;2024/05/05;Tech Corp;Medellín;Servicios;93;1144.68;0.07
TXN-10285;2024/05/15;Neo Systems;Barranquilla;Mobiliario;56;576.97;0.25
TXN-10286;2025/08/28;Neo Systems;Bogotá;Mobiliario;3;1251.24;0.16
TXN-10287;2024/07/22;Neo Systems;Cali;Mobiliario;86;666.85;0.29
TXN-10288;2024/01/17;Bio Health;Barranquilla;Servicios;45;298.89;0.26
TXN-10289;2026/08/01;Edu Corp;Bogotá;Servicios;36;809.76;0.07
TXN-10290;2025/10/31;Edu Corp;Bucaramanga;Oficina;86;1057.26;0.05
TXN-10291;2024/09/11;Bio Health;Cali;Software;75;926.31;0.09
TXN-10292;2024/10/09;Neo Systems;Bogotá;Software;18;416.88;0.15
TXN-10293;2026/10/21;Global Trade;Bogotá;Electrónica;90;874.01;0.29
TXN-10294;2026/06/29;Edu Corp;Barranquilla;Oficina;27;586.03;0.17
TXN-10295;2025/02/12;Edu Corp;Medellín;Servicios;69;119.7;0.04
TXN-10296;2026/02/06;Global Trade;Bucaramanga;Software;99;275.28;0.08
TXN-10297;2025/08/14;Edu Corp;Bucaramanga;Electrónica;21;147.38;0.12
tx_ 10298;10-06-2025;Bio Health;Barranquilla;Sftware;91;660.73;0.16
TXN-10299;2026/07/15;Bio Health;Bucaramanga;Servicios;42;1355.4;0.2
TXN-10300;2026/11/05;Eco Group;Cali;Software;17;523.86;0.1
TXN-10301;2025/03/19;Tech Corp;Bogotá;Electrónica;59;238.73;0.03
TXN-10302;2026/07/28;Bio Health;Barranquilla;Mobiliario;47;689.68;0.09
TXN-10303;2024/11/22;Acme sas ;cali;Servicios;91;902.34;0.0
TXN-10304;2024/11/13;Acme SAS;Bucaramanga;Mobiliario;24;1355.63;0.26
TXN-10305;2024/09/20;Edu Corp;Cali;Mobiliario;54;780.08;0.18
TXN-10306;2026/08/16;Neo Systems;Cali;Mobiliario;100;948.39;0.01
TXN-10307;2024/08/27;Bio Health;Cali;Oficina;100;1242.76;0.16
TXN-10308;2025/11/07;Acme SAS;Barranquilla;Mobiliario;78;1051.78;0.15
TXN-10309;2026/04/14;Edu Corp;Bucaramanga;Mobiliario;27;1013.98;0.17
TXN-10310;2024/06/05;Edu Corp;Medellín;Software;20;1033.5;0.29
TXN-10311;2026/12/30;Tech Corp;Bucaramanga;Oficina;34;763.57;0.15
TXN-10312;2024/10/06;Eco Group;Bucaramanga;Oficina;68;184.06;0.04
TXN-10313;2026/12/06;Global Trade;Medellín;Servicios;93;1098.76;0.17
TXN-10314;2026/04/24;Eco Group;Cali;Oficina;43;1461.56;0.15
TXN-10315;2025/05/06;Acme SAS;Medellín;Mobiliario;52;525.31;0.11
TXN-10316;2026/01/21;Acme SAS;BGA;Electrónica;-96;725.34;0.14
TXN-10317;2026/10/11;Bio Health;Bogotá;Oficina;64;193.12;0.12
TXN-10318;2024/11/13;Global Trade;Bucaramanga;Software;20;988.37;0.18
TXN-10319;2026/03/21;Eco Group;Medellín;Electrónica;12;1291.68;0.08
TXN-10320;2026/03/20;Tech Corp;Barranquilla;Servicios;73;55.4;0.21
TXN-10321;2026/03/02;Neo Systems;Bucaramanga;Servicios;79;862.04;0.29
TXN-10322;2025/08/26;Bio Health;Bucaramanga;Oficina;45;766.24;0.19
TXN-10323;2026/05/09;Neo Systems;Bogotá;Mobiliario;33;1048.67;0.26
TXN-10324;2025/07/29;Global Trade;Medellín;Software;8;763.71;0.12
TXN-10325;2026/09/19;Tech Corp;Medellín;Software;79;298.94;0.2
TXN-10326;2026/12/20;Global Trade;Bogotá;Oficina;16;1364.23;0.21
TXN-10327;04-02-2025;EduCorp;Medellin;Mobilia;78;1416.14;0.15
TXN-10328;2024/10/06;Edu Corp;Barranquilla;Software;63;502.7;0.16
TXN-10329;2026/03/08;Edu Corp;Bogotá;Software;79;376.93;0.0
TXN-10330;2025/02/15;Edu Corp;Cali;Software;60;530.75;0.3
TXN-10331;2024/11/27;Edu Corp;Cali;Electrónica;54;325.97;0.03
TXN-10332;18-03-2024;Eko Group;Barranqilla;Servicios;85;1233,7;0.11
TXN-10333;2026/06/22;Acme SAS;Bogotá;Electrónica;36;631.57;0.08
TXN-10334;2024/03/10;Global Trade;Cali;Oficina;51;1294.38;0.05
TXN-10335;2024/09/07;Acme SAS;Bucaramanga;Mobiliario;31;26.95;0.24
TXN-10336;2025/05/30;Edu Corp;Medellín;Mobiliario;17;373.37;0.01
TXN-10337;2025/06/07;Bio Health;Medellín;Electrónica;8;10.09;0.1
TXN-10338;2026/12/07;Bio Health;Barranquilla;Software;3;1215.16;0.04
TXN-10339;2024/04/14;Edu Corp;Medellín;Electrónica;83;181.71;0.24
tx_ 10340;14-04-2024;Eco Group; Bogo-ta;Software;27;1321.05;0.27
TXN-10341;2026/08/18;Eco Group;Bucaramanga;Electrónica;14;480.16;0.12
TXN-10342;2025/12/14;Global Trade;Medellín;Electrónica;87;925.29;0.27
TXN-10343;2026/07/16;Eco Group;Barranquilla;Software;51;1245.99;0.06
TXN-10344;25-03-2024;Eko Group;BGA; Servicios ;51;482,49;0.21
TXN-10345;2026/12/23;Bio Health;Bucaramanga;Software;2;302.39;0.25
TXN-10346;2026/11/06;Bio Health;Bogotá;Mobiliario;63;926.27;0.05
tx_ 10347;09-05-2025;Acme SAS;Medellín;Mobiliario;65;268.17;0.22
TXN-10348;2026/09/25;Acme SAS;Barranquilla;Electrónica;24;948.81;0.01
TXN-10349;2026/01/10;Bio Health;Bogotá;Software;52;511.49;0.07
TXN-10350;2025/01/10;Edu Corp;Medellín;Mobiliario;7;255.28;0.27
TXN-10351;2024/03/16;Global Trade;Medellín;Software;65;879.29;0.29
TXN-10352;2024/11/03;Eco Group;Cali;Electrónica;97;1048.33;0.12
TXN-10353;2024/03/26;Global Trade;Cali;Oficina;14;316.13;0.28
TXN-10354;2025/02/04;Global Trade;Medellín;Electrónica;78;1273.42;0.29
TXN-10355;2026/01/27;Acme SAS;Barranquilla;Mobiliario;19;955.13;0.23
TXN-10356;2025/06/02;Eco Group;Barranquilla;Oficina;4;637.43;0.06
TXN-10357;2025/07/02;Edu Corp;Barranquilla;Software;64;871.53;0.24
TXN-10358;2025/10/30;Acme SAS;Medellín;Electrónica;74;1277.77;0.22
TXN-10359;2024/11/04;Edu Corp;Barranquilla;Oficina;5;480.86;0.28
TXN-10360;2024/03/20;tech corp;Barranquilla;Servicios;19;1367.73;0.02
TXN-10361;2025/12/09;Bio Health;Bucaramanga;Electrónica;78;86.27;0.25
TXN-10362;2026/03/24;Edu Corp;Bucaramanga;Oficina;59;186.2;0.12
TXN-10363;2024/09/06;Tech Corp;Bucaramanga;Servicios;33;741.08;0.25
TXN-10364;2025/11/10;Neo Systems;Bogotá;Mobiliario;82;634.54;0.17
TXN-10365;27-12-2026;tech corp;bogota;Mobiliario;94;1422.06;0.17
TXN-10366;2026/01/09;Eco Group;Bogotá;Mobiliario;70;1453.64;0.07
TXN-10367;2026/05/07;Neo Systems;Bogotá;Electrónica;27;1421.11;0.25
TXN-10368;2026/12/19;Bio Health;Cali;Mobiliario;83;1335.75;0.17
TXN-10369;2024/08/26;Bio Health;Medellín;Mobiliario;66;629.97;0.21
TXN-10370;2026/07/05;Eko Group;Medellín;Mobiliario;43;447,33;0.22
TXN-10371;2026/06/13;Acme SAS;cali;Oficina;2;393.12;0.17
TXN-10372;2024/06/11;Tech Corp;Cali;Software;46;743.54;0.03
TXN-10373;2026/09/09;Global Trade;Cali;Mobiliario;31;585.89;0.25
TXN-10374;2025/12/10;Bio Health;Bogotá;Software;76;1107.4;0.03
TXN-10375;2026/09/06;Global Trade;Bogotá;Mobiliario;37;205.5;0.03
TXN-10376;2024/12/27;Edu Corp;Cali;Software;33;1268.61;0.24
TXN-10377;2025/07/17;Bio Health;Cali;Software;6;1293.75;0.0
TXN-10378;2025/03/07;Edu Corp;Medellín;Servicios;49;246.81;0.07
TXN-10379;2024/12/20;N3o Systems;cali;electronica;54;95.66;0.11
TXN-10380;2024/08/11;N3o Systems;Bogotá;Oficina;66;961.11;0.03
TXN-10381;2025/05/12;Neo Systems;Bogotá;Electrónica;80;1454.89;0.21
TXN-10382;2024/11/18;Bio Health;Cali;Oficina;81;494.74;0.18
TXN-10383;2024/02/28;Neo Systems;Bogotá;Servicios;20;278.45;0.09
TXN-10384;2024/09/02;Acme SAS;Medellín;Servicios;31;1287.18;0.14
TXN-10385;2026/03/25;Bio Health;Medellín;Mobiliario;7;696.17;0.14
TXN-10386;2025/07/21;Global Trade;Bogotá;Electrónica;93;1365.44;0.29
TXN-10387;2025/02/21;Edu Corp;Cali;Servicios;47;724.19;0.02
TXN-10388;2026/02/24;Acme SAS;Bucaramanga;Oficina;97;504.18;0.19
TXN-10389;2024/02/17;Neo Systems;Cali;Oficina;89;54.91;0.07
TXN-10390;2024/10/18;Bio Health;Cali;Mobiliario;21;89.63;0.27
TXN-10391;2026/01/07;Bio-Health;Bogotá;Sftware;15;1366,44;0.01
TXN-10392;2026/06/18;Neo Systems;Barranquilla;Electrónica;91;704.8;0.28
TXN-10393;2024/07/10;Neo Systems;Barranquilla;Servicios;100;239.82;0.2
TXN-10394;2025/04/03;Eco Group;Bucaramanga;Software;46;1413.18;0.28
TXN-10395;2024/09/08;Tech Corp;Medellín;Electrónica;13;1468.52;0.06
TXN-10396;2025/05/03;Neo Systems;Bucaramanga;Electrónica;7;647.82;0.03
TXN-10397;2025/05/13;Neo Systems;Bogotá;Mobiliario;62;443.79;0.08
TXN-10398;2025/03/08;Neo Systems;Medellín;Oficina;84;1077.11;0.24
TXN-10399;2024/02/03;Edu Corp;Barranquilla;Electrónica;72;568.1;0.18
TXN-10400;06-11-2024;tech corp;Cali;Oficin ;-29;1180.58;0.16
TXN-10401;2025/05/13;Eko Group;medeLLin;Oficin ;46;1410,78;0.3
TXN-10402;2024/03/11;Tech Corp;Bogotá;Software;30;35.01;0.06
TXN-10403;2024/02/10;Edu Corp;Medellín;Mobiliario;62;676.12;0.17
TXN-10404;10-09-2026;Bio Health;BGA; Servicios ;92;1438.86;0.29
TXN-10405;2024/05/16;Edu Corp;Cali;Servicios;85;657.81;0.22
TXN-10406;2026/01/20;Eco Group;Barranquilla;Electrónica;65;174.1;0.08
TXN-10407;2025/06/08;Edu Corp;Barranquilla;Mobiliario;55;1161.07;0.04
TXN-10408;2024/07/19;Eco Group;Bucaramanga;Servicios;49;1318.33;0.28
TXN-10409;2026/06/04;Tech Corp;Cali;Oficina;68;144.92;0.0
TXN-10410;18-11-2025;N3o Systems;Bogotá;Mobilia;61;1498.56;N/A
TXN-10411;2026/08/26;Tech Corp;Bucaramanga;Servicios;82;61.55;0.22
TXN-10412;2026/12/26;Global Trade;Bucaramanga;Mobiliario;61;992.19;0.02
TXN-10413;2026/03/23;Eco Group;Barranquilla;Oficina;67;1494.46;0.15
TXN-10414;2025/12/12;Neo Systems;Bogotá;Mobiliario;81;977.91;0.06
TXN-10415;2025/09/09;Neo Systems;Medellín;Servicios;88;820.6;0.27
TXN-10416;31-07-2024;N3o Systems;Medellín;Sftware;70;810.32;N/A
TXN-10417;2024/07/09;Bio Health;Barranquilla;Mobiliario;28;638.51;0.3
TXN-10418;2024/11/12;Tech Corp;Bogotá;Oficina;57;386.3;0.25
tx_ 10419;06-02-2024;Acme sas ;Medellin;Electrónica;79;791,26;0.04
TXN-10420;2026/07/15;Edu Corp;Bogotá;Mobiliario;28;682.64;0.01
TXN-10421;2026/08/09;Edu Corp;Medellín;Software;78;37.8;0.03
TXN-10422;;Tech Corp;BGA;Software;75;507.37;0.01
TXN-10423;2026/06/24;Eco Group;Cali;Mobiliario;28;33.92;0.28
TXN-10424;2025/04/04;Acme SAS;Bucaramanga;Mobiliario;98;1074.3;0.04
TXN-10425;2026/11/12;Tech Corp;Cali;Electrónica;12;1187.29;0.0
TXN-10426;2026/10/31;Tech Corp;Medellín;Mobiliario;12;1127.94;0.2
TXN-10427;26-01-2026;Eco Group;Bogota ;Electrónica;61;1448.07;0.26
TXN-10428;2026/11/22;Bio Health;Medellín;Servicios;50;1374.65;0.0
TXN-10429;2025/01/22;Global Trade;Bucaramanga;Servicios;52;970.27;0.05
TXN-10430;2024/03/20;Eco Group;Cali;Servicios;74;841.58;0.14
TXN-10431;2024/05/27;Eco Group;Bucaramanga;Servicios;70;703.52;0.04
TXN-10432;2026/08/31;Tech Corp; Bogo-ta;electronica;5;36,03;0.3
TXN-10433;2025/09/04;Global Trade;Barranquilla;Electrónica;12;291.67;0.19
TXN-10434;2026/04/04;Tech Corp;Bogotá;Electrónica;80;1374.41;0.16
TXN-10435;2025/12/05;Neo Systems;Cali;Mobiliario;70;212.24;0.09
TXN-10436;2024/06/16;Acme SAS;Cali;Software;62;865.78;0.29
TXN-10437;2025/10/06;Edu Corp;Cali;Servicios;79;1423.94;0.17
TXN-10438;2025/11/27;Tech Corp;Barranquilla;Servicios;93;1092.97;0.18
TXN-10439;2026/10/20;Bio Health;Bucaramanga;Software;70;235.88;0.1
TXN-10440;2025/10/29;Edu Corp;Medellín;Electrónica;28;623.18;0.0
TXN-10441;2025/07/25;Edu Corp;Medellín;Mobiliario;65;540.42;0.06
TXN-10442;2024/12/24;Bio Health;Barranquilla;Servicios;70;157.04;0.03
TXN-10443;2025/08/01;Neo Systems;Medellín;Mobiliario;37;1275.82;0.13
TXN-10444;2025/01/10;Edu Corp;Medellín;Electrónica;74;863.43;0.12
TXN-10445;2026/06/16;Eco Group;Bucaramanga;Software;6;168.29;0.01
TXN-10446;2026/07/24;Eco Group;Medellín;Electrónica;52;743.88;0.1
TXN-10447;2024/11/19;Global Trade;Bogotá;Electrónica;65;139.35;0.17
TXN-10448;2026/06/27;Global Trade;Bogotá;Software;82;187.43;0.16
TXN-10449;22-02-2026;Bio-Health;cali;Software;6;1105.03;0.12
TXN-10450;2024/11/15;Edu Corp;Bucaramanga;Mobiliario;98;1265.88;0.05
TXN-10451;2025/10/18;Eco Group;Bogotá;Electrónica;52;433.25;0.24
TXN-10452;2025/12/17;Bio Health;Bucaramanga;Oficina;17;642.26;0.23
TXN-10453;2024/04/24;Acme SAS;Bucaramanga;Oficina;58;837.31;0.15
TXN-10454;2025/08/21;Bio Health;Bucaramanga;Oficina;14;916.87;0.24
tx_ 10455;25-11-2024;tech corp;bogota;Electrónica;12;800.24;0.23
TXN-10456;2024/02/16;Tech Corp;Medellín;Oficina;20;186.05;0.19
TXN-10457;2025/07/17;Tech Corp;Bucaramanga;Oficina;38;315.21;0.23
tx_ 10458;2025/09/21;Acme SAS;Cali;Mobilia;28;1273.35;0.07
TXN-10459;2024/01/06;Bio Health;cali;Sftware;7;1209.11;N/A
tx_ 10460;2025/09/29;Global Trade; Bogo-ta;Sftware;14;1208.66;0.21
TXN-10461;;Neo Systems;medeLLin;Mobiliario;96;1321.63;0.29
TXN-10462;2024/03/17;Neo Systems;Medellín;Servicios;87;401.46;0.06
TXN-10463;2026/12/04;Eco Group;Medellín;Electrónica;65;1179.48;0.13
TXN-10464;2026/05/08;Bio Health;Bucaramanga;Servicios;32;643.07;0.06
TXN-10465;2025/10/17;Edu Corp;Bucaramanga;Oficina;9;187.38;0.29
TXN-10466;2026/05/30;Global Trade;Cali;Mobiliario;38;72.65;0.11
TXN-10467;2026/10/24;Bio Health;Bogotá;Electrónica;16;1223.75;0.18
TXN-10468;2026/04/19;Tech Corp;Medellín;Oficina;3;680.53;0.29
TXN-10469;2024/11/24;Acme SAS;Bogotá;Oficina;73;1198.85;0.27
TXN-10470;2024/06/08;Bio Health;Cali;Servicios;96;1079.23;0.0
TXN-10471;2026/05/20;Acme SAS;Barranquilla;Servicios;56;897.04;0.21
TXN-10472;2025/10/14;Bio Health;Barranquilla;Software;2;813.35;0.3
TXN-10473;2026/11/29;Eco Group;Medellín;Servicios;27;149.2;0.02
TXN-10474;2025/01/24;Tech Corp;Bucaramanga;Oficina;2;154.41;0.18
TXN-10475;2026/03/15;Tech Corp;Barranquilla;Servicios;19;601.28;0.16
TXN-10476;2026/09/29;Bio Health;Cali;Electrónica;81;618.31;0.06
TXN-10477;2025/02/06;Tech Corp;Bucaramanga;Oficina;36;1260.22;0.1
TXN-10478;2025/07/10;Edu Corp;Cali;Software;49;511.07;0.02
TXN-10479;2024/04/30;Eco Group;Bucaramanga;Oficina;89;1147.06;0.24
TXN-10480;2024/11/20;Acme SAS;Cali;Mobiliario;7;432.63;0.13
TXN-10481;2026/08/28;Neo Systems;Medellín;Electrónica;40;1209.66;0.06
TXN-10482;2026/01/12;Neo Systems;Medellín;Oficina;60;312.94;0.18
TXN-10483;2026/09/10;Neo Systems;Cali;Mobiliario;7;670.33;0.19
TXN-10484;2025/05/15;Edu Corp;Medellín;Mobiliario;25;960.04;0.16
TXN-10485;2024/10/06;Eco Group;Cali;Electrónica;94;113.12;0.2
TXN-10486;2024/02/27;Global Trade;Barranquilla;Oficina;1;1466.42;0.13
TXN-10487;2024/09/05;Tech Corp;Cali;Software;20;1457.47;0.04
TXN-10488;2025/01/24;Acme sas ;medeLLin;Electrónica;80;1207.46;0.04
TXN-10489;2026/05/21;Neo Systems;Cali;Oficina;19;161.52;0.02
tx_ 10490;;Edu Corp;Barranqilla; Servicios ;12;856.59;0.13
TXN-10491;2025/06/03;Eco Group;Barranquilla;Servicios;45;1043.54;0.02
TXN-10492;2024/09/04;Eco Group;Cali;Mobiliario;97;500.9;0.07
tx_ 10493;;EduCorp;Cali;Mobiliario;55;1480.28;0.28
TXN-10494;2026/03/20;Global Trade;Cali;Servicios;46;220.11;0.14
TXN-10495;2025/04/01;Neo Systems;Bogotá;Electrónica;16;1077.49;0.08
TXN-10496;2025/11/12;Neo Systems;Cali;Oficina;30;601.96;0.16
TXN-10497;2026/05/23;Eco Group;Barranquilla;Electrónica;57;775.86;0.02
TXN-10498;2025/04/20;Bio Health;Bogotá;Oficina;15;721.5;0.1
TXN-10499;2026/01/02;Bio Health;Bucaramanga;Oficina;98;1345.19;0.05
tx_ 10500;; Global trade;Medellín;electronica;93;690.38;0.08
TXN-10501;2025/07/02;Eco Group;Medellín;Oficina;81;833.05;0.14
TXN-10502;2026/08/16;Tech Corp;Bucaramanga;Oficina;55;1437.52;0.13
TXN-10503;2025/02/11;Global Trade;Cali;Servicios;82;1210.66;0.05
TXN-10504;2025/12/04;Global Trade;Cali;Electrónica;9;21.61;0.2
TXN-10505;2024/12/15;Edu Corp;Barranquilla;Electrónica;41;1483.4;0.13
TXN-10506;2026/09/21;Acme SAS;Bogotá;Mobiliario;41;439.28;0.24
TXN-10507;30-10-2024;Global Trade; Bogo-ta;Software;-79;364,03;N/A
TXN-10508;2025/07/01;Neo Systems;Barranqilla;Software;-27;794.09;0.13
TXN-10509;2024/07/28;Eco Group;Bogotá;Oficina;85;857.04;0.05
TXN-10510;2025/12/10;Tech Corp;medeLLin;Servicios;-84;669.7;0.2
TXN-10511;2026/01/20;Neo Systems;Bogotá;Electrónica;83;1447.52;0.22
TXN-10512;2024/03/06;Global Trade;Bogotá;Mobiliario;53;561.63;0.21
TXN-10513;2025/09/23;Tech Corp;Bogotá;Oficina;72;1439.17;0.06
TXN-10514;2024/10/30;Acme SAS;Barranquilla;Electrónica;58;509.76;0.15
TXN-10515;2024/02/20;Eco Group;Bogotá;Mobiliario;52;488.41;0.04
TXN-10516;2024/01/07;Acme SAS;Bogotá;Electrónica;12;550.84;0.08
TXN-10517;2025/01/15;Tech Corp;cali;Mobilia;90;366.43;0.09
TXN-10518;2024/03/23;Bio Health;Bogotá;Servicios;54;533.17;0.23
TXN-10519;2026/03/13;Bio Health;Bogotá;Electrónica;8;1418.33;0.25
TXN-10520;2026/02/27;Acme SAS;Bogotá;Electrónica;75;622.81;0.04
TXN-10521;2025/07/06;Acme SAS;Cali;Software;17;1041.23;0.08
TXN-10522;2026/10/14;Bio Health;Cali;Oficina;90;1320.87;0.17
TXN-10523;2024/11/02;Edu Corp;Bogotá;Electrónica;30;179.92;0.21
TXN-10524;2025/12/11;Bio Health;Medellín;Mobiliario;44;1354.83;0.21
TXN-10525;2026/10/28;Neo Systems;Barranquilla;Mobiliario;67;1316.23;0.12
TXN-10526;2025/05/04;Eco Group;Bogotá;Oficina;26;29.18;0.22
tx_ 10527;2025/01/17;Neo Systems;Medellín;Sftware;96;557,2;0.08
TXN-10528;2025/10/23;Eco Group;Bogotá;Servicios;34;938.07;0.12
TXN-10529;2026/06/07;Tech Corp;Bogotá;Mobiliario;99;153.49;0.06
TXN-10530;2024/10/11;Eco Group;Barranquilla;Servicios;19;866.17;0.2
TXN-10531;2026/11/16;Bio Health;Barranquilla;Mobiliario;43;626.51;0.21
TXN-10532;2024/05/14;Global Trade;Cali;Oficina;81;1449.52;0.02
TXN-10533;2026/09/17;Tech Corp;Bogotá;Oficina;35;159.71;0.27
TXN-10534;2024/06/30;Bio-Health;Bogotá;Mobilia;47;523.0;0.13
TXN-10535;2025/07/26;Tech Corp;Bogotá;Mobiliario;38;120.82;0.16
TXN-10536;05-09-2025;Acme SAS;Barranquilla;Servicios;-6;331.24;0.1
tx_ 10537;2025/05/05;Acme SAS;Cali;Sftware;54;855,14;0.22
TXN-10538;2024/07/23;Bio Health;Barranquilla;Software;35;711.84;0.29
TXN-10539;2026/04/28;Eco Group;Bogotá;Servicios;85;1049.38;0.05
TXN-10540;2025/01/08;Bio Health;Barranquilla;Software;54;1237.37;0.08
TXN-10541;2024/04/22;Acme sas ;Bucaramanga;Electrónica;26;1135.13;0.17
TXN-10542;2026/03/04;Neo Systems;Cali;Servicios;88;1048.24;0.08
TXN-10543;;Acme sas ;Bogota ;Servicios;24;1196.3;0.13
TXN-10544;2025/02/25;Edu Corp;Bucaramanga;Software;3;1399.03;0.18
TXN-10545;2026/05/28;Neo Systems;Bucaramanga;Mobiliario;51;1132.88;0.05
TXN-10546;2026/09/10;Bio Health;Medellín;Software;82;1380.04;0.1
TXN-10547;2026/10/05;Neo Systems;Bogotá;Mobiliario;54;1450.45;0.29
tx_ 10548;01-03-2025;Eko Group;medeLLin;Electrónica;68;241,96;0.14
TXN-10549;2025/11/20;Bio Health;Medellín;Electrónica;36;180.34;0.13
TXN-10550;2026/04/04;Neo Systems;Medellín;Software;95;1004.81;0.08
TXN-10551;2026/03/27;Tech Corp;Bogotá;Oficina;33;1358.74;0.24
TXN-10552;2024/08/23;Tech Corp;Barranquilla;Electrónica;34;958.0;0.26
TXN-10553;2025/03/28;Acme SAS;Bucaramanga;Mobiliario;39;262.69;0.26
TXN-10554;2026/05/20;Neo Systems;Bogotá;Oficina;60;370.75;0.1
TXN-10555;2024/04/17;Tech Corp;Bucaramanga;Oficina;29;966.04;0.17
TXN-10556;2024/05/08;Acme SAS;Bogotá;Servicios;62;1071.32;0.27
TXN-10557;2024/08/26;Neo Systems;Bucaramanga;Servicios;87;897.79;0.22
TXN-10558;2026/08/18;Global Trade;Medellín;Mobiliario;13;971.64;0.21
tx_ 10559;;N3o Systems;Bucaramanga;Mobilia;9;668,79;0.1
TXN-10560;2024/04/22;Global Trade;Bogotá;Software;2;742.94;0.03
tx_ 10561;08-12-2025;Edu Corp;Bogota ;Sftware;78;460.73;N/A
TXN-10562;;Acme sas ;Barranqilla;electronica;13;621.8;N/A
TXN-10563;2026/11/07;Neo Systems;Medellín;Sftware;40;258,62;0.11
TXN-10564;2024/06/08;Acme SAS;Barranquilla;Software;78;490.93;0.04
TXN-10565;2026/10/13;Bio Health;Bogotá;Software;26;351.46;0.02
tx_ 10566;13-07-2025;Tech Corp;Cali;Mobiliario;61;461.29;0.18
TXN-10567;2026/01/27;Eco Group;Bucaramanga;Servicios;62;218.2;0.14
TXN-10568;24-12-2026;Neo Systems; Bogo-ta;Servicios;47;797.51;0.08
TXN-10569;2024/02/08;Tech Corp;Bucaramanga;Mobiliario;45;466.89;0.11
TXN-10570;2024/07/02;Edu Corp;Bucaramanga;Servicios;87;609.06;0.29
TXN-10571;2026/12/06;Tech Corp;Cali;Software;90;1224.5;0.27
TXN-10572;2024/06/04;Eco Group;Medellín;Oficin ;8;1314.84;0.18
tx_ 10573;2025/10/08; Global trade;Bogota ;Electrónica;18;1410.04;0.03
TXN-10574;2024/04/24;Bio Health;Bogotá;Servicios;22;1022.46;0.04
TXN-10575;2024/03/19;Eco Group;Barranquilla;Electrónica;77;586.34;0.09
TXN-10576;2025/07/20;Neo Systems;Bogotá;Mobiliario;71;227.03;0.23
TXN-10577;2026/02/20;Bio Health;Bucaramanga;Mobiliario;66;1326.51;0.08
TXN-10578;2025/09/05;Neo Systems;Cali;Oficina;56;1225.52;0.14
tx_ 10579;2026/03/05;Global Trade;Barranquilla;Servicios;88;580.15;0.28
TXN-10580;2025/01/25;Acme SAS;Bogotá;Mobiliario;35;938.7;0.19
TXN-10581;2025/10/08;Neo Systems;Barranquilla;Servicios;4;1091.04;0.21
TXN-10582;14-08-2025;Acme SAS;Medellin;Mobiliario;-74;1146.74;0.05
TXN-10583;2024/08/21;Global Trade;Barranquilla;Oficina;44;41.75;0.2
TXN-10584;2025/12/26;Edu Corp;Bogotá;Mobiliario;18;867.73;0.11
TXN-10585;2024/02/06;Tech Corp;Bucaramanga;Electrónica;81;911.21;0.29
TXN-10586;2024/09/11;Acme SAS;Barranquilla;Electrónica;87;1191.95;0.1
TXN-10587;2025/05/20;Bio Health; Bogo-ta;Oficin ;87;995.95;0.15
TXN-10588;2026/01/20;Neo Systems;Barranquilla;Mobiliario;71;294.27;0.22
TXN-10589;2026/06/07;Tech Corp;Barranquilla;Oficina;100;419.88;0.17
TXN-10590;2024/06/28;Edu Corp;Bogotá;Servicios;94;885.05;0.11
TXN-10591;25-02-2026;tech corp;cali;Servicios;53;199.56;0.12
TXN-10592;2024/08/27;Bio Health;Barranquilla;Electrónica;7;824.01;0.03
TXN-10593;2024/12/11;tech corp;Medellin;Mobiliario;33;418,43;0.18
TXN-10594;2025/02/15;Acme SAS;Bogotá;Electrónica;50;583.16;0.12
TXN-10595;2025/01/22;Acme SAS;Medellín;Software;3;460.38;0.05
tx_ 10596;2025/05/07;Eko Group;Medellin;electronica;48;70.76;0.14
TXN-10597;2025/10/09;Tech Corp;Bucaramanga;Electrónica;9;1435.15;0.14
TXN-10598;2026/03/08;Bio Health;Bogotá;Mobiliario;13;358.63;0.19
TXN-10599;2024/06/04;Bio Health;Bucaramanga;Oficina;38;304.54;0.09
TXN-10600;2025/11/14;Neo Systems;Barranquilla;Oficina;83;131.55;0.28
TXN-10601;2026/10/09;Bio Health;Medellín;Electrónica;55;399.79;0.24
TXN-10602;2025/07/02;Global Trade;Bogotá;Electrónica;25;117.75;0.25
TXN-10603;2026/06/04;Tech Corp;Cali;Electrónica;67;506.52;0.18
TXN-10604;2024/10/09;Eco Group;Bucaramanga;Servicios;20;683.38;0.06
TXN-10605;2026/03/03;Eco Group;Medellín;Mobiliario;39;1250.8;0.14
TXN-10606;2024/11/11;Edu Corp;Barranquilla;Electrónica;76;229.23;0.12
TXN-10607;2025/05/20;Eco Group;Medellín;Electrónica;64;976.73;0.19
TXN-10608;2026/01/28;Edu Corp;Bucaramanga;Electrónica;57;1449.73;0.25
TXN-10609;2025/10/13;Acme SAS;Barranquilla;Oficina;7;154.29;0.09
TXN-10610;2025/01/12;Eco Group;Bucaramanga;Servicios;17;1151.43;0.22
TXN-10611;2025/03/30;Global Trade;Medellín;Software;72;1301.11;0.23
TXN-10612;2024/12/14;Tech Corp;Bucaramanga;Electrónica;37;1107.58;0.29
TXN-10613;2025/11/17;Bio Health;Bucaramanga;Software;82;820.81;0.16
TXN-10614;2025/01/02;Edu Corp;Bogotá;Servicios;6;1057.75;0.24
TXN-10615;2025/01/14;Edu Corp;Bogotá;Software;54;344.56;0.28
TXN-10616;2025/02/10;Eco Group;Cali;Mobiliario;20;996.75;0.26
TXN-10617;2024/03/22;Tech Corp;Bogotá;Electrónica;40;1272.35;0.13
TXN-10618;2026/10/13;Tech Corp;Bucaramanga;Electrónica;25;580.12;0.01
TXN-10619;2025/06/29;Eco Group;Barranquilla;Electrónica;72;813.65;0.09
TXN-10620;;Eko Group;Medellin;Software;31;262.96;0.01
TXN-10621;2025/11/01;Acme SAS;Bucaramanga;Electrónica;29;265.2;0.05
TXN-10622;2025/08/08;Neo Systems;Medellín;Electrónica;91;433.27;0.04
TXN-10623;2024/08/25;Bio Health;Bucaramanga;Oficina;35;1198.09;0.01
TXN-10624;01-01-2024;Acme sas ;Bucaramanga;Mobilia;39;688,47;0.18
TXN-10625;2025/05/19;Edu Corp;Bucaramanga;Oficina;89;1155.69;0.06
TXN-10626;2026/11/06;Global Trade;Bogotá;Servicios;82;624.39;0.03
TXN-10627;2026/06/23;Bio-Health;Cali;Mobilia;46;862.27;0.2
TXN-10628;2026/01/13;Bio Health;Bogotá;Software;47;580.8;0.1
TXN-10629;2026/02/18;Edu Corp;Barranquilla;Servicios;83;60.84;0.13
TXN-10630;2025/08/20;Global Trade;Bucaramanga;Oficina;10;527.18;0.08
TXN-10631;2025/04/14;Global Trade;Bucaramanga;Servicios;100;527.13;0.17
TXN-10632;2024/03/26;Acme SAS;Cali;Servicios;65;390.88;0.09
TXN-10633;2026/07/25;Neo Systems;Bucaramanga;Servicios;39;772.54;0.24
TXN-10634;2025/01/21;EduCorp;medeLLin;Oficin ;22;1290.38;0.04
TXN-10635;11-04-2024;Eco Group;Medellin; Servicios ;64;273.45;N/A
TXN-10636;2025/08/06;Bio Health;Bucaramanga;Oficina;73;735.23;0.16
TXN-10637;2024/07/09;Neo Systems;Medellín;Servicios;5;693.54;0.1
TXN-10638;2025/08/26;Neo Systems;Barranquilla;Mobiliario;21;1182.65;0.0
TXN-10639;2026/03/02;Tech Corp;Bucaramanga;Oficina;15;1171.17;0.21
TXN-10640;2025/12/13;Edu Corp;Cali;Mobiliario;18;194.2;0.21
TXN-10641;2024/09/15;Acme SAS;Bogotá;Electrónica;15;1004.26;0.06
TXN-10642;2024/11/30;Acme SAS;Medellín;Servicios;88;1409.46;0.23
TXN-10643;2026/01/16;Tech Corp;Bogotá;Oficina;82;1499.67;0.14
TXN-10644;2026/04/29;Global Trade;Barranquilla;Servicios;83;751.56;0.26
TXN-10645;2024/06/12;Bio Health;Bogotá;Oficina;64;1297.07;0.18
TXN-10646;2026/06/27;Bio Health;Medellín;Software;9;827.89;0.09
TXN-10647;2026/08/30;Acme SAS;Barranquilla;Oficina;38;356.11;0.19
TXN-10648;2024/04/05;Neo Systems;Bogotá;Oficina;94;965.84;0.09
TXN-10649;2025/06/10;Bio Health;Bucaramanga;Mobiliario;47;610.67;0.04
TXN-10650;2025/09/12;Eco Group;medeLLin;Oficina;87;318,09;0.25
TXN-10651;2024/05/18;Edu Corp;Cali;Electrónica;89;1270.06;0.03
TXN-10652;2025/08/27;Bio Health;Medellín;Mobiliario;70;1312.73;0.14
TXN-10653;2024/03/29;Tech Corp;Medellín;Software;12;1296.36;0.01
TXN-10654;2026/12/11;Acme SAS;Medellín;Electrónica;65;1329.93;0.26
TXN-10655;2024/10/30;Edu Corp;Bogotá;Oficina;6;601.25;0.29
tx_ 10656;2024/12/28;Neo Systems;Bucaramanga; Servicios ;46;458.38;0.1
TXN-10657;2025/10/13;Acme SAS;Barranquilla;Electrónica;33;1412.86;0.29
TXN-10658;2024/10/12;Acme SAS;Bogotá;Software;64;1375.78;0.06
TXN-10659;2026/08/13;Tech Corp;Bucaramanga;Mobiliario;58;147.08;0.07
TXN-10660;2024/02/29;Global Trade;Barranquilla;Servicios;97;1266.88;0.23
TXN-10661;2024/01/11;Acme SAS;Barranquilla;Electrónica;34;1002.22;0.07
TXN-10662;2024/04/08;Edu Corp;Bogotá;Mobiliario;89;87.25;0.13
TXN-10663;2026/07/26;Acme SAS;Barranquilla;Mobiliario;81;1046.13;0.05
TXN-10664;24-07-2025;Tech Corp;cali;Mobiliario;73;1445.62;0.07
TXN-10665;2026/02/28;Neo Systems;Cali;Software;2;519.74;0.15
TXN-10666;2025/01/05;Global Trade;Cali;Servicios;50;1003.42;0.18
TXN-10667;2024/07/29;Neo Systems;Medellín;Servicios;65;1396.95;0.08
TXN-10668;2024/10/02;EduCorp;Barranqilla;Oficina;53;346.38;0.22
TXN-10669;2026/05/20;Edu Corp;Bucaramanga;Servicios;23;1341.31;0.15
TXN-10670;2024/12/14;Eco Group;Medellín;Electrónica;44;627.42;0.02
TXN-10671;2026/10/25;Eco Group;Bogotá;Oficina;59;310.61;0.15
TXN-10672;2026/02/27;Bio Health;Medellín;Software;57;1061.97;0.19
TXN-10673;2025/09/09;Bio Health;Medellín;Electrónica;66;1428.89;0.06
TXN-10674;;tech corp;Bogotá;Sftware;16;90.52;0.1
TXN-10675;2026/10/03;Edu Corp;Cali;Servicios;69;917.49;0.21
TXN-10676;2026/06/28;Edu Corp;Barranquilla;Oficina;52;166.33;0.21
TXN-10677;2026/09/19;Edu Corp;Bogotá;Oficina;22;663.93;0.01
TXN-10678;2024/11/19;Tech Corp;Bogotá;Servicios;14;953.46;0.14
TXN-10679;2024/12/07;Global Trade;Barranquilla;Software;36;1432.17;0.05
TXN-10680;2024/06/10;tech corp;cali;Mobilia;42;1348.61;0.02
TXN-10681;2026/12/16;Tech Corp;Medellín;Servicios;13;924.77;0.22
TXN-10682;2026/11/11;Acme SAS;Bucaramanga;Oficina;85;144.61;0.05
TXN-10683;2025/09/18;Edu Corp;Cali;Mobiliario;37;240.72;0.09
TXN-10684;2026/04/10;Edu Corp;Medellín;Oficina;62;818.72;0.06
TXN-10685;2024/10/07;Tech Corp;Bogotá;Mobiliario;27;824.21;0.16
TXN-10686;2024/09/20;Global Trade;Cali;Oficina;100;534.02;0.1
TXN-10687;2024/09/15;Tech Corp;Bogotá;Oficina;38;1291.65;0.22
tx_ 10688;2025/04/25;Eko Group;Medellin;Mobilia;60;76,22;0.02
TXN-10689;2026/02/24;Tech Corp;Barranquilla;Software;96;310.22;0.03
TXN-10690;2024/03/29;Global Trade;Barranquilla;Mobiliario;48;628.83;0.06
TXN-10691;2025/03/05;Acme SAS;Barranquilla;Mobiliario;18;1239.89;0.27
TXN-10692;2024/12/26;Acme SAS;Barranquilla;Electrónica;58;164.15;0.27
TXN-10693;2026/07/31;Tech Corp;BGA;Servicios;53;563.92;0.23
TXN-10694;2025/08/30;Tech Corp;Barranquilla;Oficina;32;238.85;0.13
TXN-10695;2026/05/03;Tech Corp;Medellín;Electrónica;20;216.63;0.02
TXN-10696;2024/09/05;Tech Corp;Medellín;Electrónica;60;1421.1;0.0
TXN-10697;2025/04/20;Neo Systems;Bucaramanga;Mobiliario;54;530.61;0.24
TXN-10698;2025/02/14;Global Trade;Barranquilla;Servicios;57;122.29;0.23
TXN-10699;20-06-2026;Tech Corp;Barranqilla;electronica;80;1089.87;0.28
TXN-10700;2025/05/03;Bio Health;Medellín;Electrónica;64;1210.79;0.12
TXN-10701;2026/01/06;Bio Health;Medellín;Oficina;24;45.39;0.02
TXN-10702;2024/10/26;Eco Group;Bucaramanga;Oficina;38;1022.89;0.28
TXN-10703;2025/04/13;Bio Health;Bucaramanga;Mobiliario;38;479.82;0.21
TXN-10704;2024/05/18;Tech Corp;Bucaramanga;Software;40;260.13;0.12
TXN-10705;2026/01/13;Global Trade;Medellín;Mobiliario;38;1282.25;0.16
TXN-10706;2024/10/28;Bio Health;Bogotá;Servicios;67;939.77;0.01
TXN-10707;2024/04/30;Edu Corp;Cali;Servicios;84;364.97;0.01
TXN-10708;2024/01/09;Edu Corp;Barranquilla;Electrónica;32;1463.79;0.28
TXN-10709;2026/09/25;Acme SAS;Barranquilla;Servicios;67;435.46;0.23
TXN-10710;2026/07/05;Bio Health;Medellín;Mobiliario;72;862.8;0.01
TXN-10711;30-11-2026;Neo Systems;bogota;Software;-21;532.38;0.02
TXN-10712;2025/12/22;Neo Systems;Medellín;Servicios;86;1433.45;0.23
TXN-10713;2024/08/27;Global Trade;Medellín;Oficina;55;101.81;0.19
TXN-10714;2024/01/22;Acme SAS;Medellín;Servicios;66;1251.32;0.03
TXN-10715;2026/04/01;Edu Corp;Medellín;Oficina;12;383.47;0.28
TXN-10716;2024/07/19;Tech Corp;Barranquilla;Oficina;38;1090.25;0.16
TXN-10717;2026/06/23;Bio Health;Medellín;Software;94;721.79;0.19
TXN-10718;2026/10/09;Global Trade;Medellín;Mobiliario;98;1217.32;0.26
TXN-10719;2026/04/27;Tech Corp;Barranquilla;Electrónica;50;304.34;0.17
TXN-10720;2024/03/13;Acme SAS;Cali;Mobiliario;89;349.05;0.14
TXN-10721;2025/06/22;Eco Group;Medellín;Software;45;1209.93;0.09
TXN-10722;2025/04/18;Neo Systems;Bogotá;Mobiliario;92;185.42;0.26
TXN-10723;2024/03/09;Global Trade;Barranquilla;Software;71;65.9;0.17
TXN-10724;2026/11/11;Tech Corp;Bogotá;Software;93;898.82;0.29
TXN-10725;2024/07/12;Neo Systems;Medellín;Electrónica;5;1498.31;0.21
TXN-10726;2025/02/11;Tech Corp;Cali;Mobiliario;42;221.25;0.02
TXN-10727;2025/09/17;Global Trade;Bucaramanga;Mobiliario;11;530.85;0.25
TXN-10728;21-05-2025;N3o Systems;Cali;electronica;58;206,04;0.26
TXN-10729;2026/01/07;Eco Group;Barranquilla;Mobiliario;85;965.85;0.17
TXN-10730;2025/01/07;Global Trade;Medellín;Servicios;27;1062.83;0.15
tx_ 10731;27-10-2024;Eco Group;cali;Mobilia;73;107.49;0.19
TXN-10732;2025/04/24;Bio Health;Cali;Mobiliario;88;646.04;0.25
TXN-10733;2025/05/26;Global Trade;bogota; Servicios ;47;997.78;0.09
TXN-10734;2024/07/02;Edu Corp;Bogotá; Servicios ;21;546,74;0.14
TXN-10735;2025/06/22;Bio Health;Medellín;Mobiliario;83;1491.54;0.01
tx_ 10736;2024/03/24;N3o Systems;Barranqilla;Mobilia;-88;67,74;0.21
TXN-10737;2026/08/09;Edu Corp;Medellín;Oficina;91;488.13;0.05
TXN-10738;2024/08/28;Bio Health;Cali;Software;21;1217.1;0.03
TXN-10739;2024/01/20;Acme SAS;Bogotá;Mobiliario;54;983.58;0.27
TXN-10740;2026/03/10;Neo Systems;Bogotá;Software;69;1053.15;0.13
TXN-10741;2026/07/01;Bio Health;Barranquilla;Oficina;72;945.48;0.14
TXN-10742;2024/12/20;Edu Corp;Barranquilla;Software;32;497.51;0.17
TXN-10743;2025/01/04;Eco Group;Barranquilla;Oficina;3;10.65;0.0
TXN-10744;2025/05/25;Bio Health;Barranquilla;Oficina;65;1099.39;0.1
TXN-10745;2026/11/03;Edu Corp;bogota;Software;73;114.05;0.22
TXN-10746;2025/10/31;Global Trade;Bogotá;Software;94;1005.57;0.21
TXN-10747;2025/08/25;Acme SAS;Bogotá;Electrónica;19;222.34;0.09
tx_ 10748;2026/09/20; Global trade;bogota;Mobiliario;19;598.83;0.14
TXN-10749;2026/12/21;Global Trade;Bogotá;Electrónica;85;893.03;0.23
TXN-10750;2026/12/06;Bio Health;Cali;Software;65;1379.69;0.13
TXN-10751;2024/07/05;Eco Group;Medellín;Mobiliario;51;696.06;0.06
TXN-10752;2026/06/04;Tech Corp;Barranquilla;Oficina;69;1408.66;0.25
TXN-10753;2026/03/17;Edu Corp;Medellín;Mobiliario;27;1161.04;0.05
TXN-10754;2026/11/06;Neo Systems;Medellín;Mobiliario;11;1152.31;0.11
TXN-10755;2025/05/25;Tech Corp;Medellín;Mobiliario;90;258.81;0.15
TXN-10756;2026/05/17;Edu Corp;Medellín;Servicios;6;291.95;0.11
TXN-10757;2025/02/28;Edu Corp;Barranquilla;Oficina;29;815.08;0.14
TXN-10758;2024/08/15;Tech Corp;Cali;Software;68;205.97;0.0
TXN-10759;2026/12/16;Global Trade;Medellín;Electrónica;14;416.89;0.01
TXN-10760;2026/08/03;Edu Corp;Cali;Servicios;47;93.56;0.15
TXN-10761;2025/12/16;Edu Corp;Bucaramanga;Electrónica;87;450.52;0.21
TXN-10762;2025/12/22;Acme SAS;Medellín;Servicios;41;796.99;0.24
TXN-10763;2026/08/08;Global Trade;Cali;Oficina;35;1080.61;0.1
TXN-10764;2026/05/25;Eco Group;Bogotá;Servicios;98;898.73;0.04
TXN-10765;2026/12/28;Acme SAS;Cali;Servicios;72;1189.09;0.03
TXN-10766;2026/03/06;Global Trade;Cali;Servicios;95;1079.37;0.11
TXN-10767;2025/02/18;Acme SAS;Bogota ;Software;66;665.14;0.06
TXN-10768;2025/04/23;Global Trade;Bogotá;Servicios;54;1038.41;0.21
TXN-10769;2024/04/26;Eco Group;Bucaramanga;Oficina;86;1338.31;0.28
TXN-10770;2026/04/23;Bio Health;Cali;Servicios;77;486.68;0.18
TXN-10771;2025/02/15;Neo Systems;Cali;Servicios;72;542.81;0.2
TXN-10772;2024/07/08;Tech Corp;cali;Software;-97;228.79;0.09
TXN-10773;2026/05/10;Global Trade;Cali;Electrónica;74;643.67;0.04
TXN-10774;2024/03/26;Bio Health;Medellín;Oficina;14;971.49;0.16
TXN-10775;2025/09/11;Tech Corp;Cali;Electrónica;14;365.42;0.11
TXN-10776;2024/01/11;Acme SAS;Barranquilla;Servicios;23;1163.52;0.28
TXN-10777;2026/11/15;Acme SAS;Cali;Mobiliario;3;952.83;0.25
TXN-10778;2025/05/26;Eco Group;Bogotá;Oficina;67;1282.91;0.2
TXN-10779;2024/02/07;Eco Group;Bucaramanga;Mobiliario;72;785.95;0.29
TXN-10780;2026/10/31;Acme SAS;Bucaramanga;Software;74;555.14;0.18
TXN-10781;2025/12/01;tech corp;BGA;Servicios;81;842,61;0.02
TXN-10782;2026/05/21;Edu Corp;Bogotá;Software;93;1144.68;0.26
TXN-10783;2024/11/12;Global Trade;Barranquilla;Oficina;44;1327.93;0.06
TXN-10784;2026/10/06;Eco Group;Medellín;Software;94;759.58;0.14
TXN-10785;2025/10/21;Eco Group;Bucaramanga;Software;46;163.59;0.19
TXN-10786;2024/12/30;Global Trade;Bucaramanga;Software;80;910.93;0.18
TXN-10787;2024/03/29;Global Trade;Medellín;Sftware;66;1317.88;0.28
TXN-10788;2024/10/03;Tech Corp;Bogotá;Servicios;65;957.06;0.25
TXN-10789;2024/09/24;Bio Health;Bucaramanga;Electrónica;85;142.8;0.24
TXN-10790;2025/11/13;Tech Corp;Bogotá;Servicios;2;265.82;0.13
TXN-10791;2025/10/25;Bio Health;Bucaramanga;Electrónica;40;502.75;0.2
TXN-10792;2026/01/26;Global Trade;Barranquilla;Electrónica;43;1082.81;0.04
TXN-10793;2025/08/12;Bio Health;Bogotá;Oficina;37;1109.36;0.08
TXN-10794;2026/12/09;Tech Corp;Bucaramanga;Electrónica;41;1332.03;0.22
TXN-10795;2025/08/14;Neo Systems;Cali;Software;87;1095.7;0.03
tx_ 10796;2026/01/28; Global trade;Barranqilla;Software;26;589.37;0.15
TXN-10797;2026/06/17;Eco Group;Barranquilla;Mobiliario;9;859.23;0.16
TXN-10798;2025/12/31;Neo Systems;Bucaramanga;Software;39;1349.65;0.01
TXN-10799;2024/09/11;Global Trade;Cali;Electrónica;19;1279.03;0.15
TXN-10800;2024/04/04;Acme SAS;Medellin;Mobiliario;96;578.88;0.24
TXN-10801;2026/07/31;Neo Systems;Cali;Mobiliario;90;578.53;0.1
TXN-10802;2026/11/16;Tech Corp;Bogotá;Software;20;1065.08;0.02
TXN-10803;2025/04/04;Global Trade;Medellín;Servicios;70;247.03;0.18
TXN-10804;2026/01/21;Global Trade;Bogotá;Mobiliario;77;1120.27;0.09
TXN-10805;2024/07/01;Bio Health;Medellín;Servicios;49;1145.57;0.18
TXN-10806;2025/04/05;Bio Health;Barranquilla;Software;63;1369.41;0.28
tx_ 10807;2025/10/04;Bio Health;Bogota ;Oficina;13;790.23;0.06
TXN-10808;2026/02/28;Acme SAS;Bogotá;Oficina;15;431.91;0.17
TXN-10809;2026/04/16;Global Trade;Cali;Mobiliario;45;945.88;0.13
TXN-10810;2026/09/13;Neo Systems;Medellín;Oficina;3;904.66;0.14
TXN-10811;2024/12/17;Tech Corp;Bucaramanga;Mobiliario;23;1249.09;0.06
TXN-10812;2025/11/20;Tech Corp;Bogotá;Electrónica;82;877.08;0.08
tx_ 10813;2026/11/02;Acme SAS;cali;Mobiliario;99;1113.41;0.17
tx_ 10814;2025/04/07;Eco Group;Cali;Mobilia;81;1152,63;0.2
TXN-10815;2025/12/07;Bio Health;Bucaramanga;Software;42;860.78;0.02
TXN-10816;2026/01/07;Global Trade;Barranquilla;Software;12;1422.23;0.01
TXN-10817;2024/06/14;Global Trade;Bucaramanga;Servicios;50;1315.57;0.22
TXN-10818;2026/04/11;Neo Systems;Bogotá;Mobiliario;54;1029.42;0.15
TXN-10819;2026/10/06; Global trade;medeLLin;Software;8;1086.85;0.27
TXN-10820;2025/08/09;Bio Health;Medellín;Mobiliario;49;1135.07;0.05
TXN-10821;2024/03/01;Global Trade;Cali;Mobiliario;37;96.64;0.2
TXN-10822;2026/07/19;Eco Group;Bucaramanga;Oficina;1;239.69;0.25
TXN-10823;2025/05/31;Global Trade;Bucaramanga;Mobiliario;49;944.78;0.2
TXN-10824;2024/02/26;Edu Corp;Barranquilla;Electrónica;76;77.77;0.17
TXN-10825;2024/06/04;Tech Corp;Bucaramanga;Servicios;3;224.93;0.01
TXN-10826;2026/09/16;Global Trade;Bogotá;Software;71;567.88;0.03
TXN-10827;2024/08/15;Bio Health;Medellín;Electrónica;43;360.17;0.25
TXN-10828;2025/04/04;Bio Health;Cali;Electrónica;6;186.28;0.1
TXN-10829;2026/08/25;Global Trade;Bucaramanga;Mobiliario;8;32.19;0.05
TXN-10830;2024/12/26;Tech Corp;Cali;Electrónica;18;817.29;0.08
TXN-10831;2026/03/03;Neo Systems;Bucaramanga;Mobiliario;51;719.37;0.25
TXN-10832;2025/08/31;Neo Systems;Barranquilla;Mobiliario;79;613.7;0.15
TXN-10833;2025/01/20;Edu Corp;Barranquilla;Oficina;56;965.32;0.27
TXN-10834;2026/01/26;Tech Corp;Bogotá;Servicios;7;668.54;0.26
TXN-10835;2024/05/29;Tech Corp;Bucaramanga;Mobiliario;97;388.8;0.1
TXN-10836;2026/08/01;Bio Health;Bogotá;Servicios;29;71.43;0.25
TXN-10837;2025/06/28;Neo Systems;Barranquilla;Oficina;48;1448.29;0.18
TXN-10838;2026/06/30;Global Trade;Medellín;Mobiliario;59;197.71;0.1
TXN-10839;2026/07/14;Eco Group;Bogotá;Mobiliario;73;1122.0;0.26
TXN-10840;2025/12/28;Edu Corp;Bucaramanga;Mobiliario;25;1172.26;0.19
TXN-10841;25-08-2024;EduCorp;Medellin;Mobiliario;42;91.01;0.18
TXN-10842;2026/12/18;Global Trade;Bucaramanga;Electrónica;95;1062.58;0.03
TXN-10843;2025/05/13;Eco Group;Cali;Software;46;311.69;0.21
TXN-10844;2025/07/25;Acme SAS;Barranquilla;Software;84;80.57;0.25
TXN-10845;2024/11/18;Global Trade;Bogotá;Software;11;1049.62;0.28
TXN-10846;2024/02/06;Eko Group;Cali;Mobilia;17;1100.29;0.06
TXN-10847;2026/12/13;Eco Group;Bogotá;Electrónica;17;201.53;0.06
TXN-10848;2024/01/23;Acme SAS;Bogotá;Software;5;1316.31;0.21
TXN-10849;2024/04/16;Global Trade;Medellín;Oficina;74;1260.93;0.11
TXN-10850;2025/03/08;Eco Group;Medellín;Electrónica;27;486.97;0.24
TXN-10851;2024/08/25;Global Trade;Bucaramanga;Servicios;42;559.25;0.27
TXN-10852;2026/07/01;Eco Group;Barranquilla;Mobiliario;37;1181.64;0.15
TXN-10853;01-01-2025;Neo Systems;medeLLin;electronica;81;1215.45;0.06
TXN-10854;2026/03/10;Global Trade;Medellín;Software;32;354.62;0.18
TXN-10855;2026/12/08;Bio Health;Cali;Software;78;302.36;0.02
TXN-10856;2026/12/06;Tech Corp;Bogotá;Software;74;990.18;0.21
TXN-10857;2025/10/25;Eco Group;Medellín;Oficina;78;1267.93;0.03
TXN-10858;2025/03/30;Global Trade;Bucaramanga;Mobiliario;19;471.53;0.23
TXN-10859;2025/01/08;Tech Corp;Barranquilla;Servicios;8;962.44;0.02
TXN-10860;2024/03/25;Global Trade;Cali;Software;42;750.73;0.19
TXN-10861;2025/02/09;Eco Group;Bogotá;Oficina;32;484.62;0.18
TXN-10862;2026/07/21;Tech Corp;Bogotá;Electrónica;92;1312.64;0.15
TXN-10863;2024/08/31;Tech Corp;Bucaramanga;Software;21;1208.61;0.2
TXN-10864;2024/08/07;Eco Group;Medellín;Software;86;845.07;0.01
TXN-10865;2024/10/30;Bio Health;Barranquilla;Electrónica;43;426.66;0.15
TXN-10866;2024/09/03;Neo Systems;Bogotá;Servicios;50;1193.72;0.24
TXN-10867;2025/10/15;Neo Systems;Medellín;Oficina;85;1134.95;0.14
TXN-10868;2025/10/19;Eko Group;Cali;Oficin ;6;1052,89;0.21
TXN-10869;04-04-2024;Bio Health;Cali;Electrónica;18;360.04;0.14
TXN-10870;2025/09/08;tech corp;cali;Oficina;65;1391.86;0.09
TXN-10871;2026/12/07;Eco Group;Medellín;Electrónica;47;189.22;0.21
TXN-10872;2026/09/25;Eco Group;Medellín;Mobiliario;75;265.58;0.28
TXN-10873;2026/07/30;Acme SAS;Barranquilla;Mobiliario;96;1212.81;0.21
TXN-10874;2026/03/19;Edu Corp;Barranquilla;Oficina;58;580.05;0.09
TXN-10875;2025/10/04;Eco Group;Bogotá;Oficina;59;1011.91;0.13
TXN-10876;2026/11/08;Tech Corp;Bucaramanga;Servicios;40;563.06;0.12
TXN-10877;2025/10/30;Tech Corp;Cali;Mobiliario;52;1183.09;0.12
TXN-10878;2026/12/15;Edu Corp;Cali;Servicios;2;1225.26;0.11
TXN-10879;2026/06/05;Tech Corp;Medellín;Servicios;8;1082.46;0.29
TXN-10880;2026/07/27;Neo Systems;Barranquilla;Electrónica;20;995.34;0.09
TXN-10881;2024/04/12;Acme SAS;Barranquilla;Mobiliario;76;1095.16;0.05
TXN-10882;2024/05/12;Neo Systems;Bogotá;Oficina;7;1405.64;0.02
TXN-10883;2026/12/24;Acme SAS;Cali;Electrónica;14;773.76;0.13
TXN-10884;;Neo Systems;Cali;Software;9;688.38;0.2
tx_ 10885;2026/09/17;Eko Group;Bucaramanga;Oficina;50;124.91;0.18
TXN-10886;2026/09/19;Bio Health;Bogotá;Electrónica;61;514.0;0.21
TXN-10887;2025/03/09;Acme SAS;Medellín;Servicios;28;70.01;0.06
TXN-10888;2024/10/22;Eco Group;Barranquilla;Software;21;712.91;0.2
TXN-10889;2024/09/19;Global Trade;Barranquilla;Software;56;1244.5;0.26
TXN-10890;2026/05/21;Global Trade;Cali;Electrónica;27;1497.69;0.13
TXN-10891;;Tech Corp;medeLLin;Software;56;1143.44;0.2
TXN-10892;2026/11/25;Global Trade;Barranquilla;Software;39;827.17;0.21
TXN-10893;2025/01/22;Bio Health;Bogotá;Servicios;25;338.36;0.07
TXN-10894;2026/05/18;Eco Group;Bogotá;Servicios;90;1205.7;0.11
TXN-10895;2026/11/04;Tech Corp;Cali;Mobiliario;90;291.61;0.01
TXN-10896;2025/03/22;Edu Corp;Bucaramanga;Servicios;23;142.58;0.19
TXN-10897;2026/12/14;Tech Corp;Medellín;Oficina;77;1321.36;0.1
TXN-10898;2026/01/04;Neo Systems;Cali;Electrónica;81;1221.39;0.06
TXN-10899;2024/09/04;Eco Group;Barranquilla;Servicios;28;1127.08;0.16
TXN-10900;2024/07/01;Global Trade;Barranquilla;Mobiliario;8;1277.46;0.06
TXN-10901;2026/12/25;Acme SAS;Bogotá;Servicios;16;178.76;0.3
TXN-10902;2024/03/11;Acme SAS;Bucaramanga;Servicios;92;447.94;0.16
TXN-10903;2026/04/16;Tech Corp;Bogotá;Software;90;11.36;0.13
TXN-10904;2025/01/18;Eco Group;Cali;Oficina;59;1349.62;0.29
TXN-10905;2024/11/18;Eco Group;Bucaramanga;Mobiliario;73;513.89;0.03
TXN-10906;2025/09/07;Edu Corp;Bogotá;Software;32;1086.92;0.08
TXN-10907;2025/12/23;Acme SAS;Medellín;Servicios;44;780.69;0.21
TXN-10908;2026/05/01;Global Trade;Medellín;Software;18;60.1;0.14
TXN-10909;2026/11/12;Edu Corp;Medellín;Electrónica;56;507.41;0.16
TXN-10910;2026/08/20;Eco Group;Cali;Software;84;1450.33;0.23
tx_ 10911;2026/05/11;Global Trade;Medellín;Oficina;99;680.75;0.03
TXN-10912;2026/08/11;tech corp;Bogotá;Mobilia;70;662.08;0.09
TXN-10913;2026/06/12;Neo Systems;Barranquilla;Software;78;775.35;0.26
TXN-10914;2025/08/28;Eco Group;Medellín;Mobiliario;9;1244.58;0.06
TXN-10915;2024/07/28;Bio Health;Barranquilla;Servicios;78;435.15;0.11
TXN-10916;2026/02/28;Bio Health;Bogotá;Servicios;21;162.99;0.03
tx_ 10917;2026/05/25;Neo Systems;Bogota ;electronica;25;1477,54;0.07
TXN-10918;2024/09/15;Bio Health;Barranquilla;Mobiliario;53;668.78;0.05
TXN-10919;2024/05/30;Neo Systems;Bogotá;Mobiliario;44;167.44;0.02
TXN-10920;2024/03/15;Global Trade;Cali;Software;63;315.18;0.19
TXN-10921;2024/06/06;Neo Systems;Barranquilla;Oficina;77;1375.97;0.1
TXN-10922;2025/07/04;Edu Corp;Bogotá;Software;87;1109.38;0.29
TXN-10923;2026/05/31;Edu Corp;Medellín;Oficina;50;912.56;0.18
TXN-10924;2026/10/17;Bio Health;Cali;Servicios;19;554.62;0.26
TXN-10925;2024/12/08;Edu Corp;Barranqilla;Software;16;438.79;0.22
TXN-10926;2025/11/17;Bio Health;Bucaramanga;Electrónica;52;1103.13;0.02
TXN-10927;2024/08/25;Bio Health;Bucaramanga;Oficina;71;1376.45;0.29
TXN-10928;2025/07/29;Eco Group;Medellín;Oficina;12;21.83;0.26
TXN-10929;2024/12/14;Acme SAS;Barranquilla;Electrónica;37;685.37;0.27
TXN-10930;2026/05/31;Acme SAS;Bucaramanga;Oficina;79;298.75;0.09
TXN-10931;2026/04/01;Bio Health;Cali;Electrónica;65;1339.1;0.25
TXN-10932;2025/05/16;Bio Health;Cali;Software;5;1182.33;0.25
TXN-10933;2025/04/29;Neo Systems;Bucaramanga;Servicios;15;989.3;0.14
TXN-10934;2025/03/27;Eco Group;Bogotá;Mobiliario;24;1147.02;0.24
TXN-10935;2026/05/17;Tech Corp;Bogotá;Electrónica;6;215.43;0.07
TXN-10936;2026/07/11;EduCorp;Barranquilla; Servicios ;-81;495,07;0.04
TXN-10937;2025/08/19;Acme SAS;Barranquilla;Electrónica;74;31.6;0.15
TXN-10938;2025/12/23;Eco Group;Medellín;Software;60;829.17;0.08
TXN-10939;2024/07/22;Acme SAS;Medellín;Software;29;636.12;0.28
TXN-10940;2026/05/15;Neo Systems;Medellín;Electrónica;86;1128.24;0.09
TXN-10941;2026/05/04;Bio Health;Medellín;Mobiliario;24;377.54;0.29
TXN-10942;2026/09/15;Bio Health;Bucaramanga;Mobiliario;48;1276.69;0.15
TXN-10943;2026/12/15;Edu Corp;Medellín;Electrónica;99;234.74;0.16
TXN-10944;2025/06/28;Neo Systems;Bogotá;Software;39;462.0;0.09
TXN-10945;2025/02/04;Global Trade;Barranquilla;Oficina;84;1196.83;0.11
TXN-10946;2025/03/31;Neo Systems;Cali;Oficina;99;1309.35;0.24
tx_ 10947;2024/04/08;Tech Corp;Bogotá;electronica;29;1128.07;0.2
TXN-10948;2026/01/01;Acme SAS;Medellín;Oficina;20;723.73;0.11
TXN-10949;2024/11/10;Bio Health;Medellín;Electrónica;33;522.61;0.25
TXN-10950;2025/11/21;Eco Group;Barranquilla;Software;26;208.41;0.07
TXN-10951;2026/06/23;Global Trade;Barranquilla;Electrónica;73;1175.98;0.21
TXN-10952;2026/09/22;Edu Corp;Cali;Servicios;2;480.03;0.1
TXN-10953;2025/04/16;Edu Corp;Bucaramanga;Software;19;182.96;0.13
TXN-10954;2025/04/11;Eco Group;Bogotá;Servicios;30;957.59;0.04
TXN-10955;2024/04/12;EduCorp;Medellín;Servicios;8;593,13;0.15
TXN-10956;2024/10/12;Acme SAS;Bogotá;Mobiliario;63;666.16;0.12
TXN-10957;2026/10/20;Global Trade;Barranquilla;Oficina;96;1192.56;0.12
TXN-10958;2024/05/11;Edu Corp;Barranquilla;Electrónica;21;597.47;0.24
TXN-10959;2026/04/21;Bio Health;Barranquilla;Mobiliario;5;279.91;0.05
TXN-10960;25-06-2025;Edu Corp;Bogota ;Servicios;-28;525.79;0.01
tx_ 10961;2024/03/13;Acme SAS;bogota;electronica;53;715.71;0.05
TXN-10962;2025/09/23;Bio Health;Bucaramanga;Oficina;92;194.6;0.29
TXN-10963;2024/04/08;Edu Corp;Medellín;Oficina;16;776.13;0.09
TXN-10964;2026/10/30;Edu Corp;Medellín;Electrónica;28;635.4;0.11
TXN-10965;2024/08/16;Bio Health;Barranquilla;Software;50;644.13;0.02
TXN-10966;2025/11/25;Eco Group;Medellín;Mobiliario;36;84.47;0.01
TXN-10967;2026/09/03;Neo Systems;Bogotá;Servicios;88;716.66;0.02
TXN-10968;2025/06/25;Acme SAS;Cali;Electrónica;10;395.6;0.05
TXN-10969;2024/03/06;Global Trade;Barranquilla;Mobiliario;17;105.77;0.2
TXN-10970;2025/02/17;Bio Health;Bogotá;Electrónica;36;1410.4;0.06
TXN-10971;2026/12/04;Global Trade;Medellín;Software;78;815.01;0.29
tx_ 10972;;Edu Corp; Bogo-ta;Electrónica;51;462.21;0.07
TXN-10973;2026/12/10;Edu Corp;Medellín;Oficina;100;1304.67;0.15
TXN-10974;2026/01/02;Eco Group;Cali;Mobiliario;12;240.37;0.03
TXN-10975;2026/09/23;Eco Group;Bogotá;Servicios;68;1389.1;0.08
TXN-10976;2026/10/22;Eco Group;Barranquilla;Software;5;934.14;0.28
TXN-10977;2026/11/10;Tech Corp;Cali;Oficina;97;1477.14;0.29
TXN-10978;2024/06/27;Global Trade;Barranquilla;Electrónica;47;694.1;0.19
TXN-10979;2025/08/12;Global Trade;Cali;Oficina;1;409.31;0.0
TXN-10980;2025/11/27;Tech Corp;Medellín;Servicios;17;515.23;0.03
TXN-10981;29-11-2026;Acme sas ;cali;Mobiliario;55;398.6;0.11
TXN-10982;2025/07/08;Eco Group;Barranquilla;Mobiliario;57;167.6;0.22
TXN-10983;2026/03/10;Global Trade;Barranquilla;Software;96;669.28;0.26
TXN-10984;2024/10/19;Acme SAS;Bogotá;Oficina;52;668.84;0.02
tx_ 10985;08-10-2026;Global Trade;Cali;Sftware;16;1125.96;0.01
TXN-10986;2024/12/12;Eco Group;Barranquilla;Mobiliario;52;1401.65;0.07
tx_ 10987;08-11-2024;Bio Health;Medellín;Mobilia;7;360.85;N/A
TXN-10988;2026/05/19;Eco Group;Bogotá;Mobiliario;30;572.98;0.15
TXN-10989;2026/12/15;Neo Systems;Bucaramanga;Electrónica;97;1354.71;0.0
TXN-10990;2025/03/09;Bio Health;Bogotá;Mobiliario;83;70.02;0.09
TXN-10991;2025/03/26;Global Trade;Cali;Mobiliario;36;925.12;0.26
TXN-10992;2024/02/13; Global trade;cali;Sftware;90;571.78;0.04
TXN-10993;2025/01/12;Edu Corp;Cali;Software;85;589.82;0.18
TXN-10994;2024/02/09;Tech Corp;Medellín;Servicios;13;694.36;0.2
TXN-10995;2025/01/07;Acme SAS;Bogotá;Oficina;92;1414.27;0.29
TXN-10996;2025/10/07;Bio Health;bogota;Mobilia;5;1063.97;0.13
TXN-10997;2026/12/14;Eco Group;Cali;Servicios;68;850.07;0.16
tx_ 10998;12-06-2025;Bio Health;cali;Oficin ;56;539,66;0.18
TXN-10999;2026/09/24;Global Trade;Medellín;Software;85;1312.18;0.13
TXN-11000;2024/07/09;Tech Corp;Bucaramanga;Oficina;75;1212.94;0.0
TXN-11001;2026/04/24;Tech Corp;Bogotá;Mobiliario;65;1254.33;0.03
TXN-11002;2025/07/21;Tech Corp;Cali;Servicios;95;706.26;0.19
TXN-11003;2026/10/08;Eco Group;Cali;Servicios;10;1444.11;0.12
tx_ 11004;2024/01/30;Global Trade;Bogota ;electronica;7;984.69;0.04
TXN-11005;2024/05/18;Bio Health;Bogotá;Servicios;53;109.77;0.25
TXN-11006;2025/07/03;Neo Systems;Bogotá;Mobiliario;7;240.87;0.11
TXN-11007;2026/10/08;Eco Group;Medellín;Mobiliario;72;1435.53;0.21
TXN-11008;2025/03/12;Edu Corp;Medellín;Electrónica;96;92.01;0.13
TXN-11009;2026/04/17;Tech Corp;Bogotá;Servicios;92;887.44;0.19
TXN-11010;2024/07/27;Acme SAS;Barranquilla;Electrónica;88;414.53;0.15
TXN-11011;2025/08/01;Acme SAS;Bogota ;Servicios;-93;1003.66;0.23
TXN-11012;2025/08/03;Neo Systems;Bogotá;Software;45;156.28;0.2
TXN-11013;2026/03/05;Global Trade;Medellín;Electrónica;9;155.51;0.14
TXN-11014;2026/12/25;Global Trade;Bucaramanga;Electrónica;42;1278.7;0.16
TXN-11015;2024/07/21;Tech Corp;Medellín;Software;16;324.13;0.01
TXN-11016;2024/03/07;Bio Health;Barranquilla;Servicios;69;92.94;0.05
TXN-11017;;Acme SAS;Barranquilla;Mobilia;20;13.76;0.24
TXN-11018;2026/01/29;Global Trade;Cali;Mobiliario;60;1351.65;0.0
TXN-11019;2024/11/09;Global Trade;Medellín;Software;19;549.56;0.28
TXN-11020;2026/07/15;Global Trade;Bucaramanga;Servicios;69;148.26;0.15
TXN-11021;2026/08/17;tech corp;Cali;electronica;41;1471.49;0.2
TXN-11022;;N3o Systems;Medellin;Servicios;21;700.98;0.07
TXN-11023;2026/12/16;Eco Group;Medellín;Mobiliario;89;594.23;0.24
TXN-11024;2024/03/11;Neo Systems;Cali;Software;53;13.41;0.2
TXN-11025;2025/07/14;Bio Health;Medellín;Mobiliario;37;1332.09;0.06
TXN-11026;2026/04/29;Acme SAS;Cali;Oficina;35;1144.31;0.19
TXN-11027;2024/05/14;Acme SAS;Cali;Oficina;25;1462.67;0.25
TXN-11028;2024/12/31;Bio-Health;BGA;Oficina;65;649.88;0.22
TXN-11029;2026/11/02;Neo Systems;Barranquilla;Oficina;58;597.68;0.3
TXN-11030;2026/09/04;Bio Health;Bucaramanga;Software;41;692.69;0.22
TXN-11031;2024/05/26;Bio Health;Bogotá;Electrónica;80;713.24;0.12
TXN-11032;2026/05/17;Eco Group;Medellín;Electrónica;67;1253.68;0.21
TXN-11033;2025/10/17;Global Trade;Bogotá;Software;64;1359.85;0.13
tx_ 11034;05-12-2025;Global Trade;bogota;electronica;-50;298.49;0.08
TXN-11035;2025/06/25;Bio Health;Bucaramanga;Electrónica;40;1281.62;0.09
TXN-11036;2026/04/18;Neo Systems;Cali;Software;43;391.49;0.29
TXN-11037;2024/11/05;Acme SAS;Bucaramanga;Oficina;34;267.04;0.3
TXN-11038;2025/02/11;Edu Corp;Bogotá;Servicios;53;727.32;0.11
TXN-11039;2025/05/10;Eco Group;Barranquilla;Mobiliario;4;274.32;0.28
TXN-11040;2025/01/25;Neo Systems;Medellín;Software;78;903.43;0.15
TXN-11041;2026/09/07;Eco Group;Bogotá;Mobiliario;27;1104.04;0.08
TXN-11042;2026/10/08;Neo Systems;Bucaramanga;Software;38;406.83;0.01
TXN-11043;2025/10/23;Neo Systems;Bogotá;Software;5;626.41;0.08
TXN-11044;2026/09/15;Bio Health;Bogotá;Oficina;33;1069.47;0.14
TXN-11045;2024/04/01;Eco Group;Barranquilla;Electrónica;48;937.76;0.27
TXN-11046;2025/08/28;Global Trade;Cali;Electrónica;82;1421.14;0.18
TXN-11047;2025/09/13;Acme SAS;Bucaramanga;Electrónica;47;1217.32;0.19
TXN-11048;2026/09/05;Acme SAS;Bogotá;Servicios;18;905.88;0.16
TXN-11049;2024/08/25;Acme SAS;Bucaramanga;Servicios;66;1342.88;0.2
TXN-11050;2026/03/25;Edu Corp;Barranquilla;Electrónica;39;21.6;0.12
TXN-11051;2024/12/03;Eco Group;Cali;Electrónica;52;309.68;0.08
TXN-11052;2025/01/23;Bio Health;Bogotá;Electrónica;83;134.69;0.04
TXN-11053;2026/12/04;Edu Corp;Medellín;Mobiliario;99;1339.61;0.01
TXN-11054;2024/04/11;Edu Corp;Cali;Electrónica;21;1021.5;0.02
TXN-11055;2024/05/15;Tech Corp;Barranquilla;Servicios;2;256.17;0.21
TXN-11056;2024/08/16;Acme SAS;Medellín;Software;68;1285.7;0.01
TXN-11057;2026/01/30;Eco Group;Bucaramanga;Electrónica;69;79.6;0.3
TXN-11058;2026/01/05;Global Trade;Medellín;Oficina;75;366.74;0.04
TXN-11059;2026/10/31;Tech Corp;Bucaramanga;Oficina;100;549.63;0.19
TXN-11060;2026/10/07;Global Trade;Barranquilla;Oficina;75;78.16;0.28
TXN-11061;2024/06/19;Bio Health;Bogotá;Mobiliario;85;1479.45;0.1
TXN-11062;2026/08/16;Bio Health;Cali;Servicios;68;704.44;0.26
TXN-11063;2026/05/13;Bio Health;Bogotá;Electrónica;11;287.71;0.25
TXN-11064;2025/09/04;Edu Corp;Medellín;Oficina;24;1116.9;0.1
TXN-11065;2025/07/20;Tech Corp;Cali;Software;41;820.95;0.1
TXN-11066;2024/09/23;Edu Corp;Cali;Oficina;43;517.43;0.27
TXN-11067;2026/08/16;Global Trade;Bogotá;Servicios;16;486.4;0.27
TXN-11068;2026/10/31;Global Trade;Barranquilla;Oficin ;74;676.49;0.17
TXN-11069;2025/09/17;Acme SAS;Bucaramanga;Software;79;623.39;0.07
TXN-11070;2026/04/17;Eco Group;Barranquilla;Servicios;64;1415.85;0.03
TXN-11071;2026/05/23;Global Trade;Barranquilla;Electrónica;92;1204.49;0.11
TXN-11072;2024/02/29;N3o Systems;Medellin;Mobilia;-83;1274.9;0.02
TXN-11073;2025/10/05;Acme SAS;Barranquilla;Electrónica;71;418.72;0.1
TXN-11074;2026/10/04;Edu Corp;Cali;Software;84;519.26;0.03
TXN-11075;2026/09/22;Global Trade;Cali;Electrónica;57;426.12;0.09
TXN-11076;2026/03/18;Acme SAS;Bucaramanga;Electrónica;50;1426.99;0.2
TXN-11077;2026/05/07;Tech Corp;Bucaramanga;Servicios;66;1095.28;0.17
TXN-11078;12-11-2026;Neo Systems;Cali;Electrónica;42;706.78;0.19
TXN-11079;2025/05/13;Bio Health;Cali;Software;28;879.23;0.09
TXN-11080;2025/10/12;Tech Corp;Bogotá;Electrónica;51;1281.79;0.26
TXN-11081;2026/03/25;Acme SAS;Bogotá;Electrónica;14;740.89;0.07
TXN-11082;2024/11/05;Edu Corp;Medellín;Electrónica;13;1456.17;0.12
TXN-11083;2025/03/06;Eko Group;Bogotá;Oficina;30;468.4;0.13
TXN-11084;2024/07/15;Bio Health;Cali;Electrónica;11;788.44;0.21
TXN-11085;2025/06/29;Tech Corp;Medellín;Servicios;19;931.34;0.23
TXN-11086;2025/02/20;Global Trade;Bogotá;Electrónica;31;1491.34;0.16
TXN-11087;2026/05/19;Tech Corp;Medellín;Oficina;56;797.8;0.19
TXN-11088;2024/05/28;Tech Corp;Medellín;Oficina;64;220.17;0.27
TXN-11089;2025/01/03;Bio Health;Barranquilla;Mobiliario;46;41.9;0.08
tx_ 11090;2024/02/25;Acme SAS;Cali;Sftware;34;460,12;0.14
TXN-11091;2026/07/29;Acme SAS;Barranqilla; Servicios ;57;1103.32;0.3
TXN-11092;2025/04/04;Eco Group;Bucaramanga;Mobiliario;34;1180.0;0.27
TXN-11093;2024/10/31;Tech Corp;Bogotá;Mobiliario;5;582.7;0.06
TXN-11094;2024/11/20;Bio Health;Medellín;Electrónica;6;874.82;0.23
TXN-11095;2026/09/11;Eco Group;Bucaramanga;Software;96;592.77;0.24
TXN-11096;2025/12/21;Tech Corp;Medellín;Oficina;35;897.81;0.13
TXN-11097;2025/11/07;Neo Systems;Barranquilla;Software;21;1280.34;0.2
TXN-11098;2025/03/30;Global Trade;Barranquilla;Oficina;16;1038.76;0.24
TXN-11099;2024/08/01;Global Trade;Bucaramanga;Software;18;193.6;0.22
TXN-11100;2024/10/02;Neo Systems;Medellín;Electrónica;71;573.32;0.1
TXN-11101;2026/09/01;Tech Corp;Bogotá;Mobiliario;16;559.83;0.22
TXN-11102;2026/09/24;Tech Corp;Cali;Mobiliario;10;1049.2;0.17
TXN-11103;2024/09/04;Acme SAS;Bogotá;Servicios;20;637.65;0.08
TXN-11104;2025/10/17;Neo Systems;Medellín;Oficina;73;285.51;0.02
tx_ 11105;2024/05/30;Eko Group;medeLLin;Software;14;602.4;0.26
TXN-11106;2024/06/11;Edu Corp;Bucaramanga;Software;65;1460.84;0.22
TXN-11107;2026/04/05;Eco Group;Medellín;Oficina;46;1310.33;0.26
TXN-11108;2025/08/20;Acme SAS;Medellín;Software;23;964.23;0.08
TXN-11109;2025/12/29;Acme SAS;Barranquilla;Servicios;78;153.26;0.14
TXN-11110;2024/07/21;Tech Corp; Bogo-ta;Servicios;54;826.86;0.09
TXN-11111;2026/05/17;Eco Group;Bucaramanga;Electrónica;71;1458.82;0.21
TXN-11112;2026/07/10;Tech Corp;Barranquilla;Software;13;1312.21;0.03
TXN-11113;2026/06/11;Neo Systems;Bogotá;Mobiliario;80;873.8;0.14
TXN-11114;2026/12/29;Bio Health;Cali;Software;38;654.68;0.03
TXN-11115;2024/12/28;Tech Corp;Cali;Software;98;368.95;0.27
TXN-11116;01-07-2025;Acme SAS;bogota;Mobilia;79;781.14;0.08
TXN-11117;2025/07/15;Global Trade;Cali;Mobiliario;57;746.99;0.05
TXN-11118;2025/11/24;Tech Corp;Bucaramanga;Oficina;39;288.78;0.17
TXN-11119;2026/07/23;Global Trade;Bogotá;Software;13;1037.23;0.02
TXN-11120;2026/09/08;Bio Health;Cali;Oficina;3;1293.66;0.15
TXN-11121;2024/03/04;Global Trade;Cali;Electrónica;4;394.95;0.14
TXN-11122;2026/10/08;Eco Group;Bogotá;Electrónica;34;103.02;0.02
TXN-11123;2026/05/21;Neo Systems;Cali;Servicios;36;176.28;0.16
TXN-11124;2024/10/15;Global Trade;Bucaramanga;Mobiliario;33;542.87;0.26
tx_ 11125;10-02-2024;Acme sas ;Bucaramanga;Electrónica;74;964,39;0.16
TXN-11126;2026/09/21;Global Trade;Cali;Mobiliario;33;85.09;0.22
TXN-11127;2025/01/06;Acme SAS;Medellín;Servicios;60;429.16;0.02
TXN-11128;09-06-2025;Eco Group;Medellín;Oficina;72;593,36;0.2
TXN-11129;2024/02/21;Bio Health;Cali;Electrónica;88;473.73;0.11
TXN-11130;2025/01/24;Edu Corp;Medellín;Mobiliario;91;1122.68;0.08
TXN-11131;2025/01/17;Edu Corp;Bogotá;Oficina;27;235.03;0.22
TXN-11132;2025/12/08;Eko Group;Barranqilla;electronica;67;85,88;0.01
TXN-11133;2025/10/05;Eco Group;Bucaramanga;Electrónica;20;1315.73;0.08
TXN-11134;2024/10/19;Bio Health;Bogotá;Servicios;47;841.78;0.3
TXN-11135;2024/05/28;Neo Systems;Cali;Mobiliario;27;1486.0;0.19
TXN-11136;2025/10/08;Global Trade;Cali;Servicios;75;285.17;0.26
TXN-11137;2026/06/08;N3o Systems;Bucaramanga;Mobilia;77;183,33;0.1
TXN-11138;2025/03/03;Bio Health;Cali;Oficina;69;372.83;0.17
TXN-11139;2024/10/04;Edu Corp;Barranquilla;Software;36;1468.11;0.25
TXN-11140;17-02-2024;Tech Corp;BGA;Mobiliario;75;612.03;0.14
TXN-11141;2026/05/12;Tech Corp;Barranquilla;Software;47;1452.97;0.21
TXN-11142;2026/04/12;Acme SAS;Cali;Mobiliario;40;119.72;0.28
TXN-11143;03-11-2024;Bio Health;bogota; Servicios ;66;944.54;0.25
TXN-11144;2024/09/04;Neo Systems;cali;Servicios;21;417,86;0.3
TXN-11145;2026/05/19;Tech Corp;Cali;Electrónica;12;1366.2;0.13
TXN-11146;2024/01/02;Bio Health;Cali;Mobiliario;16;90.84;0.02
tx_ 11147;02-05-2026;Edu Corp;Bogota ;Servicios;50;596,75;N/A
TXN-11148;2024/09/10;Tech Corp;Bogotá;Servicios;12;821.29;0.19
TXN-11149;2024/07/26;Global Trade;Bucaramanga;Mobiliario;6;627.59;0.03
TXN-11150;2025/07/18;Global Trade;Bogotá;Oficina;95;400.85;0.06
TXN-11151;2025/02/05;Neo Systems;Barranquilla;Electrónica;10;870.46;0.07
TXN-11152;2024/08/22;Global Trade;Bucaramanga;Software;3;1169.34;0.19
TXN-11153;2024/04/22;Eco Group;Bucaramanga;Servicios;25;1462.03;0.08
TXN-11154;2025/11/22;Neo Systems;Bucaramanga;Software;2;517.08;0.23
TXN-11155;2026/09/29;Edu Corp;Barranquilla;Servicios;22;301.77;0.1
TXN-11156;;Acme SAS;Medellín;Oficin ;14;592.31;0.15
TXN-11157;2025/12/04;Neo Systems;Barranquilla;Electrónica;97;1023.61;0.22
TXN-11158;2024/07/15;Acme SAS;Barranquilla;Mobiliario;27;1211.1;0.17
TXN-11159;2026/06/17;Bio Health;Barranquilla;Software;37;1217.96;0.11
TXN-11160;2025/01/23;Acme SAS;Cali;Mobiliario;69;417.63;0.18
TXN-11161;2025/10/14;Acme SAS;Bucaramanga;Servicios;32;1278.97;0.0
TXN-11162;2025/05/27;Bio Health;Cali;Mobiliario;34;742.72;0.13
TXN-11163;2024/02/04;Global Trade;Cali;Electrónica;17;471.55;0.26
TXN-11164;2025/04/20;Neo Systems;Medellín;Servicios;6;1443.79;0.3
TXN-11165;2026/05/29;Tech Corp;Bogotá;Oficina;33;157.32;0.02
TXN-11166;2024/10/27;Acme SAS;Barranquilla;Mobiliario;23;51.1;0.02
TXN-11167;2024/01/13;Global Trade;Barranquilla;Software;49;1146.75;0.26
tx_ 11168;2026/08/24;Eko Group;medeLLin;Servicios;96;1420,43;0.08
TXN-11169;2024/09/18;Eco Group;Bucaramanga;Electrónica;10;1004.87;0.26
TXN-11170;2025/02/28;Global Trade;Cali;Servicios;67;1016.19;0.03
TXN-11171;2024/03/01;Tech Corp;Barranquilla;Mobiliario;88;756.1;0.15
TXN-11172;2025/11/19;Bio Health;Bogotá;Mobiliario;47;207.97;0.24
TXN-11173;2025/04/06;Eco Group;Medellín;Mobiliario;49;950.17;0.08
TXN-11174;2026/03/29;Acme SAS;Cali;Servicios;92;1323.69;0.14
TXN-11175;2025/10/14;Bio Health;Medellín;Mobiliario;96;410.42;0.29
TXN-11176;2025/09/16;Bio Health;Medellín;Oficina;7;364.59;0.17
TXN-11177;2025/09/22;Acme SAS;Cali;Servicios;79;1444.54;0.19
TXN-11178;2024/09/02;Tech Corp;Barranquilla;Electrónica;14;929.34;0.04
TXN-11179;2025/11/10;Bio Health;Medellin;Oficin ;42;926.1;0.23
tx_ 11180;2024/10/24;Bio-Health;Bucaramanga;Oficin ;28;1074.32;0.19
TXN-11181;2024/06/28;Acme SAS;Medellín;Mobiliario;55;545.74;0.03
TXN-11182;2024/12/28;Acme SAS;Medellín;Mobiliario;69;1364.12;0.06
TXN-11183;2024/06/19;Neo Systems;Cali;Oficina;99;1226.69;0.24
TXN-11184;2024/12/20;Tech Corp;Bucaramanga;Software;93;862.66;0.2
TXN-11185;2024/08/04;Edu Corp;Medellin;Electrónica;-85;1225,37;0.23
TXN-11186;;Acme sas ;Barranqilla;Software;-44;501.68;N/A
TXN-11187;;Edu Corp;Barranqilla;Mobiliario;80;830.89;0.14
TXN-11188;2024/07/22;Tech Corp;Cali;Software;67;258.34;0.19
TXN-11189;2024/06/13;Global Trade;Barranquilla;Electrónica;16;1456.99;0.11
TXN-11190;2024/10/29;Neo Systems;Barranquilla;Electrónica;4;1125.97;0.14
TXN-11191;2026/05/18;Neo Systems;Medellín;Servicios;22;321.6;0.15
TXN-11192;2025/08/08;Neo Systems;Medellín;Oficina;18;970.65;0.29
TXN-11193;2024/01/25;Neo Systems;Bucaramanga;Electrónica;17;1145.49;0.07
TXN-11194;2025/08/29;Edu Corp;Bucaramanga;Servicios;53;935.52;0.01
tx_ 11195;2024/12/17;Edu Corp;BGA; Servicios ;91;1306.37;0.24
TXN-11196;2025/04/05;Acme SAS;Barranquilla;Mobiliario;64;334.01;0.11
TXN-11197;2026/01/01;Neo Systems;Bucaramanga;Mobiliario;16;543.62;0.1
TXN-11198;2026/03/03;Global Trade;Barranquilla;Oficina;55;1294.39;0.2
TXN-11199;2025/11/24;Global Trade;Barranquilla;Servicios;18;95.16;0.05
TXN-11200;2024/01/08;Edu Corp;Bogotá;Mobiliario;44;1264.68;0.29
TXN-11201;2026/10/26;Tech Corp;Barranquilla;Mobiliario;48;1325.53;0.04
TXN-11202;2025/06/01;Acme SAS;Barranquilla;Mobiliario;98;1269.24;0.05
TXN-11203;2025/07/26;Bio Health;Barranquilla;Servicios;79;1363.8;0.28
TXN-11204;2025/01/04;Eco Group;Cali;Servicios;15;991.74;0.24
TXN-11205;2024/07/06;Acme SAS;Bogotá;Mobiliario;81;94.8;0.07
TXN-11206;2024/04/30;Acme SAS;Medellín;Mobiliario;92;294.15;0.28
TXN-11207;2026/08/08;Global Trade;Bogotá;Servicios;8;647.53;0.07
TXN-11208;2026/03/11;Bio Health;Cali;Software;18;1396.46;0.0
TXN-11209;2026/10/04;Acme SAS;Barranquilla;Servicios;40;699.7;0.3
TXN-11210;2024/05/10;Bio Health;Medellín;Oficina;37;868.5;0.0
TXN-11211;2026/07/14;Global Trade;Bucaramanga;Servicios;13;213.76;0.27
TXN-11212;2024/09/30;Eco Group;Bucaramanga;Servicios;50;1036.13;0.01
TXN-11213;2026/04/29;Edu Corp;Bucaramanga;Oficina;33;120.09;0.22
TXN-11214;2026/05/20;Neo Systems;Bucaramanga;Electrónica;45;463.4;0.13
TXN-11215;2026/03/26;Tech Corp;Bucaramanga;Oficina;56;107.92;0.03
TXN-11216;2026/05/24;Edu Corp;Medellín;Servicios;57;272.35;0.01
TXN-11217;2025/04/26;Acme SAS;Cali;Oficina;67;1242.58;0.14
TXN-11218;2025/12/08;Eco Group;Cali;Mobiliario;16;1264.59;0.07
TXN-11219;2024/04/25;Edu Corp;Barranquilla;Software;28;533.29;0.17
TXN-11220;;tech corp;Barranqilla;electronica;6;576.04;0.25
TXN-11221;2024/05/14;Edu Corp;Cali;Electrónica;8;673.02;0.01
TXN-11222;16-10-2025;N3o Systems;Medellin; Servicios ;55;735.28;0.25
TXN-11223;2024/12/11;Eco Group;Barranquilla;Oficina;16;1083.67;0.22
TXN-11224;2024/01/29;Eco Group;Cali;Mobiliario;17;1053.16;0.09
TXN-11225;2025/09/16;Eco Group;Bucaramanga; Servicios ;-75;244.1;0.19
TXN-11226;2025/07/14;Tech Corp;Cali;Oficina;90;1451.71;0.18
TXN-11227;2025/08/02;Acme SAS;Medellín;Software;53;58.19;0.25
TXN-11228;2024/10/06;Edu Corp;Medellín;Electrónica;13;1093.59;0.04
TXN-11229;2026/03/26;Eco Group;Medellín;Servicios;91;1046.37;0.24
TXN-11230;2024/02/07;Bio-Health; Bogo-ta;Mobilia;45;1024,2;0.25
TXN-11231;2025/05/24;Acme SAS;Bucaramanga;Software;59;147.21;0.26
TXN-11232;2026/11/27;Tech Corp;Bogotá;Mobiliario;13;315.46;0.23
TXN-11233;2026/01/22;Tech Corp;Medellín;Servicios;24;178.8;0.29
TXN-11234;2025/05/27;Eco Group;Bucaramanga;Mobiliario;11;424.93;0.0
TXN-11235;2026/09/28;Edu Corp;Cali;Software;81;242.03;0.01
TXN-11236;2025/06/28;Tech Corp;Medellín;Software;74;693.72;0.0
TXN-11237;2025/08/11;Tech Corp;Bogotá;Electrónica;45;1472.26;0.18
TXN-11238;2024/09/20;Neo Systems;Medellín;Mobiliario;14;1452.7;0.25
TXN-11239;2026/03/20;Global Trade;Cali;Servicios;53;975.3;0.24
TXN-11240;2026/01/24;Tech Corp;Bogotá;Mobilia;51;1177.76;0.28
TXN-11241;2025/08/08;Neo Systems;Barranquilla;Oficina;49;60.91;0.14
TXN-11242;2024/06/22;Acme SAS;Cali;Software;90;719.66;0.28
TXN-11243;2025/06/21;Neo Systems;Medellín;Servicios;76;221.61;0.1
TXN-11244;2025/07/31;Bio Health;Bogotá;Servicios;88;782.3;0.29
TXN-11245;2024/01/17;Global Trade;Barranquilla;Mobiliario;21;257.48;0.11
TXN-11246;2024/11/11;Acme SAS;Barranquilla;Oficina;11;1360.22;0.19
TXN-11247;2026/01/03;Bio Health;Bogotá;Servicios;4;564.02;0.0
TXN-11248;2025/07/20;Edu Corp;medeLLin;Software;-9;1191.75;0.22
TXN-11249;2025/04/25;Neo Systems;Bogotá;Servicios;66;1420.06;0.05
TXN-11250;2024/04/09;Edu Corp;Cali;Servicios;97;1108.75;0.13
TXN-11251;2025/08/13;Global Trade;medeLLin;Software;-22;914.74;0.11
TXN-11252;2025/07/27;Bio Health;Cali;Servicios;95;327.94;0.18
TXN-11253;2026/09/22;Tech Corp;Bucaramanga;Servicios;59;323.55;0.3
TXN-11254;2024/12/21;Tech Corp;Bogotá;Electrónica;14;1421.15;0.28
TXN-11255;2024/01/29;Edu Corp;Medellín;Oficina;58;879.8;0.11
TXN-11256;2024/08/20;Bio Health;Barranquilla;Oficina;73;295.49;0.1
TXN-11257;21-07-2024;N3o Systems;Medellín;Sftware;25;811.64;0.08
TXN-11258;02-12-2026;Global Trade;bogota;Oficin ;99;1456.68;0.21
TXN-11259;2024/05/13;tech corp;Barranqilla;Sftware;-3;721.68;0.21
TXN-11260;2024/03/22;Acme SAS;Bogotá;Electrónica;62;1274.94;0.26
TXN-11261;2025/06/15;Global Trade;Cali;Servicios;2;646.44;0.19
TXN-11262;2024/09/22;Neo Systems;Bogota ;Electrónica;25;1327,0;0.18
TXN-11263;2026/08/11;Edu Corp;Bogotá;Servicios;41;1159.38;0.25
TXN-11264;2026/09/26;Bio Health;Bucaramanga;Software;15;1354.84;0.11
TXN-11265;2024/04/21;Edu Corp;Barranquilla;Software;71;511.33;0.02
TXN-11266;2026/04/26;Tech Corp;Bucaramanga;Electrónica;34;232.99;0.02
TXN-11267;2025/07/26;Edu Corp;Medellín;Electrónica;53;107.16;0.16
TXN-11268;06-08-2025;N3o Systems;Medellin;Oficin ;-24;265.71;0.02
TXN-11269;2026/10/06;Tech Corp;Cali;Software;3;799.27;0.15
TXN-11270;2026/07/27;Tech Corp;Cali;Mobiliario;98;760.41;0.23
TXN-11271;2025/07/08;Neo Systems;Medellín;Electrónica;81;371.65;0.21
TXN-11272;2025/05/23;Edu Corp;Medellín;Mobiliario;33;78.68;0.19
TXN-11273;2026/04/01;Acme SAS;Bogotá;Servicios;75;1465.43;0.26
TXN-11274;2026/12/23;Eco Group;Barranquilla;Electrónica;29;1014.77;0.18
TXN-11275;2026/01/05;Tech Corp;Medellín;Software;39;80.14;0.13
TXN-11276;2025/04/04;Edu Corp;Cali;Mobiliario;55;49.3;0.18
TXN-11277;2025/03/08;Edu Corp;Medellín;Oficina;64;978.76;0.23
TXN-11278;2025/07/15;Tech Corp;Medellín;Servicios;98;467.27;0.23
TXN-11279;2026/12/12;Acme SAS;Barranquilla;Servicios;45;432.34;0.12
TXN-11280;2025/04/24;Bio Health;Barranquilla;Software;68;1326.45;0.0
TXN-11281;2026/09/01;Bio Health;Bucaramanga;Software;98;23.43;0.01
TXN-11282;2026/10/05;Neo Systems;Medellín;Oficina;60;182.9;0.19
TXN-11283;2025/04/09;Neo Systems;Bucaramanga;Oficin ;65;1171.69;0.2
TXN-11284;2024/01/17;Bio Health;Bogotá;Software;9;927.24;0.24
TXN-11285;2026/11/13;Acme SAS;Bogotá;Servicios;69;172.37;0.2
TXN-11286;2024/12/16;Neo Systems;Medellín;Electrónica;78;601.1;0.25
TXN-11287;2025/04/12;Eco Group;Cali;Servicios;11;1275.06;0.25
TXN-11288;2025/08/11;Global Trade;Cali;Mobiliario;82;1315.41;0.12
TXN-11289;2026/11/11;Acme SAS;Bogotá;Mobiliario;85;876.68;0.16
TXN-11290;2025/02/27;Global Trade;Bucaramanga;Electrónica;73;489.72;0.04
TXN-11291;2026/12/20;Tech Corp;Bucaramanga;Software;44;739.19;0.26
TXN-11292;2024/10/08;Global Trade;Bogotá;Servicios;23;1018.15;0.28
TXN-11293;2026/09/16;Acme SAS;Barranquilla;Mobiliario;7;764.22;0.03
TXN-11294;2024/02/06;Bio Health;Bogotá;Electrónica;86;1480.32;0.08
TXN-11295;2025/02/25;Edu Corp;Medellín;Mobiliario;65;597.25;0.06
TXN-11296;2026/08/23;Acme SAS;Bogotá;Servicios;9;499.55;0.24
TXN-11297;2026/08/31;Edu Corp;Barranquilla;Electrónica;10;111.71;0.2
TXN-11298;2024/03/28;Acme SAS;Bucaramanga;Servicios;41;984.15;0.11
TXN-11299;2024/04/22;Tech Corp;Cali;Software;25;1094.97;0.04
TXN-11300;2026/05/11;Bio Health;BGA;electronica;85;510,19;0.25
TXN-11301;2026/04/30;Bio Health;Bogotá;Servicios;39;875.8;0.03
TXN-11302;2025/03/08;Global Trade;Medellín;Oficina;11;1215.74;0.15
TXN-11303;2025/01/02;Acme SAS;Bogotá;Mobiliario;86;1112.04;0.02
TXN-11304;2024/03/08;Edu Corp;Barranquilla;Mobiliario;33;1490.7;0.09
TXN-11305;2024/04/27;Acme SAS;Barranquilla;Software;92;1048.91;0.21
TXN-11306;2024/09/11;Global Trade;Bogotá;Software;99;1208.1;0.27
TXN-11307;2026/04/26;Eco Group;cali;Oficina;78;1126.99;0.29
TXN-11308;2026/11/05;Eco Group;Barranquilla;Mobiliario;1;570.89;0.11
TXN-11309;2024/10/14;Eco Group;Medellín;Software;75;915.31;0.01
TXN-11310;2024/04/22;Tech Corp;Bogotá;Servicios;47;525.65;0.11
TXN-11311;2024/09/30;Eco Group;Barranquilla;Servicios;6;207.06;0.28
TXN-11312;2025/10/17;Bio Health;Barranquilla;Electrónica;4;562.23;0.27
TXN-11313;2026/05/16;Neo Systems;Cali;Mobiliario;66;266.05;0.21
TXN-11314;2025/03/25;Eco Group;Bucaramanga;Oficina;39;784.24;0.05
TXN-11315;2026/09/22;Edu Corp;Bucaramanga;Servicios;57;1097.61;0.26
TXN-11316;2026/07/06;Acme SAS;Barranquilla;Servicios;38;1347.13;0.24
TXN-11317;2025/03/09;Global Trade;Barranquilla;Servicios;1;1200.87;0.1
TXN-11318;2025/03/23;Edu Corp;Cali;Servicios;29;1394.56;0.03
TXN-11319;2025/12/10;Eco Group;Medellín;Electrónica;48;641.73;0.2
TXN-11320;2025/09/19;Global Trade;Bucaramanga;Servicios;78;488.81;0.22
TXN-11321;2026/11/19;Tech Corp;Bogotá;Oficina;3;404.81;0.2
TXN-11322;2025/07/25;Global Trade;Barranquilla;Servicios;94;1212.28;0.09
TXN-11323;2024/07/03;Edu Corp;Cali;Oficina;74;1431.37;0.26
TXN-11324;2025/03/05;Edu Corp;Cali;Mobiliario;73;1398.93;0.16
tx_ 11325;2024/07/23;Eco Group;cali;Mobilia;11;747.66;N/A
TXN-11326;2026/05/13;Global Trade;Barranquilla;Servicios;5;1002.44;0.09
TXN-11327;2024/04/22;Global Trade;Bucaramanga;Mobiliario;12;1248.13;0.11
TXN-11328;2025/05/14;Edu Corp;Bogota ;electronica;-4;530.45;0.2
TXN-11329;2024/06/04;Bio Health;Bogotá;Oficina;19;963.28;0.06
TXN-11330;2024/06/27;Neo Systems;Bucaramanga;Electrónica;74;1295.86;0.12
TXN-11331;2024/03/15;Global Trade;Bucaramanga;Electrónica;21;1305.05;0.02
TXN-11332;2025/06/05;Edu Corp;Bucaramanga;Software;92;891.72;0.26
TXN-11333;2024/08/18;Eco Group;Cali;Software;14;1211.67;0.08
TXN-11334;2025/08/27;Neo Systems;Cali;Mobiliario;45;1087.24;0.29
TXN-11335;2026/08/31;Neo Systems;Medellín;Mobiliario;63;758.62;0.19
TXN-11336;2025/03/13;Neo Systems;Cali;Servicios;91;525.19;0.1
TXN-11337;2024/01/04;N3o Systems;bogota;Oficin ;76;137,88;0.14
TXN-11338;2024/05/06;Acme SAS;Barranquilla;Mobiliario;25;825.94;0.13
TXN-11339;2024/01/29;Eco Group;Barranquilla;Oficina;77;30.75;0.3
TXN-11340;2024/10/10;Global Trade;Bucaramanga;Oficina;49;1492.06;0.25
tx_ 11341;2025/10/14; Global trade;bogota;Electrónica;50;336,06;N/A
TXN-11342;2026/11/28;Eco Group;Medellín;Oficina;94;114.39;0.1
TXN-11343;2025/02/19;Neo Systems;Barranquilla;Software;19;788.53;0.15
TXN-11344;2024/10/03;Tech Corp;Medellín;Software;33;1451.45;0.25
TXN-11345;2025/02/11;Global Trade;Barranquilla;Servicios;68;379.25;0.15
TXN-11346;2024/01/02;Neo Systems;Bogotá;Mobiliario;60;1238.2;0.28
TXN-11347;2026/11/22;Tech Corp;Bucaramanga;Electrónica;90;530.31;0.09
TXN-11348;2026/11/17;Global Trade;Medellín;Servicios;34;1204.73;0.02
TXN-11349;2026/10/23;Neo Systems;Medellín;Software;14;462.06;0.01
TXN-11350;2024/04/30;Tech Corp;Barranquilla;Software;68;696.35;0.03
TXN-11351;2024/08/16;Acme SAS;Barranquilla;Electrónica;80;113.73;0.09
TXN-11352;2024/11/27;Global Trade;Barranquilla;Oficina;9;32.31;0.19
TXN-11353;2026/12/12;Acme SAS;Cali;Software;34;1150.02;0.09
TXN-11354;2024/09/17;Eco Group;Bogotá;Mobiliario;90;903.23;0.07
TXN-11355;2025/03/24;Neo Systems;Barranquilla;Electrónica;56;527.1;0.06
TXN-11356;2026/03/21;Eco Group;Bucaramanga;Mobiliario;86;1454.13;0.07
TXN-11357;2025/02/10;Neo Systems;Medellín;Mobiliario;87;861.7;0.2
TXN-11358;2024/11/11;Tech Corp;Bogotá;Software;35;1162.86;0.09
TXN-11359;2025/08/29;Neo Systems;Medellín;Electrónica;98;379.78;0.26
TXN-11360;2026/09/09;Acme SAS;Bucaramanga;Servicios;18;907.27;0.29
TXN-11361;2024/08/06;Acme SAS;Bucaramanga;Electrónica;49;1413.72;0.24
TXN-11362;05-02-2025; Global trade;Cali;Sftware;78;1110.6;0.25
TXN-11363;2025/01/01;Global Trade;BGA;Servicios;41;1045.06;N/A
TXN-11364;2025/03/31;Tech Corp;Cali;Servicios;75;46.99;0.17
TXN-11365;2026/05/03;Global Trade;Cali;Servicios;20;840.86;0.09
TXN-11366;2025/03/05;Bio Health;Cali;Oficina;15;594.95;0.29
TXN-11367;2025/08/23;Bio Health;Barranquilla;Electrónica;80;685.94;0.21
TXN-11368;2026/01/25;Acme SAS;Bucaramanga;Servicios;54;293.68;0.05
TXN-11369;2024/03/29;Eco Group;Barranquilla;Mobiliario;69;1496.45;0.29
TXN-11370;2024/12/26;Tech Corp;Bogotá;Electrónica;99;1097.29;0.29
TXN-11371;2025/03/09;EduCorp;Barranquilla;Oficina;57;1145.36;N/A
TXN-11372;2024/04/12;Tech Corp;Cali;Software;42;731.51;0.17
TXN-11373;2026/02/24;Global Trade;Barranquilla;Oficina;13;532.36;0.07
TXN-11374;2025/12/16;Acme SAS;Barranquilla;Electrónica;67;450.69;0.0
TXN-11375;2026/01/20;Eco Group;BGA;Electrónica;78;720,78;0.15
TXN-11376;2024/06/09;Tech Corp;Bucaramanga;Electrónica;58;766.57;0.11
TXN-11377;2024/10/02;Acme SAS;Medellín;Mobiliario;10;18.07;0.2
TXN-11378;2025/11/20;Acme sas ;Bucaramanga;Software;99;542.97;0.13
TXN-11379;2026/04/02;Edu Corp;Cali;Oficina;46;1285.42;0.02
TXN-11380;2024/09/05;Neo Systems;Bucaramanga;Oficina;78;145.42;0.16
TXN-11381;19-02-2024;Global Trade;cali;Electrónica;59;1287.07;0.26
TXN-11382;2025/11/08;Edu Corp;Cali;Oficina;83;458.3;0.08
tx_ 11383;2025/04/05;Acme SAS;medeLLin;Software;49;771,2;0.05
TXN-11384;2025/06/05;Bio Health;Cali;Servicios;52;255.65;0.17
TXN-11385;2026/02/15;Bio Health;Cali;Oficina;33;1228.3;0.03
TXN-11386;2024/07/29;Edu Corp;Medellín;Servicios;57;614.7;0.27
TXN-11387;2025/11/25;Neo Systems;Medellín;Software;15;148.82;0.19
TXN-11388;2026/09/07;Tech Corp;Medellín;Mobiliario;14;833.85;0.07
TXN-11389;2026/12/18;Edu Corp;Bucaramanga;Electrónica;20;1400.9;0.13
TXN-11390;2024/01/16;Neo Systems;Bucaramanga;Electrónica;85;85.97;0.29
TXN-11391;2024/08/07;Neo Systems;Bogotá;Electrónica;84;944.54;0.01
TXN-11392;2024/11/30;Eco Group;Bucaramanga;Software;38;932.59;0.03
TXN-11393;13-05-2025;Bio Health;Bogota ; Servicios ;98;423.76;0.28
TXN-11394;2024/01/24;Edu Corp;Barranquilla;Mobiliario;92;704.41;0.09
TXN-11395;12-07-2026;Global Trade;Bucaramanga;Software;1;1249,3;0.24
TXN-11396;2026/04/25;Acme SAS;Bucaramanga;Software;58;1325.32;0.2
TXN-11397;2024/04/08;Bio Health;Bogotá;Mobiliario;45;1008.7;0.3
tx_ 11398;2025/10/07;Tech Corp;Bogotá;Electrónica;32;335.24;0.12
TXN-11399;2024/07/26;Tech Corp;Medellín;Oficina;29;924.74;0.13
TXN-11400;2024/03/11;Edu Corp;Bucaramanga;Oficina;98;31.2;0.18
TXN-11401;2026/01/27;Bio Health;Bogotá;Mobiliario;16;305.78;0.2
TXN-11402;2026/09/25;Acme sas ;Medellín;Mobiliario;65;319.4;N/A
TXN-11403;2025/04/04;Tech Corp;Medellín;Mobiliario;85;1272.92;0.03
TXN-11404;2024/03/30;Acme SAS;Cali;Servicios;54;17.06;0.02
TXN-11405;2025/08/14;Tech Corp;Medellín;Electrónica;79;548.07;0.1
TXN-11406;2024/12/08;Edu Corp;Cali;Mobiliario;97;910.4;0.09
TXN-11407;2025/01/09;Bio Health;Medellín;Servicios;72;783.97;0.14
TXN-11408;2024/08/09;Eco Group;Cali;Electrónica;29;670.1;0.17
TXN-11409;2026/11/01;Bio Health;Cali;Servicios;53;907.83;0.22
TXN-11410;2025/07/02;Global Trade;Bogotá;Mobiliario;33;611.51;0.29
TXN-11411;2026/04/05;Neo Systems;Bucaramanga;Electrónica;61;693.14;0.18
TXN-11412;2026/06/23;Global Trade;Medellín;Software;35;1395.6;0.17
TXN-11413;2024/08/20;Edu Corp;cali; Servicios ;10;85.85;0.01
TXN-11414;2024/10/07;Tech Corp;Bucaramanga;Electrónica;79;1227.83;0.23
TXN-11415;2024/11/20;Eco Group;Bogotá;Servicios;13;1225.14;0.13
TXN-11416;2025/09/09;Bio Health;Cali;Servicios;34;354.02;0.08
TXN-11417;24-03-2026;Edu Corp;medeLLin; Servicios ;53;1164.5;0.11
tx_ 11418;2026/09/13;N3o Systems;bogota;electronica;3;752.43;0.27
TXN-11419;2024/03/16;Neo Systems;Bucaramanga;Electrónica;7;85.91;0.11
TXN-11420;2026/11/24;Neo Systems;Medellín;Software;4;1111.32;0.13
TXN-11421;2025/07/18;Neo Systems;Cali;Software;86;81.05;0.29
TXN-11422;2025/10/06;Eco Group;Medellín;Servicios;25;94,28;0.07
TXN-11423;2026/05/14;Edu Corp;Barranquilla;Software;26;120.86;0.07
TXN-11424;2026/09/19;Neo Systems;Bogotá;Mobiliario;88;715.11;0.18
TXN-11425;2024/10/01;Global Trade;Cali;Mobiliario;62;749.73;0.13
TXN-11426;2025/02/13;Acme SAS;Bucaramanga;Mobiliario;77;1037.09;0.11
TXN-11427;2025/06/05;Bio Health;Bucaramanga;Electrónica;34;1452.91;0.2
tx_ 11428;2024/07/05;Neo Systems;cali;Software;96;164.22;N/A
TXN-11429;2025/07/01;Eco Group;Bucaramanga;Mobiliario;45;1154.94;0.11
TXN-11430;2026/11/01;Edu Corp;Medellín;Oficina;83;28.53;0.16
TXN-11431;2026/12/22;Tech Corp;Medellín;Software;53;378.17;0.03
tx_ 11432;17-01-2025;EduCorp;Cali;Servicios;6;1379,55;0.23
TXN-11433;2024/04/17;Neo Systems;Barranquilla;Mobiliario;67;1108.72;0.0
TXN-11434;2026/07/02;Edu Corp;Bucaramanga;Mobiliario;43;619.41;0.2
TXN-11435;2025/07/04;Edu Corp;Bucaramanga;Servicios;14;599.4;0.22
TXN-11436;2024/10/15;Bio Health;Bogotá;Software;60;1022.83;0.02
TXN-11437;2024/04/02;Edu Corp;Bogotá;Mobiliario;34;708.43;0.04
TXN-11438;2025/09/20;Acme SAS;medeLLin;Servicios;7;33.16;0.0
TXN-11439;2024/11/09;Acme SAS;Bogotá;Electrónica;70;423.61;0.26
TXN-11440;2026/02/10;Edu Corp;Bogotá;Mobiliario;59;280.75;N/A
TXN-11441;2024/02/10;Neo Systems;Medellín;Oficina;1;1352.42;0.06
TXN-11442;2026/09/18;Bio Health;Bucaramanga;Mobiliario;25;748.48;0.28
TXN-11443;2025/05/27;Global Trade;Bucaramanga;Mobiliario;23;931.82;0.28
TXN-11444;2025/03/21;Acme SAS;Bucaramanga;Oficina;78;114.43;0.23
TXN-11445;2026/08/10;Eco Group;Bucaramanga;Electrónica;25;836.33;0.13
TXN-11446;16-03-2025;Acme SAS;cali;Mobiliario;35;1497.93;0.25
TXN-11447;2025/03/02;Tech Corp;Bogotá;Electrónica;71;258.05;0.18
TXN-11448;2026/12/19;Global Trade;Medellín;Oficina;97;628.91;0.07
TXN-11449;2026/01/17;Eco Group;Bogotá;Servicios;33;258.37;0.1
TXN-11450;2025/08/27;Acme SAS;bogota;Electrónica;5;916,72;0.13
TXN-11451;2025/01/29;Edu Corp;Medellín;Oficina;99;1428.93;0.19
TXN-11452;2025/05/01;Global Trade;Cali;Servicios;92;769.84;0.1
TXN-11453;2026/02/27;Bio Health;Cali;Mobiliario;11;272.44;0.14
TXN-11454;2026/09/24;Tech Corp;Medellín;Electrónica;19;831.15;0.24
TXN-11455;2026/10/20;Neo Systems;cali; Servicios ;-87;663,43;0.15
TXN-11456;2024/09/13;Acme SAS;Medellín;Mobiliario;78;955.1;0.19
TXN-11457;2025/06/21; Global trade;Bogotá;Mobiliario;93;828.41;0.2
TXN-11458;2026/11/22; Global trade;bogota;Oficina;7;1496.01;0.14
TXN-11459;2024/07/21;Edu Corp;Barranquilla;Mobiliario;43;988.17;0.13
TXN-11460;2026/12/09;Eko Group;Bucaramanga;Mobiliario;-46;113,02;0.24
TXN-11461;2026/04/11;Bio Health;Bogotá;Mobiliario;47;262.92;0.09
TXN-11462;2026/10/30;Bio Health;Barranquilla;Oficina;10;170,25;0.3
TXN-11463;2024/10/16;Bio Health;Bogotá;Electrónica;1;72.77;0.07
TXN-11464;2025/08/17;Eco Group;Bogotá;Mobiliario;89;209.85;0.23
TXN-11465;2025/07/16;Acme SAS;Barranquilla;Electrónica;100;1097.4;0.08
TXN-11466;2024/07/12;Bio Health;Barranquilla;Mobiliario;47;1071.22;0.08
TXN-11467;2026/02/28;Tech Corp;Cali;Mobiliario;18;1315.16;0.22
TXN-11468;2026/02/20;Edu Corp;Bogotá;Oficina;58;1124.27;0.2
TXN-11469;2026/08/15;Neo Systems;Cali;Servicios;79;810.28;0.28
TXN-11470;2025/02/10;Tech Corp;Bogotá;Software;9;940.16;0.3
TXN-11471;2024/10/26;Neo Systems;Barranquilla;Mobiliario;81;289.26;0.02
TXN-11472;2025/06/17;Eco Group;Bogotá;Servicios;98;601.35;0.19
TXN-11473;2026/12/26;Eco Group;Bogotá;Mobiliario;66;38.35;0.01
TXN-11474;2024/09/24;Neo Systems;Bogotá;Electrónica;86;1028.67;0.02
TXN-11475;07-04-2025;Edu Corp;Bogota ;Oficin ;80;275.76;0.03
TXN-11476;2025/12/27;Global Trade;Cali;Software;26;345.72;0.03
TXN-11477;2025/01/09;Acme SAS;Cali;Mobiliario;40;1066.7;0.07
TXN-11478;2024/11/08;Tech Corp;Medellín;Electrónica;52;543.52;0.21
TXN-11479;2026/01/06;Tech Corp;Medellín;Mobiliario;92;858.62;0.27
TXN-11480;2024/10/19;Tech Corp;Bogotá;Electrónica;54;581.87;0.28
TXN-11481;2025/08/24;Global Trade;Cali;Oficina;67;1087.43;0.3
tx_ 11482;2025/04/13;Neo Systems;Medellín;Mobilia;66;871.86;0.16
TXN-11483;2025/03/07;Eco Group;Cali;Oficina;49;1491.78;0.11
TXN-11484;2025/07/25;Tech Corp;Medellín;Mobiliario;31;635.44;0.21
TXN-11485;2026/11/26;Tech Corp;Bucaramanga;Servicios;70;97.73;0.17
TXN-11486;2025/04/22;Bio Health;Bogotá;Electrónica;30;1001.78;0.01
TXN-11487;2024/06/10;Tech Corp;Barranquilla;Software;85;1326.22;0.02
TXN-11488;2024/08/23;Acme SAS;Medellín;Electrónica;26;733.81;0.12
TXN-11489;2026/05/09;Edu Corp;Bucaramanga;Electrónica;89;181.23;0.13
TXN-11490;2024/04/28;Acme SAS;Cali;Software;12;128.5;0.12
TXN-11491;2026/01/16;Edu Corp;Cali;Oficina;50;779.45;0.01
TXN-11492;2025/12/20;Bio Health;Bogotá;Mobiliario;85;394.65;0.12
TXN-11493;2024/04/20;Eco Group;Bogotá;Software;2;1125.69;0.29
TXN-11494;2026/01/22;Acme SAS;Bogotá;Electrónica;7;81.56;0.24
TXN-11495;2025/09/22;Bio Health;Medellín;Servicios;94;1385.88;0.24
TXN-11496;2026/10/14;Bio Health;Bucaramanga;Oficina;77;287.42;0.26
TXN-11497;2026/06/13;Neo Systems;Bogotá;Software;38;362.73;0.21
TXN-11498;2025/01/13;Bio Health;Bucaramanga;Electrónica;49;1151.2;0.05
TXN-11499;2025/01/02;Neo Systems;Cali;Mobiliario;4;1063.28;0.21
TXN-11500;2024/09/10;Tech Corp;Medellín;Servicios;10;935.12;0.13
TXN-11501;2025/12/05;Acme SAS;Barranquilla;Servicios;43;904.05;0.19
TXN-11502;2025/06/26;Neo Systems;Bogotá;Software;3;1340.94;0.06
TXN-11503;2025/06/10;Global Trade;Bucaramanga;Mobiliario;93;592.92;0.2
TXN-11504;2025/06/30;Bio Health;Cali;Software;25;451.21;0.22
TXN-11505;2024/02/27;Eco Group;Bogotá;Mobiliario;54;254.68;0.22
TXN-11506;2026/05/13;Edu Corp;Cali;Oficina;35;872.35;0.1
TXN-11507;2024/09/17;Global Trade;Cali;Electrónica;27;163.25;0.1
TXN-11508;2024/01/27;Neo Systems;Bogotá;Mobiliario;13;315.49;0.25
TXN-11509;2026/04/12;Neo Systems;Bogotá;Electrónica;4;978.75;0.25
TXN-11510;2026/01/20;Bio Health;Barranquilla;Oficina;27;452.35;0.29
TXN-11511;2025/08/26;Eco Group;Barranquilla;Oficina;83;1077.78;0.22
TXN-11512;2025/11/28;Bio Health;Barranquilla;Software;18;410.05;0.27
TXN-11513;2024/09/27;Global Trade;Bucaramanga;Electrónica;65;1209.13;0.23
TXN-11514;2024/07/13;Edu Corp;Bogotá;Servicios;74;595.8;0.24
TXN-11515;2024/12/08;Bio Health;Medellín;Software;68;527.04;0.05
TXN-11516;2026/01/31;Eco Group;Bogotá;Mobiliario;67;1284.4;0.14
TXN-11517;2025/01/31;Eco Group;Bucaramanga;Electrónica;13;120.71;0.21
TXN-11518;2025/01/28;Edu Corp;Medellín;Oficina;20;1225.15;0.09
TXN-11519;2025/03/19;Edu Corp;Bucaramanga;Electrónica;22;1435.99;0.25
TXN-11520;13-01-2025;Acme SAS;BGA;Servicios;67;941.22;N/A
TXN-11521;2025/02/05;Eco Group;Bucaramanga;Servicios;24;590.6;0.19
TXN-11522;2026/06/27;Edu Corp;Bucaramanga;Software;85;1318.8;0.29
TXN-11523;2026/09/19;Global Trade;Bogotá;Software;73;342.3;0.03
TXN-11524;2024/06/13;Neo Systems;Barranquilla;Oficina;90;1104.78;0.12
TXN-11525;2026/02/01;Acme SAS;Barranquilla;Oficina;50;1068.7;0.26
TXN-11526;2024/06/27;Edu Corp;Cali;Servicios;33;532.83;0.26
TXN-11527;2025/02/21;Bio Health;Bucaramanga;Servicios;44;752.22;0.03
TXN-11528;2024/09/21;Bio Health;Bucaramanga;Mobiliario;19;1052.19;0.27
TXN-11529;2024/11/30;Eco Group;Medellín;Oficina;8;1237.84;0.05
TXN-11530;2026/11/04;Global Trade;Bucaramanga;Servicios;60;1093.46;0.18
TXN-11531;2026/04/19;Edu Corp;Cali;Servicios;98;959.98;0.26
TXN-11532;2025/04/02;Neo Systems;Barranquilla;Mobiliario;73;773.75;0.02
TXN-11533;2026/09/29;Global Trade;Bogotá;Servicios;30;1238.39;0.01
TXN-11534;2026/03/22;Bio Health;Cali;Servicios;55;536.36;0.14
TXN-11535;2024/09/01;Tech Corp;Cali;Software;54;211.35;0.07
TXN-11536;2024/12/02;Tech Corp;Bogotá;Mobiliario;83;1337.28;0.09
TXN-11537;2025/01/14;Neo Systems;Bucaramanga;Oficina;93;447.19;0.22
TXN-11538;2026/11/14;Acme sas ;Barranquilla;Mobiliario;4;558.73;0.08
TXN-11539;2025/03/04;Acme SAS;Bucaramanga;Oficina;76;329.92;0.2
TXN-11540;2026/12/01;Bio Health;Medellín;Servicios;58;197.75;0.02
TXN-11541;2025/08/01;Global Trade;Barranquilla;Servicios;98;260.5;0.1
TXN-11542;2025/08/08;Acme SAS;Cali;Oficina;10;659.25;0.14
TXN-11543;2026/01/25;Bio Health;Bogotá;Oficina;78;318.04;0.22
TXN-11544;2024/04/10;Eco Group;Bucaramanga;Oficina;5;1292.73;0.11
TXN-11545;2025/05/04;Global Trade;Bucaramanga;Mobiliario;5;963.17;0.26
TXN-11546;2025/07/29;Global Trade;Medellín;Software;99;171.18;0.06
TXN-11547;2026/11/02;Edu Corp;Bogotá;Servicios;39;1395.94;0.24
TXN-11548;2024/03/16;Acme SAS;Bucaramanga;Oficina;43;1218.98;0.15
TXN-11549;2024/05/26;Neo Systems;Medellín;Mobiliario;95;406.76;0.3
TXN-11550;2024/12/26;Acme SAS;Medellín;Mobiliario;92;1012.97;0.21
TXN-11551;2026/08/01;Global Trade;Cali;Software;62;571.48;0.2
TXN-11552;2024/09/25;Global Trade;Bogotá;Electrónica;78;514.61;0.17
TXN-11553;2024/09/18;Eco Group;Bucaramanga;Software;71;459.35;0.08
TXN-11554;2025/08/05;Global Trade;Medellín;Electrónica;34;1161.61;0.04
TXN-11555;2024/12/20;Acme SAS;Bogotá;Oficina;69;946.26;0.22
TXN-11556;2024/06/21;Bio Health;Barranquilla;Software;98;1153.12;0.06
TXN-11557;2026/10/16;Eco Group;Medellín;Servicios;24;33.31;0.03
TXN-11558;2025/11/03;Edu Corp;Medellín;Software;10;1106.47;0.03
TXN-11559;2025/06/24;Bio Health;Cali;Oficina;72;83.21;0.11
TXN-11560;2024/08/12;Tech Corp;Bogotá;Electrónica;89;420.44;0.25
TXN-11561;2025/02/04;Neo Systems;Barranquilla;Software;59;193.79;0.26
TXN-11562;2026/03/31;Tech Corp;Medellín;Software;17;1062.95;0.06
TXN-11563;2026/11/16;Acme SAS;Bogotá;Software;31;204.54;0.2
TXN-11564;2025/01/24;Bio Health;Bogotá;Servicios;9;1179.98;0.14
TXN-11565;2025/10/14;Edu Corp;Barranquilla;Electrónica;11;27.5;0.03
TXN-11566;2026/07/09;Bio Health;Medellín;Servicios;50;196.01;0.22
TXN-11567;2025/02/16;Edu Corp;Bucaramanga;Software;10;547.24;0.25
TXN-11568;2024/02/08;Eco Group;Barranquilla;Electrónica;75;1294.69;0.02
TXN-11569;2024/10/18;Edu Corp;Bucaramanga;Electrónica;38;471.09;0.23
TXN-11570;2026/10/07;Bio Health;Bucaramanga;Software;34;383.0;0.25
TXN-11571;2026/08/26;Bio Health;Barranquilla;Oficina;75;1274.57;0.04
TXN-11572;2024/03/26;Bio Health;Bucaramanga;Electrónica;51;1284.11;0.17
TXN-11573;2025/03/05;Eco Group;Bogotá;Electrónica;12;1115.94;0.14
TXN-11574;2025/10/29;Neo Systems;Cali;Electrónica;92;1105.57;0.17
TXN-11575;2024/06/03;Eco Group;Bucaramanga;Software;97;317.54;0.03
TXN-11576;2025/05/10;Global Trade;Bucaramanga;Electrónica;56;350.15;0.29
TXN-11577;2025/05/18;Neo Systems;Bucaramanga;Electrónica;26;835.28;0.19
TXN-11578;2025/04/25;Acme sas ;Medellin;electronica;61;654.09;0.03
TXN-11579;2024/09/24;Neo Systems;Cali;Electrónica;57;972.69;0.04
TXN-11580;2025/03/09;Eco Group;Bogotá;Mobiliario;71;1056.05;0.27
TXN-11581;2024/04/28;Tech Corp;Bogotá;Software;39;995.05;0.24
TXN-11582;2024/10/02;Eco Group;Barranquilla;Electrónica;80;80.11;0.13
TXN-11583;2025/02/09;Acme SAS;Cali;Oficina;98;658.78;0.16
TXN-11584;2024/02/03;Acme SAS;Bucaramanga;Servicios;2;793.49;0.18
TXN-11585;2025/09/13;Neo Systems;Cali;Software;44;455.38;0.06
TXN-11586;2024/07/14;Tech Corp;Cali;Oficina;43;621.37;0.04
TXN-11587;2024/12/24;Neo Systems;Cali;Electrónica;24;753.03;0.06
TXN-11588;22-04-2026;Neo Systems;Cali;Sftware;27;1179.57;N/A
TXN-11589;2026/02/14;Global Trade;Barranquilla;Electrónica;22;83.79;0.19
tx_ 11590;2025/09/04;N3o Systems;Bucaramanga;Servicios;21;1426.4;0.26
TXN-11591;2025/08/05;Global Trade;Cali;Servicios;4;398.73;0.19
TXN-11592;2026/09/17;Edu Corp;Bucaramanga;Software;20;702.55;0.04
tx_ 11593;11-11-2025;Bio-Health;Bogota ;Mobilia;72;608.47;0.24
TXN-11594;2026/08/25;Tech Corp;Bucaramanga;Oficina;29;216.97;0.07
TXN-11595;2024/03/27;Edu Corp;Bucaramanga;Servicios;96;853.23;0.26
TXN-11596;2024/01/01;Acme SAS;Barranquilla;Software;12;774.93;0.23
TXN-11597;2024/10/11;Edu Corp;Bogotá;Oficina;46;131.73;0.02
TXN-11598;2025/10/26;Tech Corp;Cali;Electrónica;86;1376.93;0.24
TXN-11599;2025/05/10;Bio Health;Medellín;Software;87;1407.22;0.03
TXN-11600;2025/10/22;Acme SAS;Bogotá;Electrónica;74;1141.4;0.22
TXN-11601;2024/02/04;Edu Corp;Bucaramanga;Servicios;89;1031.95;0.04
tx_ 11602;2025/09/01;EduCorp;bogota; Servicios ;31;162.48;0.08
TXN-11603;;Tech Corp;BGA;Software;-64;1482.06;0.05
TXN-11604;2025/12/30;Tech Corp;Barranquilla;Mobiliario;23;426.33;0.14
TXN-11605;02-05-2026;Edu Corp;Barranquilla;Mobiliario;33;148,7;0.03
TXN-11606;2025/09/20;Bio-Health;Bogota ;Oficin ;72;332.1;0.15
TXN-11607;2024/11/19;Bio Health;Cali;Software;78;1037.89;0.17
TXN-11608;2024/05/09;Global Trade;Barranquilla;Software;91;36.16;0.1
TXN-11609;2025/08/29;Acme SAS;Bucaramanga;Electrónica;23;759.82;0.28
TXN-11610;2026/12/13;Edu Corp;Cali;Servicios;20;236.79;0.08
TXN-11611;12-09-2024;Tech Corp;Barranqilla;Mobilia;36;1007.79;0.13
TXN-11612;2026/07/06;Tech Corp;Medellín;Servicios;46;808.03;0.12
TXN-11613;2025/08/29;Global Trade;Barranquilla;Software;100;1407.14;0.03
TXN-11614;22-06-2024;Global Trade;BGA;Oficina;77;1455,98;0.09
TXN-11615;2024/07/30;Edu Corp;Barranquilla;Software;11;1181.66;0.09
TXN-11616;2024/09/03;Global Trade;Bucaramanga;Oficina;97;174.33;0.19
TXN-11617;2024/05/16;Neo Systems;Medellín;Mobiliario;58;1419.96;0.0
TXN-11618;2024/11/27;Global Trade;Barranquilla;Servicios;49;1492.12;0.29
TXN-11619;2024/09/25;Tech Corp;Medellín;Oficina;7;1232.75;0.04
TXN-11620;2025/01/28;Edu Corp;Cali;Oficina;82;1338.76;0.27
TXN-11621;2024/02/16;Global Trade;Cali;Mobiliario;40;10.01;0.05
TXN-11622;2024/09/24;Global Trade;Bucaramanga;Software;55;468.76;0.27
TXN-11623;2026/10/17;Neo Systems;Bucaramanga;Software;17;419.53;0.2
TXN-11624;2025/10/19;Acme SAS;Bucaramanga;Mobiliario;51;835.69;0.0
TXN-11625;2025/04/19;Neo Systems;Bogotá;Mobiliario;97;1467.27;0.09
TXN-11626;2025/07/15;Bio Health;Barranquilla;Servicios;26;632.59;0.23
tx_ 11627;24-04-2026;Global Trade;Cali;electronica;27;27.37;0.22
TXN-11628;2024/07/25;Bio Health;Cali;Software;41;1416.06;0.18
TXN-11629;27-12-2025;Edu Corp;medeLLin; Servicios ;50;334.07;0.21
TXN-11630;2025/04/16;tech corp;Medellin;Mobilia;51;1392.95;0.21
TXN-11631;2024/01/30;Edu Corp;Cali;Servicios;13;1339.15;0.13
TXN-11632;2026/02/17;Global Trade;Bucaramanga;Mobiliario;5;526.23;0.14
TXN-11633;2026/04/14;Acme SAS;Medellín;Servicios;16;958.95;0.15
TXN-11634;2024/11/11;Neo Systems;Bucaramanga;Oficina;8;265.68;0.21
TXN-11635;2025/10/28;Eko Group;bogota;Software;61;500.1;N/A
TXN-11636;2025/08/10;Tech Corp;Cali;Mobiliario;62;971.77;0.1
TXN-11637;2024/03/05;Neo Systems;Bucaramanga;Servicios;3;1066.58;0.25
TXN-11638;08-05-2024;Acme SAS;Barranquilla; Servicios ;73;794.28;0.18
TXN-11639;2026/03/20;Eko Group;Bogota ;Oficina;70;1287.59;0.25
TXN-11640;2025/05/30;Acme SAS;Medellín;Software;56;834.22;0.14
TXN-11641;2025/02/01;Bio Health;Barranquilla;Oficina;20;1325.63;0.09
TXN-11642;2026/07/27;Edu Corp;Bogotá;Oficina;99;128.35;0.0
TXN-11643;2026/11/19;Neo Systems;Bogotá;Oficina;22;1489.88;0.1
TXN-11644;2026/07/10;Global Trade;Cali;Mobiliario;81;612.69;0.09
TXN-11645;2026/09/17;Bio Health;Medellín;Mobiliario;78;1147.76;0.02
tx_ 11646;2026/12/21;Tech Corp;bogota;Servicios;21;1027,08;0.18
TXN-11647;2025/02/01;Eco Group;Bucaramanga;Software;90;1254.53;0.08
TXN-11648;2026/02/04;Neo Systems;Bogotá;Software;34;208.74;0.27
TXN-11649;2025/12/20;Bio Health;Cali;Electrónica;61;743.19;0.23
TXN-11650;2025/09/27;Eco Group;Cali;Servicios;83;1045.19;0.24
TXN-11651;2024/12/23;Bio Health;Medellín;Servicios;28;1297.43;0.25
TXN-11652;2025/03/02;Acme SAS;Cali;Servicios;7;846.11;0.22
TXN-11653;2025/05/16;Tech Corp;Barranquilla;Servicios;50;696.52;0.01
TXN-11654;2024/05/08;Edu Corp;Cali;Mobiliario;59;1128.2;0.22
TXN-11655;2025/07/25;Acme SAS;Cali;Oficina;13;557.5;0.06
TXN-11656;2024/01/14;Global Trade;Medellín;Servicios;20;78.87;0.27
TXN-11657;2025/06/16;Eco Group;Barranquilla;Electrónica;18;973.11;0.08
TXN-11658;2026/06/13;Bio Health;Bogotá;Software;48;1392.85;0.08
TXN-11659;2025/08/22;Tech Corp;Cali;Electrónica;91;1357.84;0.03
tx_ 11660;2024/08/11;Acme SAS;Cali;Oficin ;-34;100.51;0.26
TXN-11661;2026/10/12;Acme SAS;Cali;Oficina;96;205.76;0.3
TXN-11662;2024/08/28;Edu Corp;Medellín;Servicios;8;339.75;0.13
TXN-11663;2024/08/05;Acme SAS;Medellín;Servicios;31;748.0;0.26
TXN-11664;2025/01/27;Acme SAS;Bogotá;Software;66;436.44;0.29
TXN-11665;01-11-2026;Eco Group;BGA;Software;-63;673.24;0.17
TXN-11666;2024/01/08;Neo Systems;Medellín;Oficina;75;801.58;N/A
TXN-11667;2024/11/09;Acme SAS;Medellín;Oficina;90;747.32;0.03
TXN-11668;2024/04/16;Bio Health;Medellín;Software;42;849.97;0.06
TXN-11669;2024/09/07;Edu Corp;Bucaramanga;Software;81;1109.07;0.08
TXN-11670;2026/03/06;Global Trade;Cali;Software;52;1424.06;0.06
TXN-11671;2025/12/22;Global Trade;Bogotá;Software;78;926.42;0.25
TXN-11672;2025/01/07;Edu Corp;Bucaramanga;Mobiliario;63;1296.03;0.12
TXN-11673;2026/02/10;Neo Systems;Barranquilla;Oficina;14;947.2;0.0
TXN-11674;2026/12/16;Edu Corp;Bucaramanga;Oficina;96;868.53;0.12
TXN-11675;2026/09/09;Bio Health;Barranquilla;Oficina;5;1154.0;0.2
TXN-11676;2026/12/14;Bio Health;Medellín;Oficina;76;1465.68;0.18
TXN-11677;2024/01/05;Global Trade;Medellín;Oficina;32;785.32;0.27
TXN-11678;2024/09/11;Eco Group;Bogotá;Software;34;340.31;0.04
TXN-11679;2025/10/11;Eco Group;Barranquilla;Software;20;449.11;0.07
TXN-11680;2026/10/08;Acme SAS;Medellín;Servicios;27;733.54;0.3
TXN-11681;2026/02/24;Global Trade;Medellín;Software;51;95.14;0.21
TXN-11682;2024/04/21;Eco Group;Cali;Oficina;63;1278.47;0.07
TXN-11683;2025/02/19;Acme SAS;Cali;Electrónica;19;1340.9;0.1
TXN-11684;2026/04/01;Global Trade;Cali;Mobiliario;69;1375.78;0.06
TXN-11685;2026/05/01;Neo Systems;Cali;Oficina;47;946.69;0.11
TXN-11686;2026/03/15;Eco Group;Medellín;Electrónica;27;97.4;0.0
TXN-11687;2026/11/09;Bio Health;Bucaramanga;Mobiliario;67;567.86;0.28
TXN-11688;2025/06/13;Eco Group;Barranquilla;Mobiliario;80;862.27;0.28
tx_ 11689;10-05-2024;Edu Corp;Cali;Software;-15;975.09;0.14
TXN-11690;2025/06/13;Edu Corp;Bogotá;Electrónica;76;639.68;0.11
TXN-11691;2025/10/03;Bio Health;Barranquilla;Software;71;1194.33;0.05
TXN-11692;2024/10/06;Bio Health;Cali;Oficina;43;476.77;0.18
TXN-11693;2025/02/20;Eco Group;Bucaramanga;Electrónica;9;481.03;0.01
TXN-11694;2024/10/29;Edu Corp;Barranquilla;Electrónica;5;1179.7;0.07
TXN-11695;2026/03/29;Neo Systems;Barranquilla;Mobiliario;21;1143.86;0.09
TXN-11696;2026/04/11;Eko Group;Barranquilla;Oficina;61;890.65;0.3
TXN-11697;2024/10/29;Eco Group;Barranquilla;Software;66;834.43;0.1
TXN-11698;2024/10/01;EduCorp;cali;Servicios;7;971.8;0.22
TXN-11699;2025/02/27;Eco Group;Medellín;Electrónica;83;859.89;0.21
TXN-11700;2024/06/22;Tech Corp;Bogotá;Servicios;39;1077.22;0.29
TXN-11701;2025/10/07;Global Trade;Cali;Software;10;805.77;0.1
TXN-11702;2026/06/22;Tech Corp;Bucaramanga;Mobiliario;41;188.79;0.15
tx_ 11703;;N3o Systems;Cali;Oficina;-76;698,44;0.11
TXN-11704;2025/04/14;Acme sas ;bogota; Servicios ;90;829.63;0.29
TXN-11705;2026/08/23;Edu Corp;Bucaramanga;Servicios;13;732.88;0.16
TXN-11706;2026/11/27;Acme SAS;Bucaramanga;Electrónica;78;873.44;0.01
TXN-11707;2025/07/28;Edu Corp;Cali;Servicios;77;580.43;0.19
TXN-11708;2025/08/12;Tech Corp;Cali;Software;20;700.87;0.25
TXN-11709;2025/10/09;Tech Corp;Bucaramanga;Oficina;41;876.85;0.16
TXN-11710;2025/06/16;Bio Health;Medellín;Electrónica;36;880.28;0.18
TXN-11711;2024/07/07;Global Trade;Medellín;Software;33;1404.6;0.27
TXN-11712;2026/12/01;Tech Corp;Cali;Servicios;87;1452.36;0.19
TXN-11713;2024/10/07;Global Trade;Cali;Mobiliario;94;995.89;0.05
TXN-11714;2024/05/13;Bio Health;Bogotá;Electrónica;49;72.64;0.22
TXN-11715;2026/07/22;Edu Corp;Bucaramanga;Servicios;24;1165.79;0.06
TXN-11716;2026/08/28;Neo Systems;Barranquilla;Mobiliario;59;1069.33;0.16
TXN-11717;2026/12/20;Bio Health;Bucaramanga;Mobiliario;58;1447.74;0.15
TXN-11718;2026/07/06;Acme SAS;Cali;Electrónica;17;208.68;0.25
TXN-11719;2024/02/12;Edu Corp;Barranquilla;Software;40;1458.86;0.11
TXN-11720;2024/09/07;Global Trade;Barranquilla;Electrónica;94;696.11;0.2
TXN-11721;2025/09/29;Eko Group;Medellín;Mobiliario;100;322.97;0.12
TXN-11722;2025/11/21;Eco Group;Medellín;Servicios;74;621.57;0.0
TXN-11723;2026/09/16;Neo Systems;cali;Oficina;68;739.31;0.27
TXN-11724;2025/11/02;Eco Group;Cali;Mobiliario;66;1230.95;0.22
tx_ 11725;02-01-2025; Global trade;Bogotá;Oficina;32;1137.98;N/A
TXN-11726;2024/08/20;Eco Group;Cali;Oficina;69;1442.3;0.04
TXN-11727;2025/03/20;tech corp;Barranquilla;Oficina;7;1293.69;0.15
TXN-11728;2026/01/24;Global Trade;BGA;Electrónica;92;1095.17;0.1
TXN-11729;2025/08/29;Neo Systems;Bucaramanga;Servicios;49;1225.5;0.28
TXN-11730;2025/08/17;Eco Group;Medellín;Oficina;32;558.82;0.2
TXN-11731;2026/07/19;Acme SAS;Barranquilla;Electrónica;47;577.44;0.18
TXN-11732;19-10-2024;Eco Group;Barranquilla;Electrónica;56;1127,98;0.01
TXN-11733;2025/02/01;Eco Group;Barranquilla;Servicios;15;1298.67;0.09
TXN-11734;2024/01/29;Tech Corp;Cali;Oficina;54;1035.32;0.22
TXN-11735;2025/11/16;Bio Health;Bogotá;Software;1;782.44;0.02
TXN-11736;2024/05/10;Eco Group;Medellín;Electrónica;43;113.66;0.08
TXN-11737;2026/08/29;Bio Health;Bogotá;Electrónica;84;735.48;0.21
TXN-11738;2026/04/01;Neo Systems;Medellín;Oficina;92;653.67;0.28
TXN-11739;2025/04/07;Edu Corp;Medellín;Oficina;64;1424.84;0.23
TXN-11740;2026/06/23;Eco Group;Barranquilla;Servicios;4;682.2;0.03
TXN-11741;2024/05/24;Neo Systems;Medellín;Oficina;31;398.17;0.18
TXN-11742;2026/06/18;Bio Health;Cali;Electrónica;92;60.51;0.1
TXN-11743;2026/09/04;Acme SAS;Medellín;Servicios;97;245.86;0.06
TXN-11744;2024/11/14;Neo Systems;Medellín;Software;95;435.63;0.02
TXN-11745;2024/09/12;Tech Corp;Medellín;Software;80;877.74;0.3
TXN-11746;2025/02/20;Tech Corp;Bucaramanga;Software;85;1026.79;0.24
TXN-11747;2025/07/21;Bio Health;Cali;Oficina;83;925.09;0.08
TXN-11748;2026/03/05;Tech Corp;Bogotá;Servicios;56;1382.87;0.13
TXN-11749;2026/07/26;Tech Corp;Cali;Electrónica;20;1390.82;0.21
TXN-11750;2026/10/02;Eco Group;Barranquilla;Mobiliario;88;1466.71;0.17
TXN-11751;2026/02/12;Tech Corp;Bogotá;Software;37;727.13;0.12
TXN-11752;2024/03/10;Bio Health;Bogotá;Oficina;58;290.93;0.27
TXN-11753;2024/09/06;Edu Corp;Bogota ;Mobilia;10;663.33;0.26
TXN-11754;2025/02/01;Global Trade;Bogotá;Electrónica;94;395.79;0.18
TXN-11755;2024/01/10;Acme SAS;Bucaramanga;Electrónica;16;1066.99;0.18
TXN-11756;2024/02/15;Global Trade;Medellín;Mobiliario;44;1377.79;0.09
TXN-11757;2026/09/24;Neo Systems;Bogotá;Software;4;1174.36;0.27
TXN-11758;2025/08/11;Global Trade;Medellín;Servicios;59;1499.44;0.15
TXN-11759;2025/11/07;Neo Systems;Bucaramanga;Mobiliario;40;593.53;0.01
TXN-11760;2024/01/24;Acme SAS;Bogotá;Electrónica;75;1229.89;0.05
TXN-11761;2025/06/30;Neo Systems;Bucaramanga;Electrónica;59;247.64;0.26
TXN-11762;2025/03/10;Acme SAS;Bogotá;Servicios;17;363.49;0.07
TXN-11763;2024/01/13;Edu Corp;Bucaramanga;Electrónica;77;264.46;0.2
TXN-11764;2025/04/12;Bio Health;Bucaramanga;Oficina;5;980.86;0.09
TXN-11765;2024/09/06;Edu Corp;Cali;Electrónica;18;244.23;0.09
TXN-11766;2026/10/14;Tech Corp;Barranquilla;Mobiliario;35;565.72;0.15
TXN-11767;2025/02/11;Global Trade;Cali;Mobiliario;4;78.64;0.2
TXN-11768;2024/02/17;Tech Corp;Medellín;Mobiliario;36;769.52;0.26
TXN-11769;2026/01/25;Bio-Health;Bogotá;Electrónica;19;133.73;0.28
TXN-11770;2025/09/16; Global trade;bogota;Electrónica;33;1499,55;0.09
TXN-11771;2026/11/22;Neo Systems;Medellín;Electrónica;10;1431.58;0.03
TXN-11772;2026/11/09;Edu Corp;Medellín;Mobiliario;17;1289.8;0.07
TXN-11773;2024/10/23;Acme SAS;Cali;Software;79;251.17;0.22
TXN-11774;2026/08/25;Bio Health;Cali;Servicios;41;612.07;0.28
TXN-11775;2024/11/25;Bio Health;Bucaramanga;Mobiliario;96;1391.18;0.18
TXN-11776;2026/03/30;Tech Corp;Medellín;Software;11;1415.09;0.3
TXN-11777;2025/01/11;Global Trade;Bucaramanga;Electrónica;52;393.92;0.28
TXN-11778;2025/06/06;Tech Corp;Cali;Servicios;34;267.5;0.01
TXN-11779;2025/05/08;Acme SAS;Cali;Oficina;40;327.39;0.22
TXN-11780;2025/01/21;Acme SAS;Barranquilla;Servicios;64;1426.95;0.16
TXN-11781;2025/01/31;Eco Group;Bogotá;Oficina;80;534.38;0.24
TXN-11782;2025/07/27;Global Trade;Barranquilla;Servicios;7;1339.91;0.01
TXN-11783;2025/02/01;Acme SAS;Cali;Oficina;76;205.08;0.13
TXN-11784;2026/09/26;Edu Corp;Bogotá;Servicios;50;699.81;0.02
TXN-11785;2024/06/26;Edu Corp;Cali;Servicios;73;727.48;0.07
TXN-11786;2025/07/28;Tech Corp;Bucaramanga;Oficina;90;392.24;0.01
TXN-11787;2024/06/09;Tech Corp;Bogotá;Mobiliario;43;388.42;0.05
TXN-11788;2026/09/02;Eco Group;Barranquilla;Servicios;73;984.7;0.15
TXN-11789;2026/07/22;Bio Health;Bucaramanga;Software;97;181.73;0.3
TXN-11790;2024/05/09;Tech Corp;Cali;Electrónica;91;997.31;0.25
TXN-11791;2024/07/14;Global Trade;Bucaramanga;Mobiliario;48;1334.5;0.24
TXN-11792;2025/04/08;Acme SAS;Cali;Servicios;60;1466.89;0.29
TXN-11793;2026/03/03;Global Trade;Bucaramanga;Oficina;70;1155.69;0.15
TXN-11794;2026/03/23;Edu Corp;Medellín;Servicios;40;1165.54;0.16
TXN-11795;2026/06/24;Eco Group; Bogo-ta;Mobiliario;19;148.33;0.27
TXN-11796;2025/01/08;Neo Systems;Medellín;Mobiliario;43;60.76;0.16
TXN-11797;2024/07/03;Bio Health;Bucaramanga;Mobilia;20;1093.57;0.17
TXN-11798;2026/11/15;Eco Group;Cali;Electrónica;91;1227.62;0.21
TXN-11799;2026/02/12;Acme SAS;Medellín;Software;20;387.58;0.28
tx_ 11800;14-10-2026; Global trade;Barranquilla;Sftware;57;89.43;0.04
TXN-11801;2024/12/20;Bio Health;Bogotá;Software;93;16.1;0.14
TXN-11802;2025/03/24;Bio Health;Medellín;Software;62;549.26;0.02
TXN-11803;2025/12/24;Eco Group;Bogotá;Electrónica;55;234.32;0.12
TXN-11804;2024/06/20;Neo Systems;Bogota ;electronica;85;271,94;N/A
TXN-11805;2024/11/08;Tech Corp;Cali;Mobiliario;16;1414.1;0.01
TXN-11806;2025/05/30;Global Trade;Cali;Mobiliario;7;1330.96;0.04
tx_ 11807;2024/12/24; Global trade;Barranquilla; Servicios ;15;720.08;N/A
TXN-11808;2024/02/01;Edu Corp;Bogotá;Electrónica;43;152.59;0.13
TXN-11809;2026/01/24;Bio Health;Barranquilla;Software;35;799.06;0.09
TXN-11810;2026/01/07;Eco Group;Medellín;Electrónica;96;1306.41;0.28
TXN-11811;2026/05/02;Acme SAS;Medellín;Electrónica;85;328.74;0.05
TXN-11812;2026/10/10;Tech Corp;Bogotá;Software;31;1032.53;0.02
TXN-11813;2026/12/04;Eco Group;Medellín;Software;34;1027.82;0.09
tx_ 11814;2025/04/07;Eko Group;bogota;Servicios;24;643,75;N/A
TXN-11815;2024/05/21;Global Trade;Barranquilla;Servicios;44;909.62;0.26
TXN-11816;2026/09/19;Global Trade;Barranquilla;Servicios;92;790.54;N/A
TXN-11817;2026/04/28;Acme sas ; Bogo-ta;Mobiliario;3;1440.14;0.25
TXN-11818;2025/01/02;Edu Corp;Medellín;Servicios;9;676.61;0.12
TXN-11819;2025/07/11;Bio Health;Bogotá;Oficina;30;538.52;0.28
TXN-11820;2024/09/14;Eco Group;Medellín;Oficina;37;174.34;0.05
TXN-11821;2025/08/04;Tech Corp;Cali;Electrónica;9;1430.22;0.15
TXN-11822;2024/01/04;Acme SAS;Medellín;Software;78;961.91;0.02
TXN-11823;2024/02/14;Acme SAS;Bogotá;Oficina;6;559.79;0.11
TXN-11824;2025/12/12;Eco Group;Bogotá;Software;8;265.73;0.14
TXN-11825;2025/07/11;Eco Group;Bucaramanga;Mobiliario;82;703.81;0.14
TXN-11826;2026/03/31;Eco Group;Bogotá;Oficina;8;711.1;0.05
TXN-11827;2024/05/05;Acme SAS;Medellín;Mobiliario;34;1323.61;0.05
TXN-11828;2024/01/29;tech corp; Bogo-ta;Software;88;814.84;0.2
TXN-11829;2025/03/19;Tech Corp;Bogotá;Electrónica;46;302.02;0.01
TXN-11830;2026/04/16;Bio Health;Bogotá;Software;7;1162.54;0.05
TXN-11831;2026/04/22;Eco Group;Barranquilla;Mobiliario;85;563.33;0.15
TXN-11832;2026/07/06;Global Trade;Cali;Servicios;89;175.13;0.13
TXN-11833;2024/12/26;Tech Corp;Medellín;Software;66;50.31;0.0
TXN-11834;2025/10/24;Tech Corp;Bucaramanga;Mobiliario;36;588.75;0.06
TXN-11835;2026/10/08;Tech Corp;Barranquilla;Oficina;7;883.67;0.15
TXN-11836;2025/05/24;Edu Corp;Barranquilla;Servicios;13;689.1;0.16
TXN-11837;2024/09/25;Acme SAS;medeLLin;Servicios;76;1030.71;N/A
TXN-11838;2024/03/10;Eko Group;Medellin;Electrónica;57;1214.26;0.28
TXN-11839;2025/05/12;Tech Corp;Bogotá;Mobiliario;54;176.76;0.07
TXN-11840;2026/04/04;Eco Group;Bogotá;Mobiliario;9;1459.06;0.17
TXN-11841;2026/07/18;Acme SAS;Medellín;Servicios;83;1259.39;0.03
TXN-11842;2026/06/26;Bio Health;Medellín;Electrónica;7;262.52;0.28
TXN-11843;2026/02/01;Bio Health;Barranquilla;Mobiliario;89;1232.3;0.11
TXN-11844;2026/07/15;Eco Group;Cali;Oficina;23;1279.49;0.15
TXN-11845;2024/01/11;Neo Systems;Barranquilla;Electrónica;42;1274.59;0.12
TXN-11846;2024/08/03;Global Trade;Barranquilla;Electrónica;78;454.02;0.04
TXN-11847;2026/01/03;Eco Group;Medellín;Electrónica;70;1068.55;0.03
TXN-11848;2025/03/12;Eco Group;Medellín;Mobiliario;2;692.02;0.09
tx_ 11849;13-01-2025;Bio-Health;Medellín;Electrónica;38;660,33;0.23
TXN-11850;2024/11/28;Tech Corp;Bucaramanga;Servicios;71;1324.29;0.05
TXN-11851;2024/06/14;Bio Health;Barranquilla;Software;92;874.64;0.06
TXN-11852;2025/03/31;Tech Corp;Cali;Software;85;258.21;0.11
tx_ 11853;2024/06/21;Bio Health; Bogo-ta;Oficin ;50;550,6;0.17
TXN-11854;2026/09/05;Eco Group;Barranquilla;Software;87;537.04;0.04
TXN-11855;;Acme SAS; Bogo-ta;Mobilia;-86;801.48;0.12
TXN-11856;2026/03/23;Tech Corp;Bogotá;Servicios;37;1183.13;0.19
TXN-11857;08-09-2026;EduCorp;Barranqilla; Servicios ;37;1197,9;0.11
TXN-11858;2025/09/21;Tech Corp;Medellín;Servicios;76;403.69;0.12
TXN-11859;2026/02/14;Eco Group;Medellín;Software;78;913.39;0.19
tx_ 11860;2026/05/07;Global Trade;BGA;Servicios;-9;1043.61;0.17
tx_ 11861;2024/10/16;Eco Group;bogota;Mobiliario;22;101.08;N/A
tx_ 11862;2025/07/23;Acme SAS; Bogo-ta;Servicios;60;258,33;0.28
TXN-11863;2026/10/30;Acme SAS;Bogotá;Software;92;1420.82;0.25
TXN-11864;2026/01/27;Tech Corp;Barranquilla;Software;46;995.84;0.11
TXN-11865;2025/11/30;Bio Health;Cali;Servicios;19;477.56;0.18
TXN-11866;2025/02/28;Global Trade;Medellín;Electrónica;45;186.5;0.02
TXN-11867;2025/08/02;Edu Corp;Bucaramanga;Mobiliario;92;776.0;0.07
tx_ 11868;2024/04/28;EduCorp;Bogotá;Sftware;73;829.35;0.19
TXN-11869;2025/09/02;Tech Corp;Medellín;Oficina;7;764.3;0.2
TXN-11870;2026/07/08;Neo Systems;Bucaramanga;Oficina;72;76.73;0.03
TXN-11871;2026/06/22;Global Trade;Bogotá;Servicios;54;450.08;0.1
TXN-11872;2024/06/02;Edu Corp;Cali;Servicios;33;341.36;0.04
TXN-11873;2024/08/28;Acme SAS;Barranquilla;Electrónica;33;260.64;0.24
TXN-11874;2025/03/10;Tech Corp;Medellín;Electrónica;93;1466.15;0.15
TXN-11875;2024/01/20;Bio Health;Barranquilla;Oficina;51;1093.19;0.01
TXN-11876;2024/07/10;Global Trade;Bucaramanga;Software;9;1268.72;0.24
TXN-11877;2026/10/17;Tech Corp;Medellín;Oficina;51;1314.96;0.08
TXN-11878;2024/09/10;Eco Group;Cali;Mobiliario;10;688.88;0.16
TXN-11879;2026/03/27;Neo Systems;Barranquilla;Electrónica;38;1491.26;0.18
TXN-11880;2026/11/02;Acme SAS;Bogotá;Oficina;83;286.29;0.07
TXN-11881;;Edu Corp;Barranqilla;electronica;-71;760.34;0.16
TXN-11882;2024/07/09;Tech Corp;Bucaramanga;Software;77;859.14;0.0
TXN-11883;2026/06/23;Global Trade;Barranquilla;Mobiliario;14;1452.1;0.02
TXN-11884;2025/04/01;Neo Systems;Barranquilla;Servicios;8;41.24;0.12
TXN-11885;2024/09/09;Neo Systems;Cali;Servicios;49;60.53;0.29
TXN-11886;2025/04/20;Edu Corp;Bogotá;Oficina;54;424.74;0.0
TXN-11887;2025/05/12;Edu Corp;Bucaramanga;Electrónica;8;29.08;0.02
TXN-11888;2026/05/12;Edu Corp;Barranquilla;Servicios;17;773.06;0.24
TXN-11889;2025/02/03;Tech Corp;Barranquilla;Servicios;86;850.44;0.13
TXN-11890;2025/10/04;Tech Corp;Cali;Oficina;9;542.58;0.08
TXN-11891;2026/10/26;Edu Corp;Barranquilla;Servicios;26;891.29;0.24
TXN-11892;2024/04/15;Neo Systems;Medellín;Software;14;1220.58;0.09
TXN-11893;2025/12/22;Global Trade;Cali;Electrónica;57;620.05;0.17
TXN-11894;2026/02/04;Bio Health;Bogotá;Electrónica;5;616.39;0.16
TXN-11895;2025/09/21;Edu Corp;Barranquilla;Mobiliario;68;905.82;0.16
TXN-11896;2024/07/27;Tech Corp;Medellín;Servicios;100;864.22;0.15
TXN-11897;2024/09/10;Bio Health;Bucaramanga;Servicios;31;784.78;0.04
TXN-11898;2026/11/23;Neo Systems;Bucaramanga;Software;87;692.14;0.14
TXN-11899;2026/03/01;Bio Health;Cali;Oficina;92;787.48;0.05
TXN-11900;2024/10/01;Acme SAS;Cali;Servicios;52;1065.06;0.19
TXN-11901;2024/02/02;Eco Group;Bogotá;Mobiliario;20;116.17;0.14
TXN-11902;2024/10/25;Neo Systems;Medellín;Servicios;20;1302.22;0.23
TXN-11903;2026/11/28;Global Trade;Medellín;Electrónica;88;1014.43;0.13
TXN-11904;2025/12/09;Bio Health;Cali;Servicios;5;230.6;0.07
TXN-11905;2025/07/30;Bio Health;Bogotá;Mobiliario;46;560.35;0.13
TXN-11906;2025/06/27;Acme SAS;Cali;Electrónica;36;794.59;0.07
TXN-11907;2025/05/27;Edu Corp;Bucaramanga;Mobiliario;40;1278.32;0.07
TXN-11908;2025/06/08;Tech Corp;Barranquilla;Oficina;25;399.77;0.16
TXN-11909;2024/10/05;Edu Corp;Cali;Servicios;6;910.3;0.19
TXN-11910;2025/04/10;Global Trade;Barranquilla;Servicios;100;605.18;0.18
TXN-11911;2025/03/16;Neo Systems;Cali;Software;74;1315.52;0.15
TXN-11912;2025/01/17;Global Trade;Barranquilla;Electrónica;73;20.55;0.23
TXN-11913;2026/09/23;Neo Systems;Bogotá;Mobiliario;92;1317.5;0.22
TXN-11914;2026/11/01;Global Trade;Bucaramanga;Servicios;84;638.12;0.22
TXN-11915;2026/08/25;Bio Health;Barranquilla;Oficina;60;1306.41;0.23
TXN-11916;2026/03/22;Global Trade;Bucaramanga;Oficina;17;1490.29;0.16
TXN-11917;2025/07/04;Eco Group;Cali;Electrónica;-16;72.07;0.22
TXN-11918;2024/08/11;Neo Systems;Cali;Mobiliario;93;127.61;0.13
TXN-11919;2026/10/04;Tech Corp;Barranquilla;Oficina;11;549.8;0.17
TXN-11920;09-09-2024;Acme SAS;Bucaramanga;Servicios;64;561.84;0.09
TXN-11921;2026/02/06;Tech Corp;Bucaramanga;Electrónica;18;1284.57;0.17
TXN-11922;2025/07/18;Neo Systems;Barranquilla;Electrónica;80;1041.68;0.14
TXN-11923;2026/03/27;Neo Systems;Barranquilla;Mobiliario;84;1113.45;0.09
TXN-11924;2025/06/24;Acme SAS;Cali;Software;23;570.17;0.11
TXN-11925;2026/11/25;Tech Corp;Cali;Servicios;51;805.69;0.26
TXN-11926;2024/11/11;Acme SAS;Medellín;Mobiliario;84;44.69;0.22
TXN-11927;2026/05/22;Acme SAS;Medellín;Software;32;1387.4;0.11
TXN-11928;06-05-2025;Edu Corp;Bogotá;Electrónica;56;1223.45;0.17
TXN-11929;2026/06/26;Acme SAS;Bucaramanga;Mobiliario;77;919.09;0.2
TXN-11930;2025/01/22;Tech Corp;Bucaramanga;Servicios;81;942.2;0.06
TXN-11931;2025/03/06;Tech Corp;Bucaramanga;Electrónica;74;516.55;0.1
TXN-11932;2024/09/23;Eco Group;BGA;Servicios;-80;1442.41;0.19
TXN-11933;2026/05/31;Global Trade;Bucaramanga;Software;49;169.57;0.22
TXN-11934;2024/04/30;Bio Health;Barranquilla;Software;71;1255.54;0.21
TXN-11935;2024/02/13;Edu Corp;Barranquilla;Software;46;1364.48;0.09
TXN-11936;2024/12/19;Bio Health;Bucaramanga;Electrónica;69;184.62;0.02
TXN-11937;2026/11/14;Bio Health;medeLLin;Software;32;865,53;0.13
TXN-11938;2026/08/08;Edu Corp;Bogotá;Servicios;90;843.29;0.18
TXN-11939;2026/05/31;Global Trade;Bucaramanga;Mobiliario;73;564.58;0.08
tx_ 11940;2025/01/22;Acme sas ;Medellín;Sftware;67;104.65;0.12
TXN-11941;2024/05/17;Bio Health;Barranquilla;Electrónica;93;157.62;0.06
TXN-11942;2026/10/02;Neo Systems;Barranquilla;Mobiliario;93;918.44;0.22
TXN-11943;2024/06/06;Bio Health;Bucaramanga;Software;68;107.99;0.17
TXN-11944;2026/12/16;Bio Health;Medellín;Software;13;1314.27;0.06
TXN-11945;2025/07/10;Acme SAS;Cali;Mobiliario;22;374.45;0.21
TXN-11946;2025/08/09;Neo Systems;Barranquilla;Servicios;1;375.83;0.23
TXN-11947;2025/02/05;Acme SAS;Medellín;Oficina;79;1187.05;0.1
TXN-11948;2024/08/13;Eco Group;Bucaramanga;Servicios;74;828.32;0.1
TXN-11949;2024/12/10;Eco Group;Bucaramanga;Servicios;64;136.42;0.02
TXN-11950;2024/09/23;Bio Health;Barranquilla;Oficina;12;1164.6;0.21
TXN-11951;2025/12/08;Global Trade;Bogotá;Mobiliario;57;507.98;0.21
TXN-11952;2025/04/16;Eco Group;Cali;Servicios;38;759.28;0.23
TXN-11953;2025/10/18;Tech Corp;Bucaramanga;Electrónica;94;1005.79;0.19
tx_ 11954;2024/01/22;Edu Corp;Medellín;Servicios;22;1269.32;0.18
TXN-11955;2026/03/22;Tech Corp;Bogotá;Electrónica;37;612.92;0.24
TXN-11956;2024/12/27;Tech Corp;Barranquilla;Mobiliario;46;1314.65;0.17
TXN-11957;14-08-2025;Global Trade;Medellin;Mobiliario;29;1417.58;0.0
TXN-11958;2026/11/04;Tech Corp;Bucaramanga;Oficina;32;368.48;0.29
TXN-11959;2024/05/19;Eco Group;Bogotá;Servicios;59;692.85;0.11
TXN-11960;2026/12/02;tech corp;cali;Oficina;42;846,1;0.17
TXN-11961;2024/08/22;Eco Group;Bogotá;Servicios;42;846.06;0.2
TXN-11962;2024/05/31;Global Trade;Bucaramanga;Software;100;187.57;0.09
TXN-11963;2026/10/18;Neo Systems;Medellín;Servicios;81;1305.61;0.17
TXN-11964;2026/11/12;Acme SAS;Medellín;Servicios;47;761.98;0.18
TXN-11965;2024/07/22;Tech Corp;Cali;Mobiliario;22;1295.29;0.19
TXN-11966;2026/12/08;Edu Corp;Bogotá;Electrónica;42;95.76;0.14
TXN-11967;2024/12/12;Neo Systems;Barranquilla;Electrónica;6;106.72;0.06
TXN-11968;2026/02/16;Neo Systems;Bogotá;Electrónica;74;935.22;0.04
TXN-11969;2025/02/17;Eco Group;Barranquilla;Software;27;480.54;0.27
TXN-11970;2024/08/07;Edu Corp;Bogotá;Servicios;66;1295.13;0.27
TXN-11971;2024/06/08;Bio Health;Cali;Mobiliario;46;404.9;0.03
TXN-11972;2024/12/04;Tech Corp;Medellín;Servicios;24;821.77;0.24
TXN-11973;2025/06/08;Edu Corp;Barranquilla;Software;26;574.38;0.1
TXN-11974;2026/08/04;Tech Corp;Cali;Software;94;549.3;0.17
TXN-11975;2024/01/12;Neo Systems;Medellín;Oficina;89;1098.73;0.13
TXN-11976;2025/08/16;Eco Group;Bucaramanga;Oficina;87;29.13;0.15
TXN-11977;2026/06/21;Neo Systems;Cali;Servicios;100;704.68;0.29
TXN-11978;2025/01/10;Bio Health;Barranquilla;Mobiliario;73;570.72;0.08
TXN-11979;2024/03/01;Acme SAS;Cali;Servicios;58;1375.29;0.21
TXN-11980;2024/01/15;Global Trade;Barranquilla;Electrónica;82;912.35;0.29
TXN-11981;2026/03/11;Tech Corp;Bogotá;Mobiliario;16;1155.84;0.07
TXN-11982;2025/04/20;Bio Health;Barranquilla;Electrónica;5;312.89;0.3
TXN-11983;2026/10/23;Bio Health;Bogotá;Electrónica;55;592.12;0.19
TXN-11984;2024/01/05;Eco Group;Bogotá;Oficina;1;213.98;0.05
TXN-11985;2026/01/02;Eco Group;Cali;Software;20;1340.31;0.03
TXN-11986;2026/07/14;Neo Systems;Barranquilla;Electrónica;14;216.54;0.19
TXN-11987;10-08-2025;Edu Corp;medeLLin;Software;90;631.28;0.17
TXN-11988;2024/08/03;Neo Systems;Barranquilla;Electrónica;51;306.58;0.29
TXN-11989;2024/03/16;Bio Health;Medellín;Oficina;74;681.91;0.18
TXN-11990;2024/12/29;Eco Group;Cali;Servicios;52;384.88;0.2
TXN-11991;2026/12/08;Global Trade;Medellín;Servicios;58;737.43;0.27
TXN-11992;2025/03/14;Neo Systems;Cali;Software;63;474.19;0.24
TXN-11993;2026/11/26;Edu Corp;Bucaramanga;Servicios;2;768.24;0.28
TXN-11994;2024/01/27;Eco Group;Bogotá;Software;5;507.77;0.18
TXN-11995;2024/10/26;Global Trade;Bucaramanga;Mobiliario;38;182.2;0.28
TXN-11996;2026/08/20;Acme SAS;Bucaramanga;Servicios;41;578.79;0.17
TXN-11997;2024/03/25;Global Trade;Barranquilla;Electrónica;35;942.56;0.27
TXN-11998;2025/08/16;Acme SAS;Bogotá;Servicios;71;138.7;0.21
TXN-11999;2025/07/31;Bio Health;Barranquilla;Electrónica;55;1217.2;0.01
TXN-12000;2024/01/05;Eco Group;Bucaramanga;Software;79;1225.39;0.05
TXN-12001;2026/09/21;Edu Corp;Medellín;Oficina;20;1269.66;0.13
TXN-12002;2026/01/02;Eco Group;Barranquilla;Mobiliario;91;1455.35;0.2
TXN-12003;2024/10/24;Edu Corp;Bogotá;Oficina;15;648.74;0.1
TXN-12004;2025/04/26;Neo Systems;Bogotá;Software;43;576.6;0.14
TXN-12005;2026/09/16;Edu Corp;Cali;Mobiliario;67;729.04;0.26
TXN-12006;2024/11/03;Bio Health;Barranquilla;Servicios;21;807.07;0.16
TXN-12007;2026/04/08;Neo Systems;Bucaramanga;Servicios;22;748.89;0.26
TXN-12008;2025/04/24;Edu Corp;Bogotá;Electrónica;75;164.78;0.09
TXN-12009;2026/01/04;Global Trade;Cali;Oficina;48;684.61;0.04
TXN-12010;2024/10/03;Eco Group;Barranquilla;Software;74;259.26;0.19
TXN-12011;2026/01/10;Bio Health;Bogotá;Oficina;27;982.61;0.15
TXN-12012;2026/10/04;Bio Health;Bogotá;Mobiliario;2;876.72;0.25
TXN-12013;2026/06/17;Edu Corp;Barranquilla;Software;85;1372.93;0.24
TXN-12014;2025/05/25;Edu Corp;Bogotá;Software;29;19.68;0.18
TXN-12015;2026/01/25;Global Trade;Bucaramanga;Servicios;49;1335.6;0.01
TXN-12016;2024/06/25;Tech Corp;Medellín;Mobiliario;63;464.46;0.26
TXN-12017;2025/05/21;Neo Systems;Barranquilla;Electrónica;42;864.2;0.23
TXN-12018;2024/06/13;Eco Group;Bucaramanga;Servicios;74;593.36;0.04
TXN-12019;2026/02/15;Eco Group;Bucaramanga;Mobiliario;12;392.39;0.11
TXN-12020;2025/08/25;Edu Corp;Cali;Software;73;1493.25;0.25
TXN-12021;2024/02/05;Tech Corp;Cali;Oficina;44;193.87;0.05
TXN-12022;2024/06/11;Bio Health;Medellín;Oficina;77;528.97;0.07
TXN-12023;2026/08/01;Global Trade;Barranquilla;Servicios;86;1308.04;0.26
TXN-12024;2025/03/10;Bio Health;Barranquilla;Servicios;11;142.09;0.02
TXN-12025;2024/02/08;Bio Health;Bucaramanga;Electrónica;19;239.33;0.13
TXN-12026;2026/04/30;Bio Health;Barranquilla;Software;26;745.85;0.11
TXN-12027;2026/05/12;Acme SAS;Barranquilla;Servicios;74;372.77;0.04
TXN-12028;2024/11/01;Bio Health;Bogotá;Electrónica;41;1203.59;0.05
tx_ 12029;11-03-2025; Global trade;Bogota ;Electrónica;20;28.13;0.22
TXN-12030;2024/01/10;Eco Group;Bucaramanga;Oficina;83;799.38;0.06
TXN-12031;2025/03/27;Tech Corp;cali;Software;39;847,36;0.26
TXN-12032;2024/10/16;Eco Group;Bucaramanga;Electrónica;57;1233.1;0.19
TXN-12033;2026/05/10;Acme SAS;Cali;Oficina;22;344.46;0.23
TXN-12034;2026/01/29;Bio Health;Bogotá;Software;6;421.94;0.11
TXN-12035;2025/11/09;Eco Group;Cali;Software;42;1232.93;0.1
TXN-12036;2026/09/25;Acme SAS;Bogotá;Electrónica;95;1037.46;0.18
TXN-12037;2026/03/04;Tech Corp;Barranquilla;Oficina;38;67.74;0.09
TXN-12038;2026/11/13;Tech Corp;Bucaramanga;Mobiliario;59;241.64;0.08
TXN-12039;2024/09/10;Edu Corp;Medellín;Software;12;1335.01;0.15
TXN-12040;2025/05/29;Neo Systems;Bogotá;Oficina;8;1372.49;0.12
TXN-12041;2025/04/11;Edu Corp;Medellín;Servicios;27;100.42;0.29
TXN-12042;2024/06/30;Edu Corp;Cali;Software;13;813.22;0.19
TXN-12043;2024/12/07;Eco Group;Barranquilla;Mobiliario;19;1241.94;0.05
TXN-12044;2024/02/26;Edu Corp;Bogotá;Electrónica;21;471.68;0.17
TXN-12045;2025/07/07;Global Trade;Bogotá;Mobiliario;47;213.78;0.17
TXN-12046;2026/03/23;Edu Corp;Cali;Servicios;47;237.96;0.27
TXN-12047;2024/05/02;Tech Corp;Medellín;Mobiliario;10;908.08;0.06
TXN-12048;2025/01/05;Eco Group;Bucaramanga;Mobiliario;39;1458.27;0.25
TXN-12049;2025/04/09;Bio Health;Cali;Electrónica;12;821.48;0.24
TXN-12050;29-10-2026; Global trade;Cali;Mobilia;9;960.46;0.01
TXN-12051;2024/12/29;Tech Corp;Bucaramanga;Electrónica;31;924.09;0.24
TXN-12052;27-08-2025;Tech Corp;Barranquilla;electronica;55;596.21;0.27
TXN-12053;2025/05/16;Tech Corp;Bogotá;Oficina;53;584.4;0.17
TXN-12054;2024/09/13;Tech Corp;Barranquilla;Servicios;64;140.0;0.05
TXN-12055;2026/08/15;Eco Group;Barranquilla;Oficina;45;917.63;0.21
TXN-12056;2026/04/02;Tech Corp;Cali;Servicios;75;641.57;0.19
TXN-12057;2024/12/03;Acme SAS;Cali;Software;44;1017.34;0.15
TXN-12058;2025/02/21;Edu Corp;Barranquilla;Servicios;17;661.78;0.1
TXN-12059;2024/06/21;Neo Systems;Cali;Oficina;30;870.75;0.27
TXN-12060;2024/11/26;Global Trade;Bucaramanga;Software;100;1150.26;0.24
TXN-12061;2024/09/10;Tech Corp;Bucaramanga;Software;51;575.21;0.22
TXN-12062;2026/08/09;Acme SAS;Cali;Servicios;77;754.65;0.2
TXN-12063;2024/11/09;Eco Group;Bogotá;Software;24;1294.73;0.19
TXN-12064;2026/10/21;Eco Group;Bucaramanga;Mobiliario;90;954.32;0.1
TXN-12065;2026/01/31;Eco Group;Barranquilla;Sftware;98;406.76;0.01
TXN-12066;09-12-2024;Bio Health; Bogo-ta;electronica;83;424,91;0.28
TXN-12067;2026/02/14;Neo Systems;Cali;Mobiliario;57;1062.02;0.06
TXN-12068;2026/09/09;Eco Group;Medellín;Oficina;68;828.57;0.01
TXN-12069;2024/09/29;Global Trade;Barranquilla;Mobiliario;91;1067.44;0.01
TXN-12070;2026/07/12;Global Trade;Barranquilla;Software;80;1336.46;0.04
TXN-12071;2025/06/23;Eco Group;Bucaramanga;Electrónica;24;1318.59;0.12
TXN-12072;2024/04/11;Bio Health;Bucaramanga;Electrónica;50;1419.61;0.27
TXN-12073;2026/11/19;Eco Group;Cali;Mobiliario;84;1211.8;0.09
TXN-12074;2025/11/18;Acme SAS;bogota; Servicios ;3;1171.5;0.28
TXN-12075;2026/02/15;Acme SAS;Barranquilla;Mobiliario;12;1142.46;0.24
TXN-12076;2025/06/25;Edu Corp;Bogotá;Servicios;90;35.61;0.23
TXN-12077;2026/01/13;Acme SAS;Bogotá;Software;50;552.89;0.27
TXN-12078;2025/11/19;Global Trade;Bogotá;Electrónica;50;1425.89;0.0
TXN-12079;2024/06/22;Tech Corp;Medellín;Oficina;86;768.13;0.06
TXN-12080;2026/06/20;Edu Corp;Medellín;Oficina;51;734.59;0.01
TXN-12081;21-05-2026;Bio-Health;BGA;Oficina;83;81.75;0.07
TXN-12082;2026/07/02;Edu Corp;Bogotá;Servicios;21;720.27;0.07
TXN-12083;2026/04/03;Bio Health;Barranquilla;Oficina;87;327.33;0.15
TXN-12084;2025/01/31;Acme SAS;Bucaramanga;Electrónica;9;1376.17;0.04
TXN-12085;2024/03/06;Edu Corp;Medellín;Software;86;566.25;0.23
TXN-12086;19-03-2025;Eco Group;Medellin;Mobilia;72;500.85;0.17
TXN-12087;2026/05/01;Edu Corp;Cali;Mobiliario;34;628.88;0.18
TXN-12088;2026/06/07;Edu Corp;medeLLin;Software;46;504,22;N/A
TXN-12089;2026/09/19;Acme SAS;Barranquilla;Electrónica;35;273.58;0.07
TXN-12090;2025/12/21;Global Trade;Bogotá;Oficina;34;1383.02;0.01
TXN-12091;2024/12/29;Neo Systems;medeLLin; Servicios ;-82;710,14;0.25
TXN-12092;2024/10/27;Tech Corp;Bogotá;Electrónica;50;528.15;0.3
TXN-12093;2024/04/16;Bio Health;Barranquilla;Software;40;389.55;0.21
TXN-12094;2026/09/07;Bio Health; Bogo-ta;Mobiliario;4;1092.21;N/A
TXN-12095;2026/01/16;Edu Corp;Bucaramanga;Software;96;1264.96;0.13
TXN-12096;2026/03/29;Edu Corp;Bogotá;Electrónica;48;524.4;0.03
TXN-12097;2026/12/03;Acme SAS;Bucaramanga;Software;95;1439.8;0.02
TXN-12098;2024/12/18;Tech Corp;Medellín;Software;42;397.94;0.27
TXN-12099;2025/09/18;Eco Group;Barranqilla;Sftware;54;1125,62;0.27
TXN-12100;2026/01/10;Edu Corp;Medellín;Mobiliario;78;158.78;0.09
TXN-12101;2024/08/20;Eco Group;Cali;Electrónica;22;223.37;0.21
TXN-12102;2024/09/30;Edu Corp;Barranquilla;Software;64;1177.52;0.11
TXN-12103;2025/09/07;Tech Corp;Medellín;Oficina;24;1379.72;0.11
TXN-12104;2024/09/14;Eco Group;Bogotá;Servicios;51;767.41;0.16
TXN-12105;2025/03/27;Neo Systems;Cali;Electrónica;52;262.79;0.19
TXN-12106;2025/06/18;Tech Corp;Medellín;Mobiliario;74;366.16;0.19
TXN-12107;2026/09/13;Global Trade;Bucaramanga;Servicios;32;999.93;0.26
TXN-12108;2024/09/19;Edu Corp;Bogotá;Electrónica;12;1123.82;0.23
TXN-12109;2024/08/23;Edu Corp;Bucaramanga;Mobilia;-85;1135.15;0.24
TXN-12110;2025/10/04;Edu Corp;Bogotá;Mobiliario;32;232.98;0.04
TXN-12111;23-11-2026;Eco Group;bogota;Servicios;15;1333,55;0.29
TXN-12112;03-04-2026;Bio-Health;medeLLin;Oficina;84;16,66;N/A
TXN-12113;2024/05/29;Tech Corp;Bogotá;Sftware;-3;1337.89;0.29
TXN-12114;2024/03/11;Tech Corp;Bogotá;Mobiliario;71;971.7;0.02
TXN-12115;2025/06/01;Neo Systems;Medellín;Software;53;167.03;0.17
TXN-12116;2025/04/26;Edu Corp;Medellín;Mobiliario;13;552.55;0.06
TXN-12117;2026/12/18;Eco Group;Bogotá;Software;10;1403.82;0.1
TXN-12118;2026/04/07;Tech Corp;Medellín;Oficina;20;1058.51;0.03
TXN-12119;2025/12/12;Bio Health;Medellín;Software;71;1184.87;0.21
TXN-12120;2024/11/17;Bio Health;Medellín;Electrónica;72;611.85;0.11
TXN-12121;2026/05/10;Neo Systems;Cali;Software;32;325.23;0.15
TXN-12122;2024/10/12;Tech Corp;Bucaramanga;Oficina;31;318.0;0.11
TXN-12123;05-02-2026;N3o Systems;cali;Mobiliario;70;831.21;0.22
TXN-12124;2025/02/16;Edu Corp;Medellín;Electrónica;88;1018.8;0.3
TXN-12125;2025/08/24;Neo Systems;Bogota ;Oficin ;81;1016.64;0.28
TXN-12126;2026/07/22;Global Trade;Medellín;Oficina;46;700.02;0.01
TXN-12127;2024/12/02;Edu Corp;Barranquilla;Electrónica;100;969.36;0.17
TXN-12128;2026/02/21;Bio-Health;Medellín;Software;75;1299,64;0.1
TXN-12129;2025/07/17;Bio Health;Medellín;Servicios;79;1484.1;0.29
TXN-12130;2024/11/30;Bio Health;Medellin;Mobiliario;42;945.85;0.16
TXN-12131;2025/02/18;Bio Health;Medellín;Oficina;47;316.0;0.21
TXN-12132;2024/02/19;Edu Corp;Bogotá;Oficina;58;716.32;0.28
TXN-12133;2024/11/13;Bio Health;Bucaramanga;Electrónica;95;238.56;0.23
TXN-12134;2026/08/04;Tech Corp;Cali;Oficina;82;1329.85;0.03
TXN-12135;2026/12/27;Eco Group;Bucaramanga;Servicios;82;442.08;0.16
TXN-12136;2026/02/18;Tech Corp;Bucaramanga;Software;97;195.4;0.23
TXN-12137;2024/11/26;Edu Corp;Bucaramanga;Software;10;510.15;0.29
TXN-12138;2025/09/25;Acme SAS;Barranquilla;Servicios;84;974.36;0.18
TXN-12139;2025/03/05;Eco Group;Bogotá;Oficina;79;1333.28;0.29
TXN-12140;2024/08/22;Tech Corp;Cali;Electrónica;58;1392.83;0.21
TXN-12141;;Bio Health;Bogotá;Software;11;578.04;0.15
TXN-12142;2026/11/20;Tech Corp;Cali;Software;15;605.68;0.11
TXN-12143;2025/04/08;Neo Systems;Bogotá;Software;11;614.88;0.26
TXN-12144;2024/01/04;Bio-Health;bogota;Sftware;25;1338.28;0.09
TXN-12145;2024/06/12;Acme SAS;Bogotá;Mobiliario;42;317.3;0.07
TXN-12146;2026/11/15;Global Trade;Bogotá;Oficina;36;414.66;0.17
TXN-12147;2024/11/28;Bio Health;Bucaramanga;Mobiliario;40;1207.26;0.14
TXN-12148;2024/07/13;Global Trade;Barranquilla;Oficina;95;1416.2;0.14
TXN-12149;2025/10/28;Edu Corp;Cali;Software;30;394.16;0.08
TXN-12150;2025/04/05;Neo Systems;Cali;Mobiliario;16;1476.92;0.13
TXN-12151;2025/09/08;N3o Systems;cali;Mobilia;6;1450.52;0.09
TXN-12152;2026/11/02;Tech Corp;Medellín;Servicios;78;44.12;0.06
TXN-12153;2024/03/08;Edu Corp;Bogotá;Mobiliario;49;1229.67;0.2
TXN-12154;2026/09/19;Acme sas ; Bogo-ta;Servicios;41;886.44;0.0
TXN-12155;2026/10/17;Global Trade;Barranquilla;Servicios;7;137.94;0.2
TXN-12156;2026/02/21;Eco Group;Barranquilla;Software;1;985.99;0.11
TXN-12157;2024/12/01;Bio Health;Medellín;Oficina;49;1384.72;0.01
TXN-12158;2026/02/21;Eco Group;Bucaramanga;Mobiliario;84;1363.18;0.16
TXN-12159;; Global trade; Bogo-ta; Servicios ;64;667,2;0.01
TXN-12160;2025/09/11;Bio Health;Barranquilla;Oficina;9;1069.84;0.02
TXN-12161;2024/10/15;Global Trade;Cali;Servicios;3;929.12;0.18
TXN-12162;2026/05/31;Neo Systems;Barranquilla;Electrónica;42;338.09;0.25
TXN-12163;2026/11/04;Neo Systems;Bogotá;Electrónica;27;526.55;0.01
TXN-12164;2025/09/20;Bio Health;Cali;Software;71;1415.91;0.09
TXN-12165;2025/06/07;Global Trade;Bucaramanga;Electrónica;93;1293.9;0.02
TXN-12166;2025/03/08;Neo Systems;Cali;Software;73;674.49;0.1
TXN-12167;2024/09/26;Bio Health;Bogotá;Servicios;19;1155.12;0.04
TXN-12168;27-03-2026;Eco Group;Bogota ;Electrónica;82;501,41;0.14
TXN-12169;2025/11/19;Acme SAS;Bucaramanga;Oficina;52;561.84;0.03
TXN-12170;2025/03/09;Global Trade;Bogotá;Mobiliario;40;1199.52;0.07
TXN-12171;2024/02/09;Tech Corp;Bucaramanga;Electrónica;51;340.49;0.24
TXN-12172;2025/09/11;Acme SAS;Bogotá;Oficina;70;1447.31;0.06
TXN-12173;2026/08/25;Bio Health;Medellín;Oficina;68;1387.2;0.21
TXN-12174;2026/10/11;Acme SAS;Bucaramanga;Oficina;41;481.74;0.27
TXN-12175;2024/02/02;Acme SAS;Bucaramanga;Oficina;82;59.33;0.11
TXN-12176;2025/02/03;Edu Corp;Cali;Software;21;291.48;0.21
TXN-12177;2024/03/30;Bio Health;Medellín;Mobiliario;26;300.87;0.1
TXN-12178;2025/08/02;Eco Group;Barranquilla;Servicios;19;959.32;0.08
TXN-12179;2025/11/15;Acme SAS;Cali;Servicios;28;595.93;0.2
TXN-12180;2024/08/19;Neo Systems;Cali;Oficina;16;828.02;0.11
TXN-12181;2024/08/11;Global Trade;Cali;Mobiliario;97;265.86;0.13
TXN-12182;2025/07/19;Edu Corp;Bucaramanga;Servicios;92;718.38;0.04
TXN-12183;2025/11/08;Bio Health;Bucaramanga;Servicios;99;222.73;0.19
TXN-12184;2025/07/11;Acme SAS;Barranquilla;Oficina;95;681.05;0.18
TXN-12185;2025/10/03;Global Trade;Bogotá;Software;26;89.0;0.24
TXN-12186;2024/03/04;Edu Corp;Bogotá;Oficina;4;518.66;0.2
TXN-12187;2026/07/31;Acme SAS;Bogotá;Oficina;18;549.45;0.23
TXN-12188;2025/02/08;Bio Health;Cali;Servicios;70;920.61;0.11
TXN-12189;2025/09/08;Bio Health;Medellín;Mobiliario;69;635.01;0.12
TXN-12190;2025/07/21;Eco Group;Bogotá;Software;49;1041.07;0.23
TXN-12191;2025/03/03;Acme SAS;Bogotá;Electrónica;62;755.9;0.15
TXN-12192;2026/03/10;Neo Systems;Bucaramanga;Oficina;49;1278.9;0.09
TXN-12193;2025/11/06;Edu Corp;Cali;Software;72;1299.22;0.12
tx_ 12194;2025/03/05;Bio Health;Bogota ;Software;12;384.55;0.25
TXN-12195;2024/11/02;Tech Corp;Medellín;Electrónica;73;1021.25;0.17
TXN-12196;2026/08/21;Tech Corp;Bucaramanga;Servicios;63;1289.38;0.22
TXN-12197;2024/09/22;Edu Corp;Bucaramanga;Mobiliario;85;969.9;0.23
TXN-12198;2024/09/16;Bio Health;Bogotá;Servicios;88;678.84;0.19
TXN-12199;2025/08/05;Acme SAS;Barranquilla;Electrónica;71;801.18;0.08
TXN-12200;24-11-2025;Bio Health;cali;electronica;80;211.06;0.19
TXN-12201;2026/06/20;Bio Health;Barranquilla;Mobiliario;84;975.01;0.17
TXN-12202;2026/11/12;Acme SAS;Medellín;Mobiliario;71;1162.62;0.11
TXN-12203;2025/12/03;Acme SAS;Bucaramanga;Servicios;49;1293.76;0.08
TXN-12204;2024/01/31;Tech Corp;Barranquilla;Electrónica;88;1135.03;0.19
TXN-12205;2024/07/13;Tech Corp;Barranquilla;Mobiliario;21;621.72;0.02
TXN-12206;2026/05/11;Tech Corp;Barranquilla;Mobiliario;34;1216.35;0.24
TXN-12207;2025/07/31;N3o Systems;Bogotá;Servicios;60;1311.87;0.27
TXN-12208;2025/07/22;Edu Corp;Cali;Software;25;46.28;0.12
TXN-12209;2025/06/02;Bio Health;Cali;Electrónica;80;454.08;0.17
TXN-12210;2025/06/13;Global Trade;Cali;Servicios;37;613.91;0.2
TXN-12211;2025/06/17;Eco Group;Bucaramanga;Electrónica;26;1361.5;0.08
TXN-12212;2025/02/22;Eco Group;Cali;Electrónica;62;1218.44;0.1
TXN-12213;2025/05/05;Bio Health;Barranqilla; Servicios ;60;1248.66;0.05
TXN-12214;2025/10/13;Eco Group;Bogotá;Servicios;45;1098.41;0.09
TXN-12215;2026/04/27;Bio Health;Barranquilla;Servicios;22;660.77;0.13
TXN-12216;2024/12/06;Acme SAS;Cali;Servicios;52;1101.08;0.13
TXN-12217;2024/04/28;Neo Systems;Bogotá;Electrónica;84;1218.91;0.17
TXN-12218;2025/11/03;Acme SAS;Bogotá;Oficina;58;1145.41;0.13
tx_ 12219;2025/11/23;Global Trade;BGA;Sftware;6;612,04;0.07
TXN-12220;2024/03/31;Tech Corp;Medellín;Servicios;46;571.24;0.14
TXN-12221;2024/06/16;Tech Corp;Medellín;Servicios;71;787.53;0.02
TXN-12222;2024/10/14;Edu Corp;Barranquilla;Mobiliario;15;944.88;0.08
TXN-12223;2026/06/30;Eco Group;Bogotá;Software;20;1371.72;0.26
TXN-12224;2025/09/02;Neo Systems;Barranquilla;Servicios;14;1347.6;0.25
TXN-12225;2026/06/09;Acme SAS;Cali;Electrónica;24;1074.52;0.25
TXN-12226;2026/02/18;Neo Systems;Bogotá;Electrónica;12;498.58;0.16
TXN-12227;2026/06/14;Tech Corp;Barranquilla;Software;57;168.89;0.03
TXN-12228;2026/04/15;Eco Group;Cali;Software;54;1401.8;0.23
TXN-12229;2024/02/20;Edu Corp;Bucaramanga;Servicios;59;1307.93;0.04
TXN-12230;2026/06/16;Tech Corp;Medellín;Electrónica;36;87.26;0.23
TXN-12231;2025/09/03;Eco Group;Bogotá;Mobiliario;63;1228.66;0.26
TXN-12232;2024/01/31;Bio Health;Medellín;Servicios;43;674.47;0.11
tx_ 12233;2024/07/14;Acme sas ;Medellin;Electrónica;6;833,49;0.25
TXN-12234;2026/04/07;Acme SAS;Medellín;Electrónica;19;910,07;N/A
TXN-12235;16-07-2025;N3o Systems;Barranqilla;Servicios;42;652.24;0.23
TXN-12236;2024/12/09;Eco Group;Bucaramanga;Software;4;497.83;0.18
TXN-12237;2025/04/24;Global Trade;Medellín;Software;5;765.2;0.22
TXN-12238;2026/02/06;Neo Systems;Bucaramanga;Servicios;91;30.14;0.26
TXN-12239;2025/04/15;Bio Health;Barranquilla;Mobiliario;64;648.76;0.23
TXN-12240;2024/06/16;Neo Systems;Medellín;Software;66;713.95;0.28
TXN-12241;2026/06/15;Neo Systems;Bucaramanga;Oficina;41;69.27;0.2
TXN-12242;2025/03/05;Tech Corp;Medellín;Electrónica;86;1421.06;0.22
TXN-12243;2024/10/07;Acme SAS;Barranquilla;Servicios;51;1303.23;0.18
TXN-12244;2025/09/18;Tech Corp;Cali;Software;98;1463.97;0.3
TXN-12245;2024/04/29;Neo Systems;Bogotá;Oficina;16;480.04;0.09
TXN-12246;2024/07/19;Bio Health;Barranquilla;Oficina;44;1366.81;0.07
TXN-12247;2026/10/24;Global Trade;Bucaramanga;Oficina;91;174.44;0.12
TXN-12248;2026/07/28;Global Trade;Bogotá;Oficina;40;1360.88;0.02
TXN-12249;2024/01/23;Acme SAS;Medellín;Electrónica;85;417.67;0.2
TXN-12250;2024/08/26;Acme SAS;Medellín;Oficina;64;558.72;0.21
TXN-12251;2025/01/07;Edu Corp;Bogotá;Servicios;99;221.55;0.28
TXN-12252;2024/05/12;Global Trade;Medellín;Software;81;629.98;0.24
TXN-12253;2024/05/29;Tech Corp;Bogotá;Servicios;28;537.56;0.05
TXN-12254;;Tech Corp;Bogotá;Oficina;7;288.48;0.06
TXN-12255;2025/03/27;Global Trade;Bucaramanga;Electrónica;41;530.37;0.14
TXN-12256;2024/07/31;Acme SAS;Bucaramanga;Electrónica;8;1392.71;0.22
TXN-12257;2025/04/29;Bio Health;Bucaramanga;Software;10;1342.63;0.12
TXN-12258;2024/04/27;Neo Systems;Cali;Servicios;75;231.34;0.24
TXN-12259;2026/04/21;Bio Health;Bogotá;Software;4;1051.74;0.08
TXN-12260;2026/12/14;Bio-Health;medeLLin;Oficin ;82;1204.95;0.12
TXN-12261;2026/01/06;Tech Corp;Bogotá;Software;78;1146.92;0.07
TXN-12262;2026/06/10;Eco Group;Cali;Oficina;83;495.58;0.22
TXN-12263;2026/11/19;Acme SAS;Cali;Software;44;37.08;0.05
TXN-12264;2025/04/02;Global Trade;Bogotá;Software;85;541.87;0.0
TXN-12265;2026/12/23;Acme SAS;Barranquilla;Oficina;75;104.84;0.21
TXN-12266;;Eko Group;medeLLin; Servicios ;53;1080,68;0.18
TXN-12267;2024/03/06;Eco Group;Medellín;Electrónica;46;302.09;0.11
TXN-12268;2024/04/26;Edu Corp;Bucaramanga;Electrónica;35;672.79;0.0
TXN-12269;2024/11/29;Eco Group;Bucaramanga;Oficina;61;81.02;0.2
TXN-12270;2024/06/13;Edu Corp;Bucaramanga;Mobiliario;79;27.5;0.06
TXN-12271;2025/10/02;Global Trade;Barranquilla;Electrónica;47;146.24;0.09
TXN-12272;2024/12/12;Neo Systems;Bogotá;Electrónica;94;1447.69;0.19
TXN-12273;2024/08/16;Tech Corp;Barranquilla;Software;60;1126.39;0.19
TXN-12274;2024/04/22;Neo Systems;Cali;Electrónica;8;1385.57;0.11
TXN-12275;2025/04/06;Acme SAS;Barranquilla;Software;72;304.05;0.25
TXN-12276;2024/06/01;Global Trade;Cali;Oficina;2;806.47;0.04
TXN-12277;2026/12/20;Eco Group;Cali;Servicios;76;689.0;0.23
TXN-12278;2025/03/06;Neo Systems;Cali;Mobiliario;14;1439.33;0.15
TXN-12279;2024/04/27;Global Trade;Medellín;Electrónica;55;411.45;0.19
TXN-12280;2024/05/30;Edu Corp;Bucaramanga;Oficina;94;1057.61;0.18
TXN-12281;2025/12/15;Neo Systems;Cali;Servicios;63;1332.73;0.29
TXN-12282;2025/12/25;Acme SAS;Barranquilla;Oficina;95;594.01;0.21
TXN-12283;2024/08/24;Edu Corp;Bucaramanga;Electrónica;56;1105.17;0.1
TXN-12284;2024/11/18;Acme SAS;Bogotá;Oficina;54;58.47;0.01
TXN-12285;2026/05/07;Bio Health;Bogotá;Oficina;48;728.22;0.24
TXN-12286;2025/07/17;Acme SAS;Medellín;Electrónica;39;634.11;0.14
TXN-12287;;Acme SAS;bogota;Electrónica;12;1144,64;0.18
TXN-12288;2026/05/13;Global Trade;Bucaramanga;Software;27;1171.66;0.22
TXN-12289;2024/08/24;Acme SAS;Cali;Electrónica;68;288.42;0.11
TXN-12290;2025/03/11;Eco Group;Barranquilla;Electrónica;38;651.43;0.24
TXN-12291;2025/12/11;Acme SAS;Barranquilla;Software;31;418.17;0.09
TXN-12292;2025/01/10;Edu Corp;Cali;Electrónica;46;1487.85;0.24
TXN-12293;2025/02/14;Neo Systems;Medellín;Mobiliario;8;960.75;0.17
TXN-12294;2026/01/10;Acme SAS;Bucaramanga;Oficina;55;565.16;0.2
TXN-12295;2024/01/13;Global Trade;Bogotá;Mobiliario;95;1140.92;0.26
TXN-12296;2025/08/03;Eco Group;Bucaramanga;Mobiliario;7;937.99;0.09
TXN-12297;2026/12/21;Neo Systems;Cali;Oficina;74;1086.44;0.09
TXN-12298;2026/03/01;Tech Corp;Barranquilla;Mobiliario;95;828.86;0.16
TXN-12299;2026/11/20;Acme SAS;Bucaramanga;Electrónica;78;590.29;0.22
TXN-12300;2026/02/06;Bio Health;Medellín;Servicios;87;736.27;0.26
TXN-12301;2024/08/10;Acme SAS;Bogotá;Electrónica;94;998.61;0.15
TXN-12302;2024/05/14;Edu Corp;Barranquilla;Electrónica;4;1154.2;0.3
TXN-12303;2024/01/12;Bio Health;Bucaramanga;Electrónica;16;79.56;0.04
TXN-12304;2025/07/05;Global Trade;Medellín;Electrónica;93;1197.15;0.29
TXN-12305;2026/09/04;Bio Health;Cali;Oficina;2;1234.29;0.01
TXN-12306;2026/04/11;Global Trade;Medellín;Software;8;1494.71;0.23
TXN-12307;2026/09/27;Tech Corp;Medellín;Oficina;47;451.87;0.03
TXN-12308;2025/08/03;Global Trade;Medellín;Electrónica;51;425.43;0.25
TXN-12309;2024/09/22;Neo Systems;Bucaramanga;Oficina;77;697.61;0.1
TXN-12310;2025/01/18;Bio Health;Barranquilla;Electrónica;68;717.83;0.24
TXN-12311;2024/05/07;Tech Corp;Bogotá;Mobiliario;87;898.1;0.21
TXN-12312;2025/02/03;Acme SAS;Medellín;Electrónica;88;728.62;0.01
TXN-12313;2025/10/31;Acme SAS;Cali;Software;28;137.12;0.24
TXN-12314;2026/04/15;Eco Group;Cali;Oficina;59;1167.88;0.09
TXN-12315;2025/05/15;Neo Systems;Cali;Mobiliario;17;777.81;0.03
TXN-12316;2025/02/04;Acme SAS;Cali;Oficina;97;796.46;0.21
TXN-12317;2026/03/15;Acme SAS;Bucaramanga;Mobiliario;6;168.98;0.25
TXN-12318;2026/09/28;Neo Systems;Medellín;Servicios;25;176.22;0.2
TXN-12319;2025/03/21;Edu Corp;Barranquilla;Mobiliario;27;28.01;0.05
TXN-12320;2026/11/11;Eco Group;Barranquilla;Mobiliario;73;393.55;0.07
TXN-12321;2024/06/22;Global Trade;Bogota ;Oficin ;86;800.35;N/A
TXN-12322;2025/06/07;tech corp;Barranquilla;Servicios;12;217.8;0.1
TXN-12323;2026/05/13;Eco Group;Bogotá;Servicios;3;304.84;0.08
TXN-12324;2025/01/12;Tech Corp;medeLLin;Oficina;30;1206,8;0.25
TXN-12325;2026/11/28;Acme SAS;Bucaramanga;Electrónica;19;751.87;0.15
TXN-12326;2025/03/26;Global Trade;Bogotá;Mobiliario;66;1109.98;0.29
TXN-12327;2025/03/02;Bio Health;Barranquilla;Mobiliario;53;313.11;0.03
TXN-12328;2024/02/02;Tech Corp;Bucaramanga;Software;30;424.02;0.15
TXN-12329;2026/02/28;Global Trade;Medellín;Mobiliario;25;1064.71;0.08
TXN-12330;2025/10/25;Global Trade;Bucaramanga;Mobiliario;77;1142.02;0.05
TXN-12331;2024/01/14;Tech Corp;Bucaramanga;Servicios;71;618.84;0.06
TXN-12332;2026/06/30;Global Trade;bogota;Mobilia;-66;283.64;0.12
TXN-12333;2026/12/19;Acme SAS;Bogotá;Servicios;57;332.2;0.08
TXN-12334;2025/11/14;Neo Systems;Cali;Mobiliario;88;1368.47;0.07
TXN-12335;2026/09/15;Edu Corp;Barranquilla;Oficina;55;704.6;0.24
TXN-12336;2024/01/29;Neo Systems;Bucaramanga; Servicios ;30;887.33;0.03
TXN-12337;2025/03/21;Neo Systems;Bogotá;Software;58;415.84;0.15
TXN-12338;2024/12/27;Global Trade;Barranquilla;Oficina;1;1422.14;0.01
TXN-12339;2026/02/24;Global Trade;Bucaramanga;Electrónica;80;1340.14;0.16
TXN-12340;2025/05/02;Bio Health;Medellín;Software;99;232.31;0.09
TXN-12341;2024/06/23;tech corp;medeLLin;Mobilia;85;852.36;N/A
TXN-12342;2025/08/23;Tech Corp;Medellín;Mobiliario;9;233.78;0.28
TXN-12343;2026/09/01;Acme SAS;Cali;Mobiliario;16;210.1;0.15
TXN-12344;2025/11/17;Global Trade;Bucaramanga;Software;61;12.84;0.1
TXN-12345;2024/07/20;Tech Corp;Barranquilla;Oficina;68;125.96;0.11
TXN-12346;2026/12/30;EduCorp;bogota;Oficina;22;1496.39;0.07
TXN-12347;2024/07/25;Neo Systems;Bucaramanga;Software;77;944.62;0.13
TXN-12348;2025/08/02;Acme sas ;bogota;Oficin ;60;1042.0;0.1
TXN-12349;2024/06/13;Eco Group;Cali;Software;42;925.24;0.06
TXN-12350;2025/05/18;Tech Corp;Medellín;Software;61;290.39;0.15
TXN-12351;2024/11/18;Edu Corp;Barranquilla;Mobiliario;53;872.23;0.03
TXN-12352;2025/06/27;Eco Group;Barranquilla;Servicios;22;390.1;0.03
TXN-12353;2026/11/21;Bio Health;Bogotá;Electrónica;15;768.92;0.27
TXN-12354;2026/09/06;Eco Group;Bucaramanga;Oficina;64;1055.59;0.18
TXN-12355;2024/07/04;Neo Systems;Barranquilla;Oficina;93;1383.03;0.28
TXN-12356;2025/05/12;Eco Group;Barranquilla;Software;73;45.05;0.21
TXN-12357;2024/08/16;Bio Health;Bucaramanga;Oficina;56;405.02;0.0
TXN-12358;2024/07/19;Tech Corp;Cali;Electrónica;82;845.0;0.14
TXN-12359;2024/08/11;Global Trade;Medellín;Oficina;90;807.27;0.13
TXN-12360;2025/03/28;Neo Systems;Bucaramanga;Electrónica;100;1452.31;0.27
TXN-12361;2025/05/30;Global Trade;Medellín; Servicios ;97;1138.45;0.05
TXN-12362;2025/12/16;Neo Systems;Bogotá;Oficina;60;994.83;0.02
TXN-12363;2024/02/23;Eco Group;cali;Electrónica;-14;275,76;0.01
TXN-12364;2026/01/15;Acme SAS;Bogotá;Servicios;33;1457.37;0.08
TXN-12365;2025/09/18;Acme SAS;Cali;Software;64;1219.0;0.11
tx_ 12366;19-07-2025;Acme sas ;Barranqilla;Oficina;61;817.65;0.01
TXN-12367;2026/12/28;Edu Corp;Bucaramanga;Electrónica;21;912.52;0.05
TXN-12368;2026/07/16;tech corp;Medellin;Electrónica;20;1202,59;0.03
TXN-12369;2024/04/13;Eco Group;Medellín;Oficina;63;1290.48;0.13
TXN-12370;2026/06/04;Neo Systems;Cali;Software;45;1442.49;0.23
TXN-12371;2025/03/25;Bio Health;Cali;Oficina;20;1414.18;0.0
TXN-12372;2024/07/27;Tech Corp;Barranquilla;Oficina;92;787.74;0.23
TXN-12373;2025/01/16;Tech Corp;Medellín;Servicios;20;1298.49;0.17
TXN-12374;2024/09/04;Bio Health;Barranquilla;Mobiliario;93;465.94;0.05
TXN-12375;2024/04/15;Acme SAS;Medellín;Electrónica;55;337.53;0.27
TXN-12376;2025/05/11;Eco Group;Barranquilla;Mobiliario;58;1268.78;0.1
TXN-12377;2024/02/07;Eco Group;Bucaramanga; Servicios ;18;801,97;0.28
TXN-12378;2024/04/24; Global trade;medeLLin; Servicios ;54;937,65;0.11
TXN-12379;2026/04/17;Neo Systems;Barranquilla;Servicios;88;191.45;0.01
TXN-12380;2025/12/17;Acme SAS;Medellín;Mobiliario;20;976.93;0.02
TXN-12381;2026/12/10;Bio Health;Medellín;Electrónica;82;512.21;0.26
TXN-12382;2024/12/21;Eko Group;Medellín; Servicios ;56;818.23;0.08
TXN-12383;2024/09/14;Neo Systems;Bogotá;Mobiliario;56;677,09;0.1
TXN-12384;2026/07/26;Acme SAS;Bogotá;Software;9;452.39;0.17
TXN-12385;2026/10/29;Global Trade;Bucaramanga;Servicios;12;1281.6;0.15
TXN-12386;2025/04/10;Edu Corp;Bogotá;Mobiliario;48;582.26;0.17
TXN-12387;2026/09/19;Eco Group;Cali;Mobiliario;83;884.63;0.09
TXN-12388;2024/02/21;Bio Health;Cali;Servicios;18;949.97;0.18
TXN-12389;2025/11/06;Tech Corp;Bogotá;Servicios;35;1082.54;0.21
TXN-12390;2026/01/31;Tech Corp;Cali;Oficina;59;1113.07;0.03
TXN-12391;2024/06/27;Bio Health;Barranquilla;Software;70;832.03;0.26
TXN-12392;2026/05/01;Global Trade;Medellín;Mobiliario;77;1473.9;0.01
TXN-12393;2026/06/22;Global Trade;Barranquilla;Oficina;19;1149.72;0.14
TXN-12394;2025/06/16;Global Trade;Cali;Oficina;2;1053.73;0.23
TXN-12395;2024/05/06;Tech Corp;Cali;Mobiliario;17;1201.06;0.14
TXN-12396;2025/02/14;Bio Health;Bucaramanga;Mobiliario;10;894.08;0.2
TXN-12397;2026/01/25;Global Trade;Bogotá;Software;73;1248.71;0.08
TXN-12398;2026/12/01;Edu Corp;Cali;Oficina;16;979.26;0.25
TXN-12399;2026/06/18;Bio Health;Medellín;Software;26;1243.46;0.22
TXN-12400;2026/04/08;Neo Systems;Medellín;Servicios;29;11.91;0.27
TXN-12401;2026/04/18;Acme SAS;Bucaramanga;Oficina;60;390.15;0.11
TXN-12402;2026/01/15;Eko Group;Barranqilla;electronica;75;785.14;0.23
TXN-12403;2024/07/20;Acme SAS;Bogotá;Electrónica;37;329.21;0.18
TXN-12404;2026/02/10;Acme SAS;Barranquilla;Electrónica;53;1428.92;0.02
TXN-12405;2025/02/14;Bio Health;Barranqilla;Mobilia;75;1415,28;0.22
TXN-12406;2025/01/26;Bio Health;Medellín;Software;98;888.14;0.24
TXN-12407;2024/12/17;Global Trade;Barranquilla;Mobiliario;29;596.95;0.21
TXN-12408;2026/03/23;Eco Group;Medellín;Oficina;40;1387.83;N/A
TXN-12409;2026/09/23;Bio Health;Bogotá;Servicios;88;924.64;0.28
TXN-12410;2025/06/01;Eco Group;Barranquilla;Servicios;77;571.21;0.19
TXN-12411;2024/04/23;Bio Health;Barranquilla;Mobiliario;51;900.89;0.11
TXN-12412;2024/10/29;Neo Systems;Bogotá;Software;88;175.26;0.0
TXN-12413;2025/11/16;Acme SAS;Bogotá;Electrónica;70;851.64;0.12
TXN-12414;2024/09/17;Edu Corp;Barranquilla;Oficina;48;1334.86;0.01
TXN-12415;2026/05/30;Neo Systems;Cali;Servicios;54;1195.77;0.09
TXN-12416;2025/07/07;Edu Corp;Medellín;Software;43;1066.39;0.13
TXN-12417;2025/09/03;Bio Health;Bogotá;Oficina;38;714.82;0.09
TXN-12418;2026/06/07;Edu Corp;Cali;Oficina;34;1376.05;0.14
TXN-12419;2026/11/16;Tech Corp;Medellín;Software;62;287.63;0.13
TXN-12420;2024/02/04;Eco Group;Bucaramanga;Software;26;675.1;0.07
TXN-12421;2024/02/12;Edu Corp;Bucaramanga;Oficina;68;742.44;0.03
TXN-12422;2024/01/02;Eco Group;Bucaramanga;Mobiliario;19;1313.58;0.12
TXN-12423;2024/12/25;Edu Corp;Medellín;Mobiliario;89;455.4;0.11
TXN-12424;20-12-2024;Eco Group;Bucaramanga;electronica;-42;1201.01;0.11
TXN-12425;2025/10/03;Eco Group;Medellín;Mobiliario;48;669.19;0.12
TXN-12426;2024/01/13;Bio Health;Medellín;Mobiliario;1;726.52;0.15
TXN-12427;2026/09/01;Tech Corp;Medellín;Electrónica;30;230.36;0.21
TXN-12428;2026/11/27;Eco Group;Bogotá;Software;56;1379.01;0.24
TXN-12429;2026/05/02;Acme SAS;Bucaramanga;Electrónica;46;1292.51;0.23
TXN-12430;; Global trade;Bogota ;Software;9;957.68;0.09
TXN-12431;;tech corp;medeLLin; Servicios ;95;306.35;0.27
TXN-12432;11-09-2025;Tech Corp;Bucaramanga;Electrónica;66;554.47;0.06
TXN-12433;2025/12/24;Edu Corp;Bucaramanga;Electrónica;74;763.87;0.04
TXN-12434;2025/05/19;Acme SAS;Barranquilla;Oficina;36;1156.91;0.15
TXN-12435;2025/03/28;Eco Group;Medellín;Software;65;848.01;0.02
TXN-12436;2025/10/01;tech corp;medeLLin; Servicios ;44;1217.61;0.23
TXN-12437;2024/08/19;Neo Systems;Bogotá;Mobiliario;20;1381.86;0.22
TXN-12438;2026/01/21;Tech Corp;Medellín;Oficina;31;336.72;0.22
TXN-12439;2024/05/18;Acme sas ;bogota;Servicios;93;1076.94;0.24
TXN-12440;2025/08/19;Edu Corp;Cali;Electrónica;63;1270.7;0.08
TXN-12441;2024/06/04;Bio Health;Cali;Servicios;64;315.19;0.08
TXN-12442;2026/12/22;Global Trade;Bucaramanga;Oficina;4;799.47;0.01
TXN-12443;2025/10/10;Global Trade;Barranquilla;Software;96;1172.25;0.07
TXN-12444;2024/06/04;Edu Corp;Bucaramanga;Software;10;888.94;0.18
TXN-12445;2026/08/10;Acme SAS;Barranquilla;Software;66;878.88;0.15
TXN-12446;2024/07/05;Eco Group;Bogotá;Mobiliario;93;754.81;0.25
TXN-12447;2026/09/26;Eco Group;Bogotá;Software;29;1409.34;0.2
TXN-12448;2024/12/16;Acme SAS;Barranquilla;Servicios;53;94.14;0.1
TXN-12449;2026/11/05;Edu Corp;Medellín;Software;58;650.86;0.24
TXN-12450;2024/07/21;Edu Corp;Medellín;Electrónica;46;1176.63;0.06
TXN-12451;2025/12/25;Global Trade;Bucaramanga;Electrónica;52;253.52;0.15
TXN-12452;2024/12/09;Eco Group;Medellín;Software;1;257.82;0.02
TXN-12453;2024/01/15;Acme SAS;Medellín;Servicios;90;688.05;0.1
TXN-12454;2026/03/05;Global Trade;Bucaramanga;Electrónica;89;159.1;0.09
TXN-12455;2025/05/05;Tech Corp;Cali;Oficina;9;410.38;0.16
TXN-12456;01-08-2026;Tech Corp;Bucaramanga;Sftware;71;943.81;0.15
TXN-12457;2024/07/21;Global Trade;Cali;Mobiliario;93;1084.96;0.02
TXN-12458;2026/12/16;Neo Systems;Cali;Servicios;29;441.11;0.23
TXN-12459;2025/04/03;Tech Corp;Barranquilla;Servicios;46;545.14;0.07
TXN-12460;02-03-2024;Bio Health;cali;Oficin ;12;976.0;0.12
TXN-12461;2024/03/25;Tech Corp;Cali;Software;20;1301.76;0.21
TXN-12462;2024/04/04;Bio Health;Cali;Oficina;65;443.44;0.18
TXN-12463;2026/01/10;Global Trade;Cali;Electrónica;97;792.83;0.28
TXN-12464;2024/10/17;Acme SAS;Barranquilla;Oficina;90;645.92;0.09
tx_ 12465;2024/04/05;tech corp;Bogotá;Oficin ;76;768.94;0.05
TXN-12466;2025/12/01;Acme SAS;Bucaramanga;Electrónica;47;82.82;0.0
TXN-12467;2024/05/07;Edu Corp;Bogotá;Oficina;46;738.11;0.06
TXN-12468;2026/06/30;Tech Corp;Bogotá;Software;32;792.87;0.29
TXN-12469;2025/08/16;Edu Corp;Medellín;Oficina;65;584.57;0.28
TXN-12470;2025/05/27;Eco Group;Medellín;Electrónica;93;715.9;0.05
TXN-12471;2026/01/28;Bio Health;Medellín;Servicios;5;830.37;0.15
TXN-12472;2025/11/24;Edu Corp;Bucaramanga;Servicios;40;932.84;0.01
TXN-12473;2025/05/25;Tech Corp;Medellín;Electrónica;27;555.24;0.13
TXN-12474;2026/08/17;Acme SAS;Barranquilla;Mobiliario;36;1164.0;0.0
TXN-12475;2025/01/08;Tech Corp;Medellín;Oficina;64;608.99;0.24
TXN-12476;2024/02/18; Global trade;bogota;Servicios;33;1347,87;0.28
TXN-12477;2024/09/30;Bio Health;Bucaramanga;Servicios;19;888.68;0.23
TXN-12478;2026/03/26;Bio Health;Bucaramanga;Mobiliario;93;358.14;0.21
TXN-12479;2025/10/29;Edu Corp;Barranquilla;Electrónica;12;31.06;0.16
TXN-12480;2024/12/09;Eco Group;Bogotá;Software;10;117.67;0.2
TXN-12481;2024/04/09;Neo Systems;Barranqilla;electronica;76;1073,48;0.26
TXN-12482;2026/03/08;Edu Corp;Medellín;Software;84;907.37;0.04
TXN-12483;2024/08/15;Edu Corp;Medellín;Servicios;90;1478.14;0.09
TXN-12484;2024/06/21;Global Trade;Bucaramanga;Servicios;23;1103.28;0.11
TXN-12485;2025/12/15;EduCorp;BGA;Sftware;-96;1223.56;0.28
TXN-12486;2026/02/11;Acme SAS;Bucaramanga;Software;89;1012.83;0.09
TXN-12487;2025/08/10;Eco Group;Bucaramanga;Electrónica;58;314.23;0.01
TXN-12488;2025/01/15;Eco Group;Bucaramanga;Software;87;446.73;0.0
TXN-12489;2024/04/18;Edu Corp;Medellín;Electrónica;41;1138.41;0.21
TXN-12490;2024/06/11;Eco Group;Barranquilla;Mobiliario;56;1060.73;0.15
TXN-12491;2026/01/19;Tech Corp;Cali;Software;45;480.47;0.09
TXN-12492;2025/09/13;Global Trade;Bucaramanga;Oficina;95;1455.66;0.16
TXN-12493;2025/09/10;Eco Group;Bucaramanga;Software;66;747.0;0.18
TXN-12494;23-09-2024;Tech Corp;Medellín;electronica;62;201.89;0.13
TXN-12495;2025/01/01;Tech Corp;Cali;Software;5;999.38;0.22
TXN-12496;2025/06/12;Global Trade;Cali;Servicios;69;1144.65;0.2
TXN-12497;2024/07/23;Acme SAS;Medellín;Servicios;93;1401.01;0.13
TXN-12498;2024/10/28;Tech Corp;Medellín;Servicios;69;1012.76;0.3
TXN-12499;;N3o Systems;cali;Servicios;77;32.25;0.04
TXN-12500;2025/05/16;Acme SAS;Barranquilla;Servicios;80;992.8;0.16
TXN-12501;2025/11/07;Neo Systems;Medellín;Mobiliario;26;167.05;0.12
TXN-12502;2024/10/17;Tech Corp;Cali;Oficina;47;393.47;0.11
TXN-12503;2024/10/10;Tech Corp;Bogotá;Software;22;416.22;0.1
TXN-12504;11-09-2025;Tech Corp;Barranquilla; Servicios ;94;749.2;0.22
TXN-12505;2024/01/11;Acme SAS;Barranquilla;Servicios;24;1299.81;0.27
TXN-12506;2026/06/17;Global Trade;Barranquilla;Software;16;719.47;0.23
TXN-12507;2025/03/31; Global trade;medeLLin;Mobiliario;18;500.4;0.27
TXN-12508;2024/05/13;Neo Systems;Bogotá;Mobiliario;94;83.35;0.12
TXN-12509;2026/03/05;Bio Health;Bucaramanga;Mobiliario;42;32.51;0.08
TXN-12510;2024/08/15;Tech Corp;Medellín;Servicios;85;114.14;0.02
TXN-12511;2026/11/28;Edu Corp;Bogotá;Oficin ;26;1338,25;0.03
TXN-12512;2025/07/26;Global Trade;Barranquilla;Software;15;397.87;0.16
TXN-12513;2026/03/28;Neo Systems;Barranquilla;Servicios;30;1332.98;0.18
TXN-12514;2024/02/10;Bio Health;Cali;Servicios;81;588.49;0.14
TXN-12515;2025/10/09;Tech Corp;Bogotá;Oficina;47;734.49;0.15
TXN-12516;2024/11/13;Global Trade;BGA;Software;-32;506,48;0.29
TXN-12517;2024/12/14;Neo Systems;Barranquilla;Servicios;6;1009.89;0.06
TXN-12518;2026/04/29;Acme SAS;Cali;Electrónica;50;935.63;0.16
TXN-12519;2024/08/18;Neo Systems;Medellín;Electrónica;36;1478.9;0.28
TXN-12520;2024/05/16;Eco Group;Bogotá;Oficina;34;1241.67;0.18
TXN-12521;2025/04/03;Acme SAS;Bucaramanga;Software;73;490.83;0.19
TXN-12522;2024/10/22;Edu Corp;Bogotá;Software;20;1097.68;0.09
TXN-12523;2024/11/22;Global Trade;Bucaramanga;Mobiliario;87;396.34;0.07
tx_ 12524;2025/12/10;Eko Group;bogota;Software;82;352.93;0.19
TXN-12525;2026/10/16;Edu Corp;Medellín;Software;68;179.68;0.02
TXN-12526;2025/04/18;Global Trade;Bogotá;Mobiliario;16;1458.47;0.04
TXN-12527;2025/01/12;Acme sas ;Barranquilla;Mobilia;-2;749.55;0.15
TXN-12528;2026/06/30;Bio Health;Medellin;Mobiliario;26;1326.91;N/A
TXN-12529;2025/12/17;Neo Systems;Medellín;Servicios;38;455.98;0.27
TXN-12530;2024/03/18;Edu Corp;Bucaramanga;Oficina;84;519.15;0.13
TXN-12531;2026/03/19;Tech Corp;Cali;Mobiliario;49;575.38;0.28
TXN-12532;2026/02/28;Acme SAS;Barranquilla;Mobiliario;42;113.66;0.26
TXN-12533;2026/10/15;Acme SAS;Barranquilla;Oficina;53;459.23;0.19
TXN-12534;2025/07/27;Tech Corp;Barranquilla;Oficina;98;411.58;0.01
TXN-12535;2025/03/19;Eco Group;Bucaramanga;Servicios;77;1283.03;0.25
TXN-12536;2026/05/12;Acme SAS; Bogo-ta;Servicios;51;380.83;0.02
TXN-12537;2024/05/17;Tech Corp;Bucaramanga;Software;43;715.57;0.07
TXN-12538;2024/03/30;Global Trade;Cali;Software;26;394.6;0.05
TXN-12539;2025/01/01;Neo Systems;Cali;Mobiliario;25;344.22;0.15
TXN-12540;2026/10/19;Global Trade;Bogotá;Software;4;1159.99;0.09
TXN-12541;2024/07/04;Neo Systems;Bogotá;Mobiliario;74;631.49;0.15
TXN-12542;2025/12/29;Acme SAS;Bucaramanga;Mobiliario;15;984.78;0.07
TXN-12543;2025/09/17;Edu Corp;Bogotá;Servicios;1;1242.0;0.01
TXN-12544;2024/02/18;Global Trade;Cali;Mobiliario;11;105.55;0.0
TXN-12545;2025/02/21;Eco Group;Bogotá;Servicios;87;15.9;0.11
TXN-12546;2025/11/01;Eco Group;Bogotá;Servicios;30;718.95;0.01
TXN-12547;2024/10/05;Edu Corp;Bucaramanga;Mobiliario;45;1423.97;0.01
TXN-12548;2026/08/11;Eco Group;Bogota ;Electrónica;49;569,05;0.1
TXN-12549;2026/07/01;Acme SAS;Medellín;Electrónica;85;929.87;0.04
TXN-12550;2024/01/21;Bio Health;Medellín;Software;61;1465.69;0.04
TXN-12551;2025/07/09;Tech Corp;Bogotá;Servicios;37;177.42;0.05
tx_ 12552;2025/06/06;EduCorp;Barranquilla;Mobiliario;24;1451.97;0.05
TXN-12553;2026/01/23;Acme sas ;Barranquilla;Software;22;1313.16;0.01
TXN-12554;2024/08/18;Eko Group;BGA;Oficina;41;1180.52;0.0
TXN-12555;2026/02/10;Global Trade;Bogotá;Mobiliario;66;211.14;0.25
TXN-12556;2025/12/24;Bio Health;Bogotá;Oficina;20;1323.08;0.3
TXN-12557;2024/01/29;Tech Corp;Bogotá;Oficina;7;1374.1;0.02
TXN-12558;2024/04/15;Edu Corp;Bucaramanga;Electrónica;20;917.28;0.29
TXN-12559;2026/02/08;Bio Health;Barranquilla;Electrónica;8;202.25;0.11
TXN-12560;2025/06/06;Edu Corp;Bucaramanga;Oficina;12;1294.74;0.27
TXN-12561;2024/06/15;Neo Systems;Bogotá;Oficina;69;205.75;0.21
tx_ 12562;2026/10/28;EduCorp; Bogo-ta;electronica;17;428.26;0.05
tx_ 12563;2024/10/03;EduCorp; Bogo-ta;Servicios;17;122.51;0.09
TXN-12564;2026/07/22;Tech Corp;Bucaramanga;Mobiliario;65;1083.91;0.13
TXN-12565;2024/05/20;Eco Group;Medellín;Servicios;38;1250.26;0.28
TXN-12566;2025/10/26;Eco Group;Barranquilla;Mobiliario;51;745.95;0.22
TXN-12567;2025/08/12;Tech Corp;Medellín;Mobiliario;95;580.49;0.16
TXN-12568;2026/03/07;Eco Group;Bucaramanga;Oficina;66;647.96;0.16
TXN-12569;2025/02/11;Eco Group;Medellín;Software;58;1252.02;0.01
TXN-12570;2026/04/12;Global Trade;Medellín;Mobiliario;99;745.61;0.17
TXN-12571;2025/10/09;Edu Corp;Bogotá;Software;9;122.88;0.18
TXN-12572;2026/02/27;Tech Corp;Cali;Software;68;1033.3;0.27
TXN-12573;2024/12/03;Edu Corp;Medellín;Mobiliario;1;1490.15;0.0
TXN-12574;2025/10/06; Global trade;medeLLin;Servicios;89;102.5;0.05
TXN-12575;2025/05/05;Neo Systems;Medellín;Software;81;873.7;0.13
TXN-12576;2024/12/02;Neo Systems;Barranquilla;Mobiliario;78;543.45;0.26
TXN-12577;2025/12/06;Neo Systems;Medellín;Oficina;75;1290.92;0.17
TXN-12578;2024/10/31;Eco Group;Barranquilla;Servicios;85;682.45;0.19
TXN-12579;2024/10/11;Bio Health;Medellín;Servicios;58;16.97;0.07
TXN-12580;2024/10/09;Tech Corp;Barranquilla;Mobiliario;62;301.21;0.11
TXN-12581;2025/10/16;Acme SAS;Barranquilla;Servicios;95;557.6;0.01
TXN-12582;2026/01/10;Tech Corp;Medellín;Servicios;50;986.07;0.24
TXN-12583;2026/07/22;Edu Corp;Bucaramanga;Software;26;1399.44;0.04
TXN-12584;2026/11/07;Eco Group;Bucaramanga;Mobiliario;68;1210.03;0.26
TXN-12585;2026/08/27;Edu Corp;Medellín;Servicios;15;1482.54;0.1
TXN-12586;2025/12/23;Neo Systems;Barranquilla;Electrónica;60;571.87;0.18
TXN-12587;2025/12/19;Edu Corp;Cali;Software;64;1450.91;0.09
TXN-12588;2025/08/22;Global Trade;Bogotá;Mobiliario;10;537.38;0.2
TXN-12589;2025/05/01;Neo Systems;Bogotá;Servicios;46;1187.71;0.05
TXN-12590;2024/10/18;Eco Group;Medellín;Oficina;70;1369.58;0.08
TXN-12591;2025/11/24;Bio Health;Barranquilla;Electrónica;81;59.29;0.16
TXN-12592;2025/03/28;Bio Health;Cali;Servicios;93;1386.16;0.09
TXN-12593;2025/04/11;Neo Systems;Medellín;Mobiliario;97;861.94;0.29
TXN-12594;2024/04/21;Global Trade;BGA;Servicios;-82;760,5;0.09
TXN-12595;06-06-2026;Eco Group;Bucaramanga;Oficina;87;367.53;0.1
TXN-12596;2024/04/27;Neo Systems;Barranquilla;Oficina;25;486.85;0.23
TXN-12597;2025/03/13;Global Trade;Barranquilla;Electrónica;95;805.3;0.04
TXN-12598;2026/06/14;Bio Health;BGA;Electrónica;54;1343,8;0.1
TXN-12599;2024/12/29;N3o Systems;Bucaramanga;Software;50;468.2;0.17
TXN-12600;2026/05/14;Eco Group;Medellín;Servicios;13;197.17;0.11
TXN-12601;2025/02/08;Tech Corp;Cali;Electrónica;64;1094.93;0.19
tx_ 12602;08-07-2024; Global trade;Bucaramanga; Servicios ;67;1025,23;0.19
TXN-12603;2026/11/13;Edu Corp;Bucaramanga;Mobiliario;16;246.07;0.23
TXN-12604;2024/06/10;N3o Systems;Cali;Mobiliario;77;1275.07;0.18
tx_ 12605;2026/12/01;Eko Group;Medellín;Electrónica;37;300,65;0.0
TXN-12606;2026/02/26;Global Trade;Medellín;Mobiliario;53;490.02;0.02
TXN-12607;2026/10/03;Edu Corp;Cali;Electrónica;48;779.16;0.03
TXN-12608;2026/10/28;Eco Group;Medellín;Mobiliario;50;530,05;N/A
tx_ 12609;2025/02/24;Bio Health;Bucaramanga;electronica;55;1225.2;0.16
TXN-12610;2024/09/18;Neo Systems;Bucaramanga;Electrónica;13;205.69;0.08
TXN-12611;2026/07/10;Acme SAS;Medellín;Servicios;48;514.4;0.04
TXN-12612;2024/01/07;Edu Corp;Medellín;Software;79;998.61;0.2
TXN-12613;2024/06/15;Global Trade;Bogotá;Mobiliario;78;646.88;0.28
TXN-12614;2026/02/09;Tech Corp;Barranquilla;Electrónica;7;573.43;0.1
TXN-12615;2026/03/07;Bio Health;Cali;Software;1;1342.53;0.07
TXN-12616;2025/10/29;Neo Systems;Bogotá;Software;12;893.52;0.15
TXN-12617;2024/07/06;Bio Health;Medellín;Oficina;1;586.04;0.05
TXN-12618;07-06-2026;Neo Systems;Cali;Servicios;94;700.29;0.05
TXN-12619;2025/05/15;Neo Systems;Medellín;Servicios;43;1027.15;0.03
TXN-12620;2025/09/23;Tech Corp;Bogotá;Mobiliario;65;933.72;0.22
TXN-12621;2025/05/30;Global Trade;Barranquilla;Oficina;34;553.52;0.02
TXN-12622;2025/12/08;Acme SAS;Medellín;Mobiliario;10;978.09;0.09
TXN-12623;2025/10/24;Bio Health;Barranquilla;Servicios;-89;1392.66;0.25
TXN-12624;2024/08/10;Bio Health;Bogota ;Servicios;19;368.46;0.08
TXN-12625;2024/09/19;Eco Group;Barranquilla;Mobiliario;14;98.63;0.16
TXN-12626;2024/05/17;Global Trade;Barranquilla;Software;73;893.23;0.17
TXN-12627;2025/05/18;Bio Health;Bogotá;Oficina;28;436.61;0.13
TXN-12628;2024/10/13;Neo Systems;Cali;Oficina;35;1205.16;0.03
TXN-12629;2024/11/24;Global Trade;Medellín;Mobiliario;37;1228.47;0.18
TXN-12630;2025/11/30;Acme SAS;bogota;Sftware;77;1440.26;N/A
TXN-12631;2025/07/18;Neo Systems;Medellín;Electrónica;31;892.82;0.05
TXN-12632;;Global Trade;BGA;Software;27;1026.51;0.24
TXN-12633;2025/10/30;Edu Corp;Medellín;Servicios;84;327.22;0.15
TXN-12634;2025/11/13;Bio Health;Medellín;Software;38;1270.91;0.27
tx_ 12635;2026/06/29;Acme sas ;Barranqilla;Mobiliario;89;1453.14;0.01
TXN-12636;2024/07/06;Neo Systems;Barranquilla;Servicios;94;1123.39;0.02
TXN-12637;2026/11/07;Global Trade;Barranquilla;Servicios;41;551.39;0.27
TXN-12638;2026/04/03;Acme SAS;Bucaramanga;Servicios;86;917.4;0.01
TXN-12639;2025/08/02;Acme sas ;Bucaramanga;electronica;5;430,51;N/A
TXN-12640;2026/01/15;Eco Group;Bucaramanga;Software;18;1398.29;0.12
TXN-12641;2025/11/25;Global Trade;Cali;Oficina;1;269.89;0.03
tx_ 12642;2026/06/17;Acme SAS;cali;Mobiliario;95;648,75;0.27
TXN-12643;2026/12/18;Neo Systems;Bogotá;Electrónica;46;1341.81;0.12
TXN-12644;2024/12/16;Neo Systems;Medellín;Electrónica;66;966.84;0.19
TXN-12645;2026/10/12;Global Trade;Bogotá;Servicios;86;1062.46;0.08
tx_ 12646;2024/01/05;Eko Group;Cali;Electrónica;30;487,15;0.22
TXN-12647;2026/08/08;Edu Corp;Medellín;Software;41;1206.69;0.21
TXN-12648;2024/08/24;Bio Health;Cali;Software;84;1218.43;0.09
TXN-12649;2026/01/05;tech corp;Barranquilla;Software;13;303.53;0.02
TXN-12650;2025/02/02;Edu Corp;Bogotá;Electrónica;64;1121.22;0.2
TXN-12651;2026/07/15;Eko Group;Barranquilla;Servicios;41;79,76;N/A
TXN-12652;2025/04/27;Tech Corp;Bogotá;Oficina;49;64.01;0.22
TXN-12653;11-06-2025;Eco Group;Barranqilla;Servicios;12;661.47;0.29
TXN-12654;2026/09/27;Bio Health;Cali;Oficina;100;365.26;0.19
TXN-12655;2026/10/19;Eco Group;Barranquilla;Software;86;977.9;0.24
TXN-12656;2025/10/03;Eco Group;Barranquilla;Electrónica;58;29.62;0.1
TXN-12657;2026/06/24;Neo Systems;Barranquilla;Servicios;45;769.38;0.17
TXN-12658;2024/01/17;Bio Health;Bogotá;Mobiliario;49;1368.41;0.29
TXN-12659;2025/03/04;Acme SAS;cali;Sftware;13;107.56;0.15
TXN-12660;2024/07/28;Eco Group;Barranquilla;Servicios;47;539.26;0.28
TXN-12661;2026/12/23;Global Trade;Bucaramanga;Servicios;19;569.65;0.22
TXN-12662;2025/09/26;Tech Corp;Cali;Software;2;110.67;0.13
TXN-12663;2024/05/10;Edu Corp;Bucaramanga;Oficina;28;556.35;0.03
TXN-12664;2026/07/17;Tech Corp;Bucaramanga;Servicios;61;257.56;0.02
TXN-12665;2026/03/29;Global Trade;Bucaramanga;Electrónica;65;1338.97;0.06
TXN-12666;2025/09/29;Neo Systems;Bogotá;Mobiliario;12;458.84;0.08
TXN-12667;2024/02/20;Neo Systems;Medellín;Servicios;15;1204.31;0.06
TXN-12668;2026/08/25;Global Trade;Barranquilla;Servicios;61;198.77;0.01
TXN-12669;2026/05/15;Neo Systems;Bucaramanga;Servicios;53;296.51;0.21
TXN-12670;2024/03/31;Tech Corp;Bucaramanga;Oficina;55;514.24;0.2
TXN-12671;08-10-2025;Acme sas ;Cali;Mobilia;35;644.42;0.27
TXN-12672;2024/09/28;Bio-Health;Bucaramanga;Electrónica;74;549.76;0.19
TXN-12673;2025/12/25;Edu Corp;Bogotá;Software;32;21.0;0.17
TXN-12674;2025/06/10;Global Trade;Cali;Oficina;55;865.13;0.29
TXN-12675;2026/04/11;Global Trade;Bogotá;Servicios;30;1177.28;0.15
TXN-12676;2025/03/26;Neo Systems;Cali;Servicios;100;1255.55;0.16
tx_ 12677;2025/09/26;N3o Systems;Bogotá; Servicios ;-53;34.56;0.27
TXN-12678;2026/12/17;Acme SAS;Bogotá;Mobiliario;92;179.13;0.05
TXN-12679;2025/12/30;Edu Corp;Bucaramanga;Servicios;81;811.08;0.19
TXN-12680;2024/02/19;Eco Group;Cali;Servicios;40;1406.68;0.05
TXN-12681;2024/07/07;Neo Systems;Bogotá;Oficina;9;284.08;0.09
TXN-12682;2025/03/27;Bio Health;Bucaramanga;Software;59;34.06;0.19
TXN-12683;2024/11/12;EduCorp;Bucaramanga;Servicios;26;1199.08;0.22
TXN-12684;2025/02/23;Neo Systems;Cali;Software;15;879.61;0.25
TXN-12685;2025/03/20;Bio Health;Medellín;Electrónica;33;1034.9;0.15
TXN-12686;2025/08/12;Edu Corp;Cali;Software;9;1127.69;0.2
TXN-12687;2026/10/11;Tech Corp;Bucaramanga;Oficina;28;200.15;0.13
TXN-12688;2025/02/22;Eco Group;Bucaramanga;Software;46;590.56;0.02
TXN-12689;2026/10/07;Bio Health;Bogotá;Mobiliario;77;641.55;0.27
TXN-12690;2025/12/14;Acme SAS;Bogotá;Sftware;63;1136.18;0.22
TXN-12691;2024/10/28;tech corp;bogota;electronica;54;457.67;0.16
tx_ 12692;2026/09/08;Acme sas ;Barranqilla;Mobilia;10;266.97;0.19
tx_ 12693;;Global Trade;Barranquilla;Software;37;971.51;0.12
TXN-12694;2024/12/19;Tech Corp;Medellín;Software;25;889.28;0.19
TXN-12695;2025/12/14;Bio Health;Bogotá;Electrónica;80;102.89;0.3
TXN-12696;2024/04/06;Bio Health;Cali;Mobiliario;76;82.69;0.28
TXN-12697;2026/12/25;Global Trade;Bucaramanga;Software;33;222.7;0.14
TXN-12698;2024/09/01;Acme SAS;Barranquilla;Electrónica;62;200.6;0.24
TXN-12699;2026/06/10;Tech Corp;Medellín;Software;24;894.32;0.14
TXN-12700;2026/12/18;Acme SAS;Bogotá;Mobiliario;95;741.26;0.13
TXN-12701;2026/06/01;Bio Health; Bogo-ta; Servicios ;73;395.16;0.24
TXN-12702;2025/03/16;Eco Group;Cali;Servicios;97;1397.14;0.15
TXN-12703;2026/04/27;Bio Health;Bogotá;Oficina;30;750.91;0.16
TXN-12704;2025/09/09;Bio Health;bogota;Mobilia;29;1089.49;0.19
TXN-12705;2026/08/13;Bio Health;Bogotá;Electrónica;95;1033.65;0.25
TXN-12706;; Global trade;Barranquilla;Software;3;837.17;0.16
TXN-12707;28-05-2025; Global trade;cali;Mobiliario;17;1401.47;0.05
TXN-12708;2026/06/26;Neo Systems;Barranquilla;Electrónica;51;978.21;N/A
TXN-12709;2025/10/25;Edu Corp;Bucaramanga;Software;44;827.2;0.16
TXN-12710;2026/04/09;Edu Corp;Bucaramanga;Servicios;40;1038.11;0.21
TXN-12711;2024/01/29;Bio Health;Medellín;Oficina;20;795.85;0.21
TXN-12712;2026/10/29;Bio Health;Barranquilla;Software;40;913.17;0.26
TXN-12713;16-05-2024;Eco Group;Medellin;Mobiliario;56;1076.41;N/A
TXN-12714;2026/04/06;Eco Group;Barranquilla;Mobiliario;87;930.61;0.03
TXN-12715;2026/06/27;Edu Corp;Bucaramanga;Oficina;76;498.41;0.25
TXN-12716;2025/04/02;Neo Systems;Cali;Electrónica;80;921.38;0.17
TXN-12717;2024/07/22;Edu Corp;Cali;Software;48;1182.64;0.12
TXN-12718;2025/10/01;Bio Health;Medellín;Mobiliario;4;1440.99;0.18
TXN-12719;2024/04/08;Acme SAS;Cali;Software;7;323.87;0.24
TXN-12720;27-05-2024;tech corp; Bogo-ta;Oficin ;4;1282.9;0.25
TXN-12721;2025/06/26;Acme SAS;Bucaramanga;Mobiliario;26;390.77;0.05
TXN-12722;2024/08/16;Neo Systems;Bogotá;Servicios;42;1378.64;0.06
TXN-12723;2025/01/25;Tech Corp;Medellín;Electrónica;17;1482.26;0.03
TXN-12724;2025/02/01;Edu Corp;Barranquilla;Software;77;740.73;0.12
TXN-12725;2026/05/12;Edu Corp;Medellín;Servicios;57;1072.59;0.06
TXN-12726;2026/01/08;Eco Group;Medellín;Electrónica;7;499.65;0.2
TXN-12727;2024/11/29;Global Trade;Cali;Software;-39;1172.02;N/A
tx_ 12728;05-12-2024;Bio Health;Bucaramanga;Software;-25;386.04;0.15
TXN-12729;2026/09/28;Global Trade;Bucaramanga;Servicios;98;1351.36;0.26
TXN-12730;2025/06/28;Global Trade;Cali;Oficina;87;283.5;0.26
TXN-12731;2026/11/03;Eco Group;Barranquilla;Servicios;96;564.97;0.21
TXN-12732;2024/06/24;Global Trade;Bucaramanga;Oficina;22;1304.6;0.17
TXN-12733;2025/05/26;Neo Systems;Bucaramanga;Mobiliario;80;887.89;0.21
TXN-12734;2025/08/25;Bio Health;Bucaramanga;Electrónica;17;1010.35;0.3
TXN-12735;2026/10/02;Acme SAS;Barranquilla;Mobiliario;-70;1359.79;0.22
TXN-12736;2024/12/12;Bio Health;Medellín;Electrónica;67;1015.36;0.22
TXN-12737;2025/08/31;Neo Systems;Bucaramanga;Servicios;10;590.84;0.29
TXN-12738;2025/03/24;Edu Corp;Medellín;Mobiliario;54;543.03;0.24
TXN-12739;2026/04/10;Edu Corp;Cali;Mobiliario;54;551.25;0.0
TXN-12740;2024/03/18;Bio Health;Bogotá;Servicios;60;977.66;0.29
TXN-12741;2024/03/28;Bio Health;Bogotá;Software;74;1404.1;0.04
TXN-12742;2026/06/11;Tech Corp;Barranquilla;Electrónica;44;1191.34;0.01
TXN-12743;2024/04/28;Neo Systems;Cali;Software;68;803.1;0.01
TXN-12744;2024/08/27;Neo Systems;Barranquilla;Mobiliario;36;775.99;0.0
TXN-12745;2026/05/12;Acme SAS;Bucaramanga;Servicios;93;388.56;0.06
TXN-12746;2024/11/29;Acme SAS;Medellín;Servicios;74;817.92;0.21
TXN-12747;2026/08/17;Neo Systems;Bucaramanga;Electrónica;36;235.54;0.04
TXN-12748;2024/06/02;Neo Systems;cali;Mobilia;69;365.91;0.23
TXN-12749;2024/10/20;Eco Group;Cali;Software;8;1474.51;0.12
TXN-12750;2024/04/13;Bio Health;Bucaramanga;Software;94;883.73;0.07
tx_ 12751;2025/02/22;EduCorp;Medellin;Mobiliario;94;794.76;0.12
TXN-12752;2024/04/05;Global Trade;Bucaramanga;Electrónica;72;1385.3;0.28
TXN-12753;2024/01/26;Edu Corp;Medellín;Software;99;565.2;0.07
TXN-12754;2024/03/26;Global Trade;Bucaramanga;Oficina;80;1492.67;0.03
TXN-12755;2025/06/30;Eco Group;Bucaramanga;Software;40;1242.79;0.12
TXN-12756;2024/09/07;Edu Corp;Barranquilla;Mobiliario;54;1434.77;0.03
TXN-12757;2024/06/06;Acme SAS;Cali;Servicios;69;169.48;0.1
TXN-12758;2026/08/10;Edu Corp;Medellín;Software;14;642.57;0.04
TXN-12759;2025/10/15;Global Trade;Medellín;Mobiliario;10;1473.75;0.11
TXN-12760;2026/10/11;Eco Group;Medellín;Electrónica;30;924.58;0.22
TXN-12761;2025/04/14;Acme SAS;Bucaramanga;Electrónica;64;71.2;0.13
TXN-12762;2024/11/21;Tech Corp;Medellín;Mobiliario;52;433.69;0.25
TXN-12763;2025/01/17;Edu Corp;Barranquilla;Electrónica;69;1424.51;0.01
TXN-12764;2026/05/01;Global Trade;medeLLin;Oficina;90;741.67;0.02
TXN-12765;2026/07/25;Eco Group;Bucaramanga;Servicios;40;407.79;0.24
TXN-12766;2026/05/06;Bio Health;Bucaramanga;Electrónica;7;1183.52;0.28
TXN-12767;2024/05/23;Acme SAS;Bucaramanga;Mobiliario;19;1435.04;0.27
TXN-12768;19-10-2024;Bio-Health; Bogo-ta;Electrónica;93;819.21;0.23
TXN-12769;2026/12/18;Acme SAS;Bucaramanga;Software;97;48.29;0.09
TXN-12770;2025/03/04;Global Trade;Cali;Electrónica;35;1134.77;0.11
TXN-12771;2024/10/08;Bio Health;Barranquilla;Software;29;498.77;0.1
TXN-12772;2026/09/11;Global Trade;Barranquilla;Servicios;10;363.08;0.23
TXN-12773;2025/08/25;Eco Group;Cali;Software;38;1387.18;0.04
TXN-12774;2024/09/03;Tech Corp;Medellín;Software;11;851.27;0.09
TXN-12775;2024/05/13;Tech Corp;Bucaramanga;Electrónica;14;437.83;0.16
TXN-12776;2026/06/07;Tech Corp;Bucaramanga;Oficina;36;140.69;0.25
TXN-12777;2025/08/09;Tech Corp;Cali;Electrónica;65;793.28;0.11
TXN-12778;2026/11/04;Global Trade;Barranquilla;Electrónica;13;604.86;0.2
TXN-12779;2024/06/23;Edu Corp;Bucaramanga;Oficina;18;131.56;0.04
TXN-12780;2024/01/16; Global trade;bogota;Mobilia;65;1197.75;0.28
TXN-12781;2025/06/27;Acme SAS;Cali;Software;14;810.27;0.06
TXN-12782;2025/03/21;Global Trade;Barranquilla;Servicios;47;246.69;0.02
TXN-12783;2026/03/30;Tech Corp;Bogotá;Mobiliario;64;1016.36;0.07
TXN-12784;2024/05/21;Eco Group;Bucaramanga;Electrónica;70;1344.89;0.08
TXN-12785;2024/07/30;Bio Health;Bucaramanga;Electrónica;4;891.97;0.13
TXN-12786;2025/09/06;Eco Group;Bucaramanga;Mobiliario;60;40.3;0.26
TXN-12787;2026/01/13;Tech Corp;Cali;Mobiliario;56;1408.81;0.24
TXN-12788;2026/12/09;Global Trade;Medellín;Electrónica;39;1481.53;0.26
TXN-12789;2025/01/02;Eco Group;Barranquilla;Oficina;38;935.7;0.01
TXN-12790;2025/05/31;Acme SAS;Cali;Mobiliario;42;942.2;0.05
TXN-12791;2024/01/04;Eco Group;Barranquilla;Oficina;24;1293.27;0.04
TXN-12792;2024/06/13;Edu Corp;Bucaramanga;Mobiliario;25;600.49;0.08
TXN-12793;2024/03/15;Tech Corp;Cali;Mobiliario;15;190.0;0.03
TXN-12794;2025/12/31;Global Trade;Bucaramanga;Software;4;1167.73;0.24
TXN-12795;2025/02/12;EduCorp;cali; Servicios ;47;855.16;0.25
TXN-12796;2024/05/26;Tech Corp;Bucaramanga;Oficina;19;420.88;0.06
TXN-12797;2026/07/01;Eco Group;Bucaramanga;Servicios;73;892.49;0.12
TXN-12798;2025/01/07;Acme SAS;Barranquilla;Electrónica;38;801.57;0.11
TXN-12799;2024/10/05;Global Trade;Barranquilla;Oficina;92;336.38;0.26
TXN-12800;2024/12/24;Tech Corp;Barranquilla;Servicios;69;30.25;0.06
TXN-12801;2026/12/16;Bio Health;Bucaramanga;Software;61;912.87;0.08
TXN-12802;2025/04/18;Edu Corp;Medellín;Mobiliario;62;370.25;0.23
TXN-12803;2026/12/13;Tech Corp;Bucaramanga;Electrónica;10;772.97;0.07
TXN-12804;2024/03/04;Tech Corp;Bucaramanga;Electrónica;57;1105.91;0.19
TXN-12805;2025/07/03;Neo Systems;Bucaramanga;Mobiliario;67;615.7;0.15
TXN-12806;2024/10/01;Tech Corp;Barranquilla;Mobiliario;65;1139.94;0.29
TXN-12807;2024/09/11;Bio Health;Medellín;Software;21;1004.52;0.05
TXN-12808;2025/09/09;Bio Health;Bucaramanga;Oficina;64;29.6;0.18
TXN-12809;2025/06/29;Edu Corp;Barranquilla;Servicios;76;1320.08;0.04
TXN-12810;2025/03/19;Edu Corp;Cali;Servicios;6;13.42;0.28
TXN-12811;2024/09/13;Neo Systems;Bucaramanga;Oficina;18;141.21;0.0
TXN-12812;2025/11/12; Global trade;Medellin;Oficina;35;572.44;0.3
TXN-12813;2024/10/10;Eco Group;Bogotá;Mobiliario;29;562.94;0.13
TXN-12814;2024/04/29;Neo Systems;Barranquilla;Software;100;962.39;0.13
TXN-12815;2025/01/14;Global Trade;Bucaramanga;Servicios;8;679.14;0.28
TXN-12816;2026/09/27;Tech Corp;Medellín;Electrónica;58;194.37;0.03
TXN-12817;2026/08/31;Acme SAS;Cali;Mobiliario;65;372.03;0.07
TXN-12818;2026/10/17;Eco Group;Barranquilla;Oficina;19;1249.07;0.17
TXN-12819;04-10-2024;Bio Health;BGA;Software;20;1262.83;0.16
TXN-12820;2026/10/06;Neo Systems;Cali;Servicios;4;907.82;0.28
TXN-12821;2025/03/09;Acme SAS;Cali;Mobiliario;91;1087.47;0.21
TXN-12822;;Acme sas ;Bucaramanga;Electrónica;15;189.06;N/A
TXN-12823;2024/05/23;Tech Corp;Cali;Mobiliario;51;842.8;0.2
TXN-12824;2026/04/01;Bio Health;Bucaramanga;Electrónica;50;1358.23;0.13
TXN-12825;2026/01/28;Neo Systems;Medellín;Software;5;784.21;0.13
TXN-12826;2024/03/31;Bio Health;Cali;Electrónica;88;240.54;0.27
TXN-12827;2025/07/28;Edu Corp;Bogotá;Servicios;39;1051.66;0.13
TXN-12828;17-01-2025;Edu Corp;cali;Electrónica;59;265.01;N/A
TXN-12829;2024/06/30;Neo Systems;Barranquilla;Oficina;26;436.77;0.02
TXN-12830;2024/05/18;Edu Corp;Barranquilla;Servicios;39;1005.85;0.06
TXN-12831;2025/06/12;Neo Systems;Cali;Oficina;52;1478.98;0.22
TXN-12832;;Tech Corp;BGA;Mobiliario;30;696,02;0.27
TXN-12833;2026/05/01;Global Trade;Bogotá;Software;-7;528.67;0.26
TXN-12834;2025/09/04;Global Trade;Barranquilla;Software;54;597.08;0.02
TXN-12835;2024/09/02;Edu Corp;Cali;Servicios;70;606.49;0.24
TXN-12836;2026/05/13;Edu Corp;Medellín;Servicios;83;632.04;0.24
TXN-12837;2024/08/23;Tech Corp;Barranquilla;Mobiliario;36;1365.68;0.02
TXN-12838;2024/12/15;Global Trade;Bucaramanga;Mobiliario;87;65.3;0.12
TXN-12839;2024/08/02;Neo Systems;Bogotá;Servicios;46;748.04;0.19
TXN-12840;2024/06/08;Eco Group;Medellín;Electrónica;97;776.06;0.13
TXN-12841;2025/02/18;Bio Health;Cali;Oficina;67;396.86;0.23
TXN-12842;2025/12/26;Neo Systems;Cali;Mobiliario;57;1195.56;0.14
TXN-12843;2025/03/28;Eco Group;Bogotá;Mobiliario;23;111.62;0.18
TXN-12844;2026/10/11;Acme SAS;Cali;Oficina;44;565.1;0.14
TXN-12845;2024/06/27;Neo Systems;Barranquilla;Electrónica;14;102.07;0.1
TXN-12846;2026/12/02;Acme SAS;Barranquilla;Servicios;13;983.8;0.11
TXN-12847;2025/08/30;Global Trade;Bucaramanga;Mobiliario;15;303.26;0.19
TXN-12848;2025/03/23;Edu Corp;Medellín;Electrónica;80;1093.95;0.11
TXN-12849;2024/12/09;Global Trade;Cali;Software;48;1244.67;0.17
TXN-12850;2026/10/04;Neo Systems;Bogotá;Servicios;51;264.99;0.23
TXN-12851;2024/06/17;Neo Systems;Medellín;Mobiliario;95;635.03;0.08
TXN-12852;2025/04/30;Acme SAS;Barranquilla;Mobiliario;56;1043.62;0.04
TXN-12853;2026/08/14;Acme SAS;Bogotá;Software;65;512.37;0.16
TXN-12854;2025/05/07;Neo Systems;Medellín;Oficina;96;23.69;0.24
TXN-12855;2026/07/09;Global Trade;Bucaramanga;Servicios;23;262.68;0.29
TXN-12856;2025/05/01;Tech Corp;Cali;Servicios;49;408.6;0.19
TXN-12857;2024/11/09;Acme SAS;Barranquilla;Software;29;669.36;0.21
TXN-12858;2025/12/14;Acme SAS;Barranquilla;Servicios;37;923.63;0.13
TXN-12859;2024/09/12;Acme SAS;Bogotá;Oficina;22;1487.98;0.02
TXN-12860;2024/07/23;Bio Health;Bucaramanga;Mobiliario;59;65.14;0.25
TXN-12861;2025/09/16;Eco Group;Medellín;Servicios;70;241.39;0.29
TXN-12862;2025/05/03;Global Trade;Bogotá;Servicios;55;854.58;0.12
TXN-12863;2026/11/19; Global trade;Barranquilla;Electrónica;7;1162,51;0.2
TXN-12864;2026/07/29;Global Trade;Medellín;Oficina;17;906.34;0.17
TXN-12865;2025/10/06;Eco Group;Bucaramanga;Mobiliario;20;1022.16;0.29
TXN-12866;2025/12/13; Global trade;Bogotá;Mobiliario;81;806,78;0.07
TXN-12867;2026/09/03;Neo Systems;Medellín;Oficina;4;827.73;0.29
TXN-12868;2024/05/06;Acme SAS;Barranquilla;Mobiliario;83;335.48;0.12
TXN-12869;2026/09/16;EduCorp;Barranquilla;Software;59;1099.86;0.29
TXN-12870;2025/07/08;Edu Corp;Cali;Mobiliario;95;1273.68;0.28
TXN-12871;2024/06/03;Neo Systems;Medellín;Electrónica;22;469.43;0.27
TXN-12872;2025/12/05;Acme SAS;Bogotá;Servicios;35;826.41;0.2
TXN-12873;2024/09/03;Global Trade;Bucaramanga;Electrónica;2;799.38;0.08
TXN-12874;2024/05/22;Acme SAS;Bogotá;Oficina;8;724.39;0.24
TXN-12875;06-12-2025;Eco Group;Bogotá; Servicios ;7;1379.26;0.13
TXN-12876;2026/02/13;Tech Corp;Barranquilla;Software;49;247.87;0.04
tx_ 12877;;EduCorp;medeLLin;Software;17;1359.94;0.12
TXN-12878;2025/11/24;Eco Group;Bucaramanga;Oficina;48;522.12;0.2
TXN-12879;2025/12/31;Global Trade;Cali;Servicios;7;712.68;0.05
TXN-12880;2024/12/09; Global trade;Bogota ;Mobiliario;50;285.38;0.23
TXN-12881;2026/12/03;Neo Systems;Bogotá;Oficina;56;689.09;0.02
TXN-12882;2024/08/24;Global Trade;Cali;Software;13;1017.06;0.17
TXN-12883;24-06-2024;Edu Corp;Medellín;Mobiliario;36;854.87;N/A
TXN-12884;2024/06/09;Global Trade;Cali;Oficina;42;371.93;0.24
TXN-12885;2026/12/26;Global Trade;Bucaramanga;Electrónica;47;220.8;0.2
TXN-12886;2025/05/11;Acme SAS;Bogotá;Software;85;734.08;0.18
TXN-12887;2024/09/16;Global Trade;bogota;Oficin ;77;1410.64;0.01
TXN-12888;2025/01/09;Bio Health;Medellín;Oficina;77;640.11;0.03
TXN-12889;2024/06/20;Neo Systems;Medellín;Oficina;9;659.28;0.01
TXN-12890;2026/05/24;Acme SAS;Bucaramanga;Oficina;20;753.1;0.11
TXN-12891;2026/06/05;N3o Systems;Bucaramanga;electronica;21;673.5;0.13
TXN-12892;2026/12/30;Global Trade;Medellín;Mobiliario;95;1333.33;0.07
TXN-12893;2024/06/15;Neo Systems;Barranquilla;Mobiliario;25;279.71;0.06
TXN-12894;2025/10/14;Global Trade;Medellín;Servicios;64;98.62;0.03
TXN-12895;2026/09/13;Tech Corp;Bucaramanga;Software;68;279.41;0.17
TXN-12896;2026/01/29;Tech Corp;Cali;Software;69;491.4;0.2
TXN-12897;2024/08/23;Eco Group;Barranqilla;Software;55;157,01;0.03
TXN-12898;2024/11/01;Bio Health;Cali;Servicios;76;1295.25;0.13
TXN-12899;2026/05/25;EduCorp;BGA;Mobiliario;17;1466.57;0.01
TXN-12900;2026/02/21;Acme SAS;Bogotá;Electrónica;25;58.3;0.13
TXN-12901;2026/09/17;Edu Corp;Bucaramanga;Oficina;39;1178.73;0.01
TXN-12902;2026/10/22;Global Trade;Bogotá;Software;41;1173.44;0.03
TXN-12903;2024/08/18; Global trade;Medellín;Mobilia;-63;1106.57;0.08
TXN-12904;2026/02/13;Edu Corp;Bucaramanga;Software;83;1260.67;0.29
TXN-12905;2025/06/12;Bio Health;Medellín;Software;6;53.32;0.23
TXN-12906;2024/11/08;Neo Systems;Cali;Electrónica;62;1284.55;0.3
TXN-12907;2025/02/19;Acme SAS;Cali;Software;71;484.92;0.09
TXN-12908;2024/11/17;Edu Corp;Bucaramanga;Oficina;60;1168.06;0.15
TXN-12909;2025/03/31;Neo Systems;Barranquilla;Software;10;89.57;0.3
TXN-12910;2024/12/23;Neo Systems;Cali;Software;98;1143.29;0.02
TXN-12911;2024/06/21;Eco Group;Bogotá;Servicios;67;810.37;0.04
TXN-12912;2024/04/01;Bio Health;Bucaramanga;Software;86;544.31;0.05
TXN-12913;2025/04/19;Tech Corp;Bucaramanga;Software;82;171.16;0.06
TXN-12914;2025/09/30;Eco Group;Barranquilla;Sftware;66;218,58;0.21
TXN-12915;2025/05/27;Eco Group;Bogotá;Mobiliario;17;461.07;0.11
TXN-12916;2024/09/04;Neo Systems;Barranquilla;Servicios;90;1449.32;0.17
TXN-12917;2025/07/17;Eco Group;Barranquilla;Oficina;21;1342.46;0.14
TXN-12918;09-05-2024;Neo Systems;BGA;electronica;28;567,31;0.23
TXN-12919;2026/10/08;Tech Corp;Barranquilla;Software;83;1167.51;0.17
TXN-12920;2025/06/09;Eco Group;Cali;Servicios;23;338.44;0.22
TXN-12921;2025/07/26;Neo Systems;Cali;Oficina;59;1009.11;0.08
TXN-12922;2025/03/20;Neo Systems;Cali;Software;34;235.61;0.22
TXN-12923;2024/03/24;Bio Health;Medellín;Electrónica;98;976.65;0.22
TXN-12924;2024/04/24;Bio Health;Bucaramanga;Oficina;9;477.18;0.0
TXN-12925;2025/07/21;Edu Corp;Bogotá;Mobiliario;31;312.77;0.12
TXN-12926;2025/12/22;Tech Corp;Bogotá;Oficina;26;523.01;0.24
TXN-12927;2026/03/07;Edu Corp;Barranquilla;Mobiliario;49;1021.73;0.0
TXN-12928;2025/03/31;Acme SAS;Barranquilla;Electrónica;55;683.1;0.24
TXN-12929;2026/10/06;Neo Systems;Cali;Servicios;50;834.91;0.07
TXN-12930;2024/09/21;Eco Group;Barranquilla;Mobiliario;6;821.71;0.02
TXN-12931;2025/09/19;Eco Group;Cali;Servicios;62;800.06;0.04
TXN-12932;2025/03/29;Eco Group;Medellín;Oficina;62;1184.93;0.01
TXN-12933;2025/09/20;Global Trade;Bucaramanga;Mobiliario;58;298.03;0.09
TXN-12934;2024/04/21;Neo Systems;Cali;Oficina;64;638.25;0.1
TXN-12935;2025/06/04;Bio Health;Bucaramanga;Software;98;1463.08;0.29
TXN-12936;2024/05/05;Neo Systems;Barranquilla;Servicios;4;355.08;0.1
TXN-12937;2025/06/11;Eko Group;Bucaramanga;Oficin ;28;937.73;0.06
TXN-12938;2024/06/23;Bio Health;Cali;Electrónica;38;1058.82;0.06
TXN-12939;2026/02/03;Neo Systems;BGA;Servicios;-81;520,82;0.03
TXN-12940;2024/04/24;Neo Systems;Barranquilla;Mobiliario;71;117.13;0.29
TXN-12941;2024/05/09;Acme SAS;Cali;Mobiliario;2;1396.79;0.21
TXN-12942;2024/06/28;Edu Corp;Barranqilla;Oficina;100;734.24;0.26
TXN-12943;2025/05/05;Tech Corp;Medellín;Oficina;81;414.48;0.11
TXN-12944;2025/12/15;Acme SAS;Bogotá;Electrónica;40;952.29;0.05
TXN-12945;2024/09/15;Global Trade;Medellín;Oficina;73;1010.82;0.2
TXN-12946;2024/09/16;Neo Systems;Bucaramanga;Oficina;98;394.81;0.07
TXN-12947;2025/01/06;Eco Group;Medellín;Mobiliario;58;1031.5;0.14
TXN-12948;2025/03/30;Neo Systems;Bucaramanga;Oficina;5;927.38;0.01
TXN-12949;2026/08/28;Tech Corp;Bucaramanga;Servicios;66;1349.23;0.06
TXN-12950;2026/08/01;Bio Health;Barranquilla;Software;5;728.16;0.27
TXN-12951;2025/01/20;Bio Health;Bogotá;Servicios;34;1305.71;0.27
TXN-12952;2026/06/22;Neo Systems;Bucaramanga;Electrónica;35;995.26;0.16
TXN-12953;2025/11/27;Eco Group;Cali;Oficina;100;1369.49;0.22
TXN-12954;2024/07/05;Bio Health;Cali;Servicios;36;1486.8;0.15
TXN-12955;2024/03/22;Tech Corp;Cali;Servicios;88;1224.0;0.05
TXN-12956;2024/01/21;Bio Health;Medellín;Electrónica;76;495.5;0.22
TXN-12957;2024/07/11;Neo Systems;Bogotá;Oficina;33;369.22;0.05
TXN-12958;2024/12/09;Tech Corp;Barranquilla;Mobiliario;64;1453.48;0.25
TXN-12959;2026/11/29;Eco Group;Medellín;Mobiliario;92;377.44;0.15
TXN-12960;2025/01/02;Tech Corp;Bogotá;Software;88;289.07;0.07
TXN-12961;2024/05/04;Bio Health;Bogotá;Oficina;37;1106.2;0.25
TXN-12962;2026/11/13;Bio Health;Cali;Software;27;869.65;0.12
TXN-12963;2024/01/15;Acme SAS;Bogotá;Mobiliario;43;153.55;0.28
TXN-12964;2025/10/30;Bio Health;Medellín;Electrónica;20;724.3;0.21
tx_ 12965;;N3o Systems;BGA;Mobiliario;82;1134.54;0.08
TXN-12966;2026/04/14;Eco Group;Cali;Mobiliario;20;1352.88;0.13
TXN-12967;2026/03/18;Global Trade;Bucaramanga;Oficina;15;938.08;0.06
TXN-12968;2024/04/30;Eco Group;Cali;Software;32;551.44;0.03
tx_ 12969;2025/09/08;Bio Health;bogota;Mobiliario;60;48.65;0.06
TXN-12970;2026/11/16;Tech Corp;Barranquilla;Mobiliario;71;492.3;0.06
TXN-12971;2025/12/21;Edu Corp;Bogotá;Servicios;28;1144.06;0.18
TXN-12972;2024/12/12;Edu Corp;Bucaramanga;Mobiliario;27;915.19;0.13
TXN-12973;2024/01/28;Edu Corp;Barranquilla;Electrónica;86;795.74;0.25
TXN-12974;2024/03/18;Bio Health;Medellín;Software;100;23.59;0.07
TXN-12975;2026/10/07;Edu Corp;Barranquilla;Electrónica;28;577.6;0.05
TXN-12976;2024/07/05;Bio Health;Bogotá;Servicios;2;112.66;0.16
TXN-12977;2026/01/27;Acme SAS;Cali;Software;67;673.79;0.28
TXN-12978;2024/03/30;Acme SAS;Cali;Servicios;43;146.46;0.07
TXN-12979;2025/12/06;Neo Systems;Medellín;Software;53;354.71;0.03
TXN-12980;2025/05/26;Neo Systems;Cali;Oficina;98;673.02;0.29
TXN-12981;;tech corp;Barranqilla;Mobiliario;87;622,26;0.23
TXN-12982;2026/08/05;Eco Group;Bogotá;Electrónica;2;1181.76;0.21
TXN-12983;2026/03/03;Bio Health;Bogotá;Servicios;66;78.09;0.14
TXN-12984;2026/11/12;Eco Group;Cali;Electrónica;16;767.33;0.13
TXN-12985;2024/06/01;Global Trade;Barranquilla;Mobiliario;8;393.36;0.23
TXN-12986;2024/04/24;Tech Corp;Medellín;Oficina;60;1147.03;0.21
TXN-12987;2024/01/12;Global Trade;Barranquilla;Sftware;21;1055,92;0.0
TXN-12988;2025/07/05;Tech Corp;Medellín;Servicios;4;1327.42;0.01
TXN-12989;; Global trade;Cali;Oficin ;-73;292.19;0.12
TXN-12990;2024/07/24;Global Trade;Bogotá;Software;89;45.15;0.05
TXN-12991;2026/12/10;Tech Corp;Bogotá;Oficina;22;638.47;0.1
TXN-12992;2025/04/05;Bio Health;Cali;Oficina;64;1078.83;0.05
TXN-12993;2024/04/02;Global Trade;Bogotá;Servicios;17;798.74;0.16
TXN-12994;2024/04/15;Global Trade;Barranquilla;Software;37;270.03;0.12
tx_ 12995;2026/05/10;Edu Corp;Barranqilla;Electrónica;54;622.79;0.09
TXN-12996;2024/06/23;Neo Systems;Bogotá;Mobiliario;5;1425.08;0.14
TXN-12997;2025/02/06;Acme sas ;cali;Software;51;200.12;0.07
TXN-12998;2025/11/03;Bio Health;Cali;Oficina;23;1358.74;0.06
tx_ 12999;;Acme SAS;Bogotá;Oficin ;87;74.43;N/A
TXN-13000;2024/10/08;Global Trade;Cali;Mobiliario;19;1054.35;0.14
TXN-13001;2026/03/26;Edu Corp;Barranquilla;Mobiliario;66;1376.17;0.18
TXN-13002;2024/09/04;Global Trade;Bogotá;Software;22;1212.8;0.2
TXN-13003;2024/07/23;Bio Health;Barranquilla;Oficina;70;138.29;0.1
TXN-13004;2026/06/29;EduCorp;Bogotá;Software;95;139,18;0.03
TXN-13005;2024/09/03;Tech Corp;Barranquilla;Oficina;34;487.25;0.13
TXN-13006;2025/11/26;Neo Systems;Barranquilla;Servicios;43;1419.2;0.21
TXN-13007;2024/03/26;Edu Corp;Bucaramanga;Servicios;70;602.56;0.03
TXN-13008;2024/01/30;Global Trade;Medellín;Software;36;891.82;0.05
TXN-13009;2025/12/21;Bio Health;Bucaramanga;Mobiliario;83;335.49;0.2
TXN-13010;2024/12/16;Acme SAS;Medellín;Mobiliario;53;88.88;0.28
TXN-13011;2024/09/16;Global Trade;Cali;Software;95;671.81;0.13
TXN-13012;2025/07/02;Edu Corp;Bogotá;Servicios;66;1121.13;0.08
TXN-13013;2026/06/12;Eco Group;Medellín;Mobiliario;63;1042.33;0.03
TXN-13014;2026/09/08;Eco Group;Bogotá;Oficina;4;23.07;0.06
TXN-13015;2026/11/02;Acme SAS;Bogotá;Oficina;61;1449.2;0.14
TXN-13016;2025/06/12;Bio Health;Medellín;Electrónica;65;528.2;0.25
TXN-13017;2024/08/30;Neo Systems;Bogotá;Servicios;57;123.9;0.1
TXN-13018;2026/05/26;Global Trade;Barranquilla;Software;62;658.47;0.07
TXN-13019;2026/02/27;Edu Corp;Bogotá;Mobiliario;9;1294.88;0.2
TXN-13020;2026/03/31;Acme SAS;Medellín;Servicios;90;1265.36;0.17
TXN-13021;2026/11/30;Edu Corp;Cali;Software;55;1176.1;0.09
TXN-13022;2025/03/08;Eco Group;Bucaramanga;Oficina;1;271.06;0.23
TXN-13023;2026/05/26;Global Trade;Bogotá;Oficina;96;584.6;0.13
TXN-13024;2026/07/15;Edu Corp;Medellín;Servicios;57;266.0;0.04
TXN-13025;2024/11/27;Global Trade;Bucaramanga;Oficina;97;1386.19;0.11
TXN-13026;2025/12/29;Edu Corp;Bogotá;Oficina;67;518.76;0.03
TXN-13027;2024/07/03;Acme SAS;Bucaramanga;Mobiliario;7;1099.15;0.25
TXN-13028;2026/03/03;Acme SAS;Barranquilla;Oficina;88;382.24;0.2
TXN-13029;2025/11/21;Eco Group;Bogotá;Electrónica;40;441.52;0.11
TXN-13030;2026/09/16;Acme SAS;Cali;Software;85;1292.6;0.22
TXN-13031;2026/02/21;Tech Corp;Bogotá;Servicios;88;645.24;0.09
TXN-13032;2026/10/27;Global Trade;Bucaramanga;Software;95;189.87;0.2
TXN-13033;2025/09/05;Neo Systems;Medellín;Servicios;39;1384.41;0.11
TXN-13034;2025/01/23;Acme SAS;Bogotá;Servicios;41;1422.78;0.15
TXN-13035;17-07-2024; Global trade;Medellín;Software;24;137.71;0.16
TXN-13036;2025/11/07;Tech Corp;Cali;Oficina;93;1219.68;0.06
TXN-13037;2025/05/13;Acme SAS;Bogotá;Software;28;89.95;0.26
TXN-13038;2026/03/25;Global Trade;Medellín;Software;94;1469.8;0.29
TXN-13039;2026/03/09;Eco Group;Bucaramanga;Electrónica;90;1125.91;0.15
TXN-13040;2024/10/21;Neo Systems;Barranquilla;Servicios;48;1447.47;0.14
TXN-13041;2025/03/16;Neo Systems;Medellín;Oficina;73;1142.0;0.22
TXN-13042;22-12-2024;Eco Group; Bogo-ta;Mobiliario;-3;1256.45;0.07
TXN-13043;2025/08/13;Bio Health;Bucaramanga;Electrónica;82;883.53;0.23
TXN-13044;2024/12/20;Bio-Health;medeLLin;Oficina;18;895.63;0.22
TXN-13045;2024/03/28;Global Trade;Bogotá;Electrónica;57;952.62;0.11
TXN-13046;01-07-2025;Eko Group;Barranquilla;Electrónica;89;1289.73;0.25
TXN-13047;2026/05/23;Global Trade;Medellín;Software;75;802.74;0.2
TXN-13048;2025/02/08;Acme SAS;Bucaramanga;Software;68;106.27;0.2
tx_ 13049;25-01-2025;Bio Health;Medellín;Oficina;91;198.97;0.13
TXN-13050;2025/12/28;Edu Corp;Medellín;Software;5;336.55;0.24
TXN-13051;2026/08/20;Global Trade;Medellín;Mobiliario;62;742.7;0.07
tx_ 13052;2024/05/22;Acme sas ;Cali;electronica;7;368.54;0.02
TXN-13053;2024/12/30;Tech Corp;Medellín;Software;62;1086.92;0.16
TXN-13054;2025/04/24;Bio Health;Cali;Oficina;56;1393.55;0.05
TXN-13055;2024/03/11;Global Trade;Bogotá;Servicios;11;120.58;0.08
TXN-13056;2025/02/28;Bio Health;Medellín;Mobiliario;41;892.08;0.03
TXN-13057;2025/07/02;Acme SAS;Medellín;Servicios;98;838.6;0.13
TXN-13058;2024/03/13;Neo Systems;Bucaramanga;Electrónica;52;567.34;0.18
TXN-13059;2024/12/31;Edu Corp;Cali;Electrónica;5;1228.36;0.03
TXN-13060;2026/03/13;N3o Systems;Barranqilla;Software;42;734.9;0.12
TXN-13061;23-04-2025;Eco Group;Bogota ;Sftware;-19;1185.03;0.06
TXN-13062;2025/09/30;Edu Corp;Cali;Servicios;7;1254.2;0.03
TXN-13063;2026/07/28;Bio Health;BGA;Electrónica;30;1138,38;0.09
TXN-13064;2026/12/06;Global Trade;Medellín;Electrónica;16;395.01;0.22
TXN-13065;2024/11/08;Acme SAS;cali;Electrónica;-100;940.91;0.19
TXN-13066;2026/11/02;Acme SAS;Medellín;Mobiliario;28;1024.38;0.14
TXN-13067;2025/03/15;Bio Health;Cali;Servicios;63;596.62;0.19
TXN-13068;2026/10/15;Tech Corp;Barranquilla;Software;36;581.64;0.09
TXN-13069;;Tech Corp;Medellin;Software;61;292,67;0.24
TXN-13070;2026/08/24;Global Trade;Barranquilla;Electrónica;48;569.74;0.19
TXN-13071;2026/09/25;Global Trade;Barranquilla;Oficina;70;1135.63;0.13
TXN-13072;2025/12/25;Neo Systems;Bucaramanga;Servicios;30;946.9;0.29
TXN-13073;2025/06/28;Global Trade;Bucaramanga;Electrónica;94;444.65;0.15
TXN-13074;16-11-2025;Global Trade;Bogotá;Electrónica;58;563.03;0.24
TXN-13075;2026/05/16;Acme SAS;Bogotá;Servicios;93;365.49;0.1
TXN-13076;2025/11/17;Eco Group;Bucaramanga;Mobiliario;79;311.85;0.17
TXN-13077;2025/12/15;Edu Corp;Cali;Oficina;69;959.99;0.03
TXN-13078;2026/10/24;Tech Corp;bogota;Oficina;38;1319.93;0.21
TXN-13079;2024/06/14;Neo Systems;Bogotá;Electrónica;56;109.52;0.28
TXN-13080;2025/05/02;Global Trade;Bogotá;Electrónica;80;668.56;0.23
TXN-13081;2025/10/22;Edu Corp;Bogotá;Servicios;86;650.97;0.04
TXN-13082;2026/01/20;Acme SAS;Medellín;Mobiliario;64;1161.74;0.19
TXN-13083;2024/02/05;Tech Corp;Cali;Oficina;87;112.97;0.14
TXN-13084;2025/08/08;Eco Group;Bogotá;Oficina;97;716.63;0.01
TXN-13085;2024/08/15;Edu Corp;Medellín;Software;92;772.94;0.01
tx_ 13086;;tech corp;bogota;Electrónica;49;351.84;0.12
TXN-13087;2026/06/12;Global Trade;Barranquilla;Electrónica;25;850.04;0.07
TXN-13088;2026/10/17;Edu Corp;Bucaramanga;Electrónica;51;564.22;0.17
TXN-13089;2024/07/28;Tech Corp;Cali;Software;35;1184.03;0.01
tx_ 13090;2026/02/03;tech corp;cali;Oficin ;28;196.28;0.07
TXN-13091;2025/08/20;Bio Health;Bucaramanga;Mobiliario;96;1493.82;0.27
TXN-13092;2025/12/20;Neo Systems;Medellín;Oficina;37;1414.12;0.15
TXN-13093;2025/10/16;Eco Group;Cali;Oficina;11;498.42;0.05
TXN-13094;2026/06/20;Bio Health;Barranqilla;Servicios;81;39,66;0.06
TXN-13095;2024/02/22;Edu Corp;Medellín;Servicios;81;1398.07;0.06
TXN-13096;2025/11/06;Eco Group;Barranquilla;Software;58;909.34;0.18
TXN-13097;2026/04/23;Acme SAS;Medellín;Electrónica;62;499.79;0.22
TXN-13098;2025/12/16;Tech Corp;Cali;Software;98;65.18;0.14
TXN-13099;2025/03/27;Eco Group;Barranquilla;Electrónica;55;389.65;0.3
TXN-13100;2024/02/23;Bio Health;Barranquilla;Electrónica;66;1289.57;0.14
TXN-13101;2024/11/20;Bio Health;Medellín;Mobiliario;64;773.85;0.09
TXN-13102;08-02-2024;Acme sas ; Bogo-ta;Oficin ;37;192.98;0.26
TXN-13103;2025/08/08;Neo Systems;Medellín;Mobiliario;55;572.34;0.28
TXN-13104;2025/03/22;Tech Corp;Bogotá;Servicios;29;175.46;0.28
TXN-13105;2025/07/13;Bio Health;Bogotá;Software;93;1455.36;0.22
TXN-13106;2024/01/09;Neo Systems;Medellín;Oficina;44;518.5;0.08
TXN-13107;2025/06/15;Eco Group;Barranquilla;Servicios;99;362.11;0.24
TXN-13108;2026/09/24;Eco Group;Bogotá;Servicios;71;855.68;0.13
TXN-13109;2026/06/01;Global Trade;Bogotá;Oficina;99;494.82;0.19
TXN-13110;2025/02/14;Acme SAS;Bucaramanga;Oficina;24;223.76;0.09
TXN-13111;2024/10/16;Global Trade;Cali;Oficina;12;249.91;0.04
TXN-13112;2026/12/08;Eco Group;Cali;Mobiliario;99;406.63;0.13
TXN-13113;2026/05/04;Neo Systems;Medellín;Mobiliario;70;1137.82;0.11
TXN-13114;2025/01/02;Tech Corp;Medellín;Electrónica;17;715.37;0.12
TXN-13115;2024/07/31;Edu Corp;Cali;Software;7;1316.83;0.26
TXN-13116;2024/01/15;Global Trade;Medellín;Mobiliario;26;586.21;0.18
TXN-13117;2025/08/07;Bio Health;Bogotá;Electrónica;70;1008.18;0.24
TXN-13118;2026/04/26;Edu Corp;Bucaramanga;Servicios;51;671.13;0.24
TXN-13119;2024/10/25;Acme SAS;Bogota ;electronica;47;44.49;0.16
TXN-13120;2024/05/01;Global Trade;Barranquilla;Servicios;87;1350.64;0.16
TXN-13121;2025/03/02;Eco Group;Medellín;Software;92;1171.52;0.17
TXN-13122;2026/11/01;Global Trade;Bogotá;Oficina;22;650.32;0.0
TXN-13123;2024/12/10;Acme SAS;Cali;Oficina;89;218.44;0.14
TXN-13124;2025/12/03;Acme sas ;cali;Sftware;55;891.78;0.15
TXN-13125;2026/04/02;Global Trade;Barranquilla;Electrónica;74;721.79;0.19
tx_ 13126;14-12-2024;Neo Systems;medeLLin;electronica;1;1265.22;0.21
TXN-13127;2024/11/27;Acme SAS;Cali;Electrónica;23;518.32;0.2
TXN-13128;2026/07/17;Edu Corp;Bucaramanga;Servicios;7;1429.04;0.02
TXN-13129;2026/12/12;Global Trade;Bucaramanga;Software;69;223.51;0.04
TXN-13130;2024/03/12;Edu Corp;Medellín;Electrónica;30;1208.52;0.23
TXN-13131;2025/02/18;Acme sas ;medeLLin;Oficin ;85;1334.29;0.02
tx_ 13132;;Acme SAS;Bogota ;Electrónica;21;232.09;0.29
TXN-13133;2025/05/24;Acme SAS;Bucaramanga;Servicios;24;1364.43;0.13
TXN-13134;2024/01/11;Neo Systems;Bucaramanga;Electrónica;65;1424.51;0.22
TXN-13135;2024/06/25;Tech Corp;Bucaramanga;Oficina;78;1009.43;0.1
TXN-13136;2024/09/06;Tech Corp;Cali;Electrónica;77;999.99;0.28
TXN-13137;2024/05/05;Edu Corp;Cali;Software;32;1314.2;0.25
TXN-13138;2024/01/30;Edu Corp;Cali;Oficina;34;758.61;0.29
TXN-13139;2024/06/20;Acme SAS;Barranquilla;Oficina;45;704.43;0.12
TXN-13140;2025/01/21;Neo Systems;Bogotá;Mobiliario;1;1229.27;0.07
TXN-13141;2025/03/16;Eco Group;Medellín;Electrónica;50;495.09;0.23
TXN-13142;2024/02/28;Neo Systems;Bogotá;Servicios;96;1425.58;0.12
TXN-13143;2025/10/31;Neo Systems;Medellín;Electrónica;28;724.05;0.07
TXN-13144;2024/05/29;Tech Corp;Cali;Software;97;1230.07;0.08
TXN-13145;2026/08/18;Edu Corp;Medellín;Servicios;48;716.3;0.18
TXN-13146;2025/05/14;Neo Systems;Cali;Mobiliario;17;378.24;0.19
TXN-13147;2025/10/30;Global Trade;Barranquilla;Software;30;1408.26;0.3
TXN-13148;2026/08/30;Edu Corp;Bogotá;Oficina;59;1131.59;0.08
TXN-13149;2024/07/19;Global Trade;Bogotá;Software;20;67.54;0.27
TXN-13150;2024/03/19;Eco Group;Cali;Mobiliario;53;1371.92;0.1
TXN-13151;2024/08/12;tech corp; Bogo-ta;Sftware;-77;1317.01;0.28
TXN-13152;2025/05/11;Tech Corp;Cali;Servicios;74;1211.58;0.05
TXN-13153;2025/04/03;Neo Systems;Cali;Electrónica;22;814.0;0.2
TXN-13154;2024/11/26;Neo Systems;Medellín;Oficina;74;292.43;0.03
TXN-13155;2025/03/26;Edu Corp;Cali;Electrónica;97;1010.67;0.2
TXN-13156;2025/09/09;Neo Systems;Bogotá;Mobiliario;69;1263.14;0.11
TXN-13157;2025/09/10;Neo Systems;Cali;Oficina;3;1492.5;0.14
TXN-13158;2025/01/01;Acme SAS;Cali;Mobiliario;87;280.08;0.2
TXN-13159;2024/10/23;Edu Corp;Cali;Oficina;47;935.34;0.08
tx_ 13160;2025/06/26;Acme SAS;medeLLin;Mobiliario;37;859.61;0.23
TXN-13161;2025/06/25;Global Trade;Bucaramanga;Electrónica;86;1186.51;0.21
TXN-13162;2026/01/08;Acme SAS;Cali;Software;16;630.03;0.05
TXN-13163;2026/11/17;Eco Group;Bogotá;Electrónica;13;1112.1;0.13
TXN-13164;2026/09/23;Acme SAS;Medellín;Mobiliario;89;1266.34;0.12
TXN-13165;2024/01/31;Bio Health;Medellín;Oficina;1;173.57;0.18
TXN-13166;2025/07/20;Global Trade;Cali;Mobiliario;8;1165.68;0.21
TXN-13167;2025/12/24;Global Trade;Barranquilla;Mobiliario;39;890.91;0.1
TXN-13168;2025/08/20;Edu Corp;Cali;Electrónica;76;1228.95;0.22
TXN-13169;2025/05/10;Neo Systems;Bucaramanga;Servicios;63;1140.46;0.22
TXN-13170;2026/01/25;Global Trade;Cali;Oficina;32;1281.24;0.14
TXN-13171;2024/03/22;Acme SAS;Medellín;Servicios;61;1443.06;0.2
tx_ 13172;2025/05/28;Global Trade;bogota;Sftware;52;496.86;0.08
TXN-13173;2025/03/30;Global Trade;Bucaramanga;Servicios;66;774.86;0.06
TXN-13174;2026/06/06;Global Trade;Medellín;Electrónica;17;734.79;0.27
TXN-13175;2025/06/13;Global Trade;Cali;Software;67;136.28;0.07
TXN-13176;2024/12/04;Eco Group;Bogotá;Software;66;1025.9;0.3
TXN-13177;2024/08/25;Acme SAS;Bogotá;Mobiliario;60;292.97;0.08
TXN-13178;2026/04/01;Eco Group;Bucaramanga;Software;53;950.66;0.06
TXN-13179;2025/11/14;Bio Health;Medellín;Software;32;93.44;0.26
TXN-13180;2024/08/01;Acme SAS;Barranquilla;Oficina;48;970.93;0.07
TXN-13181;2026/03/14;Global Trade;Cali;Software;31;85.39;0.06
TXN-13182;2025/05/15;Acme SAS;Bogotá;Software;22;1219.47;0.2
TXN-13183;2026/12/30;Neo Systems;Bucaramanga;Mobiliario;3;804.4;0.24
TXN-13184;2026/12/03;Neo Systems;Bucaramanga;Electrónica;26;1058.66;0.25
TXN-13185;2024/07/06;Eco Group;Medellín;Electrónica;41;484.56;0.15
TXN-13186;2024/07/30;Bio Health;Medellín;Electrónica;93;218.52;0.13
TXN-13187;2025/02/16;Edu Corp;Medellín;Software;92;530.89;0.0
TXN-13188;2025/03/28;Tech Corp;Bucaramanga;Oficina;52;493.73;0.19
TXN-13189;2024/06/06;Neo Systems;Cali;Software;93;1012.47;0.21
TXN-13190;2024/01/24;Global Trade;Cali;Servicios;29;968.31;0.25
TXN-13191;2026/09/13;Tech Corp;Medellín;Software;75;372.26;0.11
tx_ 13192;2024/04/03;Acme sas ;Barranqilla;Servicios;70;250.18;0.04
TXN-13193;2025/12/21;Acme SAS;Bogotá;Mobiliario;98;558.12;0.22
TXN-13194;2024/08/15;Neo Systems;Bucaramanga;Mobiliario;39;1159.33;0.19
TXN-13195;2024/06/22;Acme SAS;Bucaramanga;Mobiliario;20;1075.0;0.02
TXN-13196;2026/07/28;Eco Group;Medellín;Software;14;418.66;0.11
TXN-13197;2026/10/18;Neo Systems;Bogotá;Servicios;65;627.74;0.26
TXN-13198;29-11-2026;Eco Group;BGA;Software;4;140,63;0.17
TXN-13199;2025/10/30;Tech Corp;Barranquilla;Electrónica;99;1183.36;0.18
TXN-13200;2024/08/01;Edu Corp;Medellín;Electrónica;23;1316.25;0.1
TXN-13201;2025/08/08;Edu Corp;Bucaramanga;Oficina;64;863.45;0.14
TXN-13202;2025/09/19;Neo Systems;Medellín;Software;36;797.11;0.16
TXN-13203;2024/04/26;Tech Corp;Medellín;Software;86;842.34;0.23
TXN-13204;2025/11/19;Acme SAS;Bogotá;Software;99;467.21;0.1
TXN-13205;2024/12/26;Acme SAS;Bogotá;Mobiliario;59;1177.63;0.27
TXN-13206;2025/02/06;Edu Corp;Medellín;Mobiliario;68;1219.82;0.06
TXN-13207;2025/07/23;Bio Health;Bucaramanga;Mobiliario;32;925.91;0.22
TXN-13208;2025/12/31;Edu Corp;Medellín;Oficina;2;294.45;0.05
TXN-13209;2026/01/29;Neo Systems;Barranquilla;Oficina;73;928.94;0.08
TXN-13210;2026/06/13;Bio Health;Barranquilla;Software;68;385.41;0.07
TXN-13211;2025/06/27;Tech Corp;Medellín;Electrónica;41;14.54;0.14
TXN-13212;2024/05/19;Global Trade;Medellín;Servicios;90;1233.41;0.16
TXN-13213;2024/09/05;Neo Systems;Cali;Electrónica;95;1383.84;0.15
TXN-13214;2024/05/13;Bio Health;Medellín;Mobiliario;25;181.65;0.02
TXN-13215;2026/09/11;Global Trade;Medellín;Mobiliario;27;1255.28;0.29
TXN-13216;2024/02/10;tech corp;Bucaramanga;Electrónica;69;1383,18;0.07
TXN-13217;2025/07/20;Acme SAS;Medellín;Mobiliario;86;1358.0;0.16
TXN-13218;2024/05/02;Edu Corp;Medellín;Software;75;1192.05;0.24
TXN-13219;2024/11/17;Eco Group;Cali;Oficina;93;1142.39;0.28
TXN-13220;2025/07/13;Eco Group;Cali;Mobiliario;52;669.96;0.05
TXN-13221;2024/01/30;Eco Group;Barranquilla;Mobiliario;2;448.98;0.16
TXN-13222;2024/12/17;Neo Systems;Barranquilla;Mobiliario;93;298.27;0.13
TXN-13223;2024/02/17;Eco Group;Bogotá;Electrónica;63;136.73;0.04
TXN-13224;2025/10/01;Bio Health;Barranquilla;Servicios;-89;446.66;0.08
TXN-13225;2026/05/10;Eko Group;Bucaramanga;Software;49;670.41;0.24
TXN-13226;2025/08/29;Edu Corp;Bogotá;Software;77;1258.24;0.19
TXN-13227;2026/01/22;Neo Systems;Bogotá;Oficina;69;66.61;0.02
TXN-13228;2026/04/07;Neo Systems;Medellín;Software;36;142.08;0.21
TXN-13229;2025/11/13;Global Trade;Barranquilla;Servicios;9;110.56;0.04
TXN-13230;2024/09/24;Eco Group;Cali;Electrónica;45;1199.16;0.12
TXN-13231;2024/01/07;Bio Health;Cali;Software;97;883.29;0.25
TXN-13232;2025/10/07;Neo Systems;Medellín;Software;22;1050.74;0.2
TXN-13233;2025/03/23;Tech Corp;Bogotá; Servicios ;15;1419,28;0.22
TXN-13234;2026/07/06;Acme SAS;Medellín;Oficina;1;153.46;0.11
TXN-13235;2024/02/05;Tech Corp;Bucaramanga;Mobiliario;62;1192.97;0.17
TXN-13236;2025/05/23;Neo Systems;Bogotá;Software;96;355.92;0.2
TXN-13237;2024/03/10;Acme SAS;Bucaramanga;Servicios;42;639.21;0.07
TXN-13238;2026/10/28;Bio Health;Cali;Electrónica;39;466.32;0.2
TXN-13239;2026/07/25;Bio Health;Cali;Mobiliario;9;181.17;0.22
TXN-13240;2025/02/05;Eco Group;Barranquilla;Software;23;177.72;0.25
TXN-13241;2026/01/29;Edu Corp;Medellín;Servicios;56;1486.89;0.2
TXN-13242;2024/07/26;Eco Group;Barranquilla;Servicios;71;433.06;0.04
TXN-13243;2026/05/30;Acme SAS;Barranquilla;Oficina;50;218.78;0.25
TXN-13244;2024/10/08;Neo Systems;Bucaramanga;Electrónica;86;173.68;0.23
TXN-13245;04-10-2026;EduCorp; Bogo-ta;Oficin ;83;890,9;0.04
TXN-13246;2025/08/15;Eco Group;Medellín;Electrónica;90;992.91;0.26
TXN-13247;2025/05/03;Bio Health;Bogotá;Mobiliario;90;530.7;0.01
TXN-13248;2025/04/19;Acme SAS;Medellín;Oficina;24;636.05;0.02
TXN-13249;2026/02/07;Edu Corp;Bucaramanga;Software;87;206.08;0.28
TXN-13250;2026/04/11;Global Trade;Bucaramanga;Servicios;73;643.11;0.09
TXN-13251;2024/05/15;Neo Systems;Medellín;Software;98;1055.14;0.17
TXN-13252;2026/05/29;Bio Health;Cali;Electrónica;70;1419.38;0.09
TXN-13253;2024/08/25;Tech Corp;Medellín;Mobiliario;45;1259.12;0.08
TXN-13254;2026/10/18;Edu Corp;Barranquilla;Servicios;87;614.29;0.19
TXN-13255;2024/07/18;Acme SAS;Medellín;Software;35;1366.98;0.09
TXN-13256;2025/12/23;Eco Group;Medellín;Servicios;89;500.45;0.16
TXN-13257;2025/04/05;Neo Systems;Barranquilla;Software;83;733.58;0.11
TXN-13258;2026/08/02;Global Trade;Bogotá;Servicios;19;1469.91;0.27
TXN-13259;2026/01/17;Eco Group;Bogotá;Mobiliario;35;1185.86;0.27
TXN-13260;2025/07/22;Acme SAS;Medellín;Oficina;-82;391.97;0.25
TXN-13261;2024/09/14;Global Trade;Bogotá;Electrónica;13;240.52;0.21
TXN-13262;2026/06/06;Neo Systems;Bucaramanga;Electrónica;4;527.75;0.09
TXN-13263;2024/11/03;Acme SAS;Bogotá;Software;81;726.34;0.08
TXN-13264;2026/04/29;Acme SAS;Medellín;Mobiliario;57;1040.81;0.16
TXN-13265;2025/03/04;Neo Systems;Barranquilla;Servicios;8;212.36;0.27
TXN-13266;2025/09/02;Global Trade;Medellín;Mobiliario;14;496.83;0.25
TXN-13267;2025/09/04;Eco Group;Cali;Software;47;107.72;0.01
TXN-13268;2025/02/12;Neo Systems;Bucaramanga;Servicios;97;204.67;0.13
TXN-13269;2025/03/31;Tech Corp;Bogotá;Electrónica;43;10.45;0.25
TXN-13270;2025/09/17;Neo Systems;Barranquilla;Electrónica;84;187.06;0.11
TXN-13271;2025/07/05;Acme SAS;Barranquilla;Oficina;6;404.46;0.05
TXN-13272;2025/01/23;Edu Corp;Barranquilla;Electrónica;50;110.65;0.01
TXN-13273;2024/02/12;Neo Systems;Bogotá;Oficina;1;73.1;0.13
TXN-13274;2025/02/02;Bio Health;Cali;Electrónica;41;75.45;0.28
TXN-13275;2025/07/14;Acme SAS;Cali;Oficina;31;1188.96;0.23
TXN-13276;2025/09/12;Eco Group;Bogotá;Software;55;872.65;0.28
TXN-13277;2024/10/08;Tech Corp;Bucaramanga;Electrónica;24;1241.68;0.16
TXN-13278;2024/09/20;Tech Corp;Medellín;Mobiliario;27;1160.89;0.02
TXN-13279;2025/08/19;Tech Corp;Medellín;Software;49;887.52;0.19
TXN-13280;2026/11/10;Eco Group;Medellín;Software;16;1337.82;0.0
TXN-13281;2024/09/12;Bio Health;Medellín;Mobiliario;6;104.55;0.04
TXN-13282;2026/07/24;Acme SAS;Bucaramanga;Electrónica;67;480.42;0.16
TXN-13283;2024/06/11;Edu Corp;Bogotá;Mobiliario;65;1035.93;0.23
TXN-13284;2026/09/11;Eco Group;Cali;Mobiliario;38;899.42;0.05
TXN-13285;2024/03/29;Edu Corp;Cali;Mobiliario;56;1132.83;0.18
TXN-13286;2024/10/19;Eco Group;Cali;Software;33;1250.0;0.15
TXN-13287;2025/09/01;Acme SAS;Barranquilla;Software;87;115.42;0.01
TXN-13288;2026/08/24;Bio Health;Medellín;Software;89;1144.14;0.15
TXN-13289;2026/10/25;Tech Corp;Bucaramanga;Mobiliario;37;965.06;0.27
TXN-13290;2026/09/28;Global Trade;Cali;Electrónica;12;982.0;0.29
TXN-13291;2026/06/07;Acme SAS;Cali;Oficina;29;1265.98;0.19
TXN-13292;2026/06/28;Edu Corp;Cali;Mobiliario;26;1021.52;0.16
TXN-13293;2025/02/07;Bio Health;Barranquilla;Electrónica;94;594.87;0.14
TXN-13294;2026/12/13;Eco Group;Bogotá;Servicios;16;921.46;0.12
TXN-13295;2024/03/16;Global Trade;Barranquilla;Software;35;675.22;0.17
TXN-13296;2024/12/25;Global Trade;Cali;Software;93;1243.43;0.02
TXN-13297;2026/09/05;Eco Group;Bucaramanga;Electrónica;20;404.37;0.03
TXN-13298;2025/04/06;Tech Corp;Bucaramanga;Oficina;81;106.65;0.14
TXN-13299;2025/09/01;Tech Corp;Cali;Software;87;830.1;0.1
TXN-13300;2025/11/16;Neo Systems;Bucaramanga;Mobiliario;66;865.95;0.05
TXN-13301;25-01-2024;Eko Group;bogota;Servicios;-22;530,37;N/A
TXN-13302;2025/05/27;Tech Corp;Medellín;Oficina;17;280.01;0.14
TXN-13303;2025/12/05;Edu Corp;Bucaramanga;Servicios;42;1445.02;0.13
TXN-13304;;Eco Group;BGA;Oficina;-23;374.28;0.18
TXN-13305;2026/01/20;Edu Corp;Barranquilla;Software;40;779.4;0.18
TXN-13306;01-04-2024;Acme SAS;Barranqilla;Software;80;344.65;0.16
TXN-13307;2025/12/04;Eco Group;Medellín;Software;58;495.93;0.08
TXN-13308;2026/02/13;Bio Health;Cali;Mobiliario;19;174.24;0.23
TXN-13309;2026/08/14;Global Trade;Barranquilla;Oficina;35;170.93;0.28
TXN-13310;2024/04/01;Eco Group;Barranquilla;Oficina;100;309.45;0.14
TXN-13311;2026/04/19;Eco Group;Medellín;Software;97;896.46;0.24
TXN-13312;2026/03/29;Eco Group;Barranqilla;Oficin ;99;1305,69;0.03
TXN-13313;2025/07/05;Tech Corp;Bucaramanga;Software;88;996.39;0.27
TXN-13314;2025/06/09;Global Trade;Barranquilla;Servicios;54;572.11;0.07
TXN-13315;2024/07/28;Eco Group;Barranquilla;Software;24;944.12;0.3
TXN-13316;2024/06/17;Neo Systems;Barranquilla;Software;47;579.83;0.27
TXN-13317;2025/03/31;Global Trade;Barranquilla;Oficina;89;1132.19;0.23
TXN-13318;2024/07/07;Edu Corp;Cali;Software;61;846.18;0.22
TXN-13319;2026/10/17;Acme SAS;Bogotá;Servicios;30;199.11;0.11
TXN-13320;;N3o Systems; Bogo-ta;Software;-77;483,58;0.24
TXN-13321;2024/06/18;Tech Corp;Cali;Oficina;1;1110.55;0.09
TXN-13322;2025/01/18;Edu Corp;Bucaramanga;Servicios;48;329.4;0.14
TXN-13323;2024/12/22;Neo Systems;Medellín;Mobiliario;59;1474.04;0.23
TXN-13324;2025/09/01;Global Trade;Bogotá;Electrónica;13;847.92;0.19
TXN-13325;2024/09/24;Bio Health;Bucaramanga;Mobiliario;31;61.19;0.27
TXN-13326;2024/04/21;Eco Group;Bucaramanga;Servicios;10;91.2;0.21
TXN-13327;2024/07/06;Edu Corp;Bucaramanga;Electrónica;18;53.34;0.21
tx_ 13328;16-03-2026;Tech Corp;medeLLin;Mobilia;27;1073.41;0.01
TXN-13329;2025/10/28;Bio Health;Cali;Electrónica;89;104.69;0.19
TXN-13330;2026/07/20;Global Trade;Bucaramanga;Software;37;1489.54;0.11
TXN-13331;2025/03/01;Edu Corp;Cali;Software;64;978.95;0.24
TXN-13332;2026/03/12;Bio Health;Bogotá;Electrónica;64;47.84;0.25
TXN-13333;2024/11/01;Eco Group;Medellín;Software;79;108.64;0.22
TXN-13334;2025/04/19;Acme SAS;Bogotá;Servicios;49;932.54;0.01
TXN-13335;2025/04/09;Tech Corp;Bucaramanga;Oficina;41;990.19;0.0
TXN-13336;2024/12/04;Acme SAS;Cali;Servicios;96;1036.24;0.22
TXN-13337;2024/09/07;Eco Group;Bucaramanga;Software;49;259.0;0.26
TXN-13338;2026/10/26;Tech Corp;Barranquilla;Oficina;93;1180.94;0.03
TXN-13339;2024/02/14;Bio Health;Bucaramanga;Software;31;1034.98;0.1
TXN-13340;2025/06/05;Neo Systems;Barranquilla;Software;51;1191.17;0.12
TXN-13341;2025/01/13;Neo Systems;Cali;Servicios;8;1404.91;0.29
TXN-13342;2025/06/03;Edu Corp;Bogotá;Electrónica;66;1154.54;0.17
TXN-13343;2026/11/03;Acme SAS;Bogotá;Oficina;31;828.77;0.06
TXN-13344;2025/06/12;Edu Corp;Bogotá;Oficin ;54;1242.75;0.26
TXN-13345;2024/03/09;Global Trade;Bucaramanga;Software;99;1312.76;0.08
TXN-13346;2024/02/11;Acme SAS;Cali;Electrónica;48;846.52;0.02
TXN-13347;2026/03/31;Acme SAS;Bogotá;Servicios;52;746.99;0.02
TXN-13348;07-02-2025;Acme sas ;bogota;Oficina;24;15.56;0.04
TXN-13349;15-05-2024;Global Trade;Cali;Servicios;6;264.37;0.24
TXN-13350;2026/02/18;Tech Corp;Barranquilla;Mobiliario;36;1467.05;0.25
TXN-13351;2024/12/19;Neo Systems;Medellín;Servicios;83;1061.67;0.3
TXN-13352;2024/01/24;Acme SAS;Cali;Software;8;1115.98;0.05
TXN-13353;2024/10/17;Global Trade;Medellín;Software;60;1002.71;0.2
TXN-13354;;tech corp;Cali;Electrónica;21;587.55;0.01
TXN-13355;2024/11/22;Bio Health;Medellín;Software;17;181.29;0.05
TXN-13356;2024/05/17;Global Trade;Barranquilla;Mobiliario;38;710.18;0.27
TXN-13357;2025/10/10;Edu Corp;Barranquilla;Servicios;46;888.54;0.05
TXN-13358;08-10-2025;Acme sas ;Barranquilla;Sftware;77;1014.49;0.23
TXN-13359;2025/04/13;Global Trade;Bucaramanga;Oficina;14;1131.04;0.05
TXN-13360;2024/02/13;Global Trade;Barranquilla;Servicios;56;198.38;0.12
TXN-13361;2025/08/05;Edu Corp;Cali;Servicios;74;1368.54;0.28
TXN-13362;2025/08/16;Acme SAS;Bogotá;Servicios;77;930.46;0.09
TXN-13363;2024/01/15;Acme SAS;Bogotá;Software;72;979.78;0.11
TXN-13364;2025/04/23;Neo Systems;Bogotá;Software;37;1221.19;0.0
TXN-13365;2024/05/15;Bio Health;Bogotá; Servicios ;4;39.76;0.17
TXN-13366;2025/02/21;Bio Health;Cali;Servicios;70;719.12;0.28
TXN-13367;2025/01/21;Global Trade;Bucaramanga;Servicios;21;997.57;0.07
TXN-13368;2026/04/30;Eco Group;Bucaramanga;Mobiliario;82;361.17;0.28
TXN-13369;2026/12/08;Bio Health;Cali;Electrónica;27;790.74;0.02
TXN-13370;2024/04/23;Bio Health;Barranqilla;Oficina;48;979.98;0.26
TXN-13371;2026/09/26;Neo Systems;Bogotá;Software;47;829.56;0.17
TXN-13372;2025/01/04;Tech Corp;Barranquilla;Mobiliario;96;1450.99;0.07
TXN-13373;2026/04/27;Tech Corp;Barranquilla;Servicios;1;1189.61;0.02
TXN-13374;2026/06/06;Eco Group;Barranquilla;Electrónica;10;544.17;0.14
TXN-13375;2026/01/15;EduCorp;Bucaramanga;Electrónica;96;1248.87;0.17
TXN-13376;2026/09/30;Acme SAS;Bogotá;Oficina;28;1056.97;0.16
TXN-13377;2025/05/05;Neo Systems;Barranquilla;Software;17;286.28;0.18
TXN-13378;2025/06/02;Eco Group;Bogotá;Servicios;51;561.87;0.22
TXN-13379;2025/08/31;Global Trade;Medellín;Electrónica;9;959.64;0.03
TXN-13380;2024/05/28;Tech Corp;Bucaramanga;Mobiliario;23;1093.59;0.08
TXN-13381;2026/07/10;Eco Group;Cali;Electrónica;23;849.97;0.23
TXN-13382;2026/05/21;tech corp;Bogotá;electronica;17;1104.06;0.04
TXN-13383;2024/05/10;Neo Systems;Bucaramanga;Electrónica;98;241.88;0.24
TXN-13384;2026/03/17;Tech Corp;Bucaramanga;Electrónica;70;1077.15;0.26
TXN-13385;2025/06/18;Eco Group;Barranquilla;Oficina;38;650.39;0.17
TXN-13386;2025/10/24;Tech Corp;Bucaramanga;Servicios;55;697.21;0.18
TXN-13387;2025/05/24;Global Trade;Medellín;Servicios;52;907.53;0.05
TXN-13388;2024/01/12;Bio Health;Medellín;Software;16;1388.17;0.17
TXN-13389;2026/11/05;Edu Corp;Cali;Electrónica;14;1443.1;0.04
TXN-13390;2026/06/19;Global Trade;Bogotá;Oficina;24;330.42;0.11
TXN-13391;2024/07/02;Tech Corp;Medellín;Servicios;58;853.59;0.2
TXN-13392;2024/08/27;Acme SAS;Barranquilla;Mobiliario;2;1027.34;0.29
TXN-13393;2025/04/08;Neo Systems;Bogotá;Electrónica;29;345.49;0.12
TXN-13394;2026/09/01;Neo Systems;Bogotá;Mobiliario;73;734.31;0.0
TXN-13395;2026/07/10;Acme SAS;Bucaramanga;Software;20;147.57;0.26
TXN-13396;2026/01/13;Bio Health;Cali;Mobiliario;99;752.3;0.07
TXN-13397;2024/12/14;Eco Group;Bogotá;Mobiliario;15;1080.33;0.13
TXN-13398;2026/08/25;Global Trade;Cali;Mobiliario;54;1395.41;0.04
TXN-13399;2026/01/15;Global Trade;Bogotá;Servicios;75;1378.85;0.23
TXN-13400;2026/11/30;Eco Group;Medellín;Mobiliario;92;1164.68;0.06
TXN-13401;2025/01/08;Global Trade;Cali;Oficina;28;1471.06;0.04
TXN-13402;2024/09/26;Global Trade;Medellín;Servicios;94;1178.81;0.08
TXN-13403;2025/09/20;Acme SAS;Bogotá;Software;1;1056.46;0.08
TXN-13404;2024/11/19;Edu Corp;Bogotá;Servicios;2;702.43;0.25
TXN-13405;2026/06/19;Edu Corp;Medellín;Software;86;1489.79;0.28
TXN-13406;2024/01/15;Bio Health;Bucaramanga;Servicios;32;631.87;0.16
TXN-13407;2025/04/01;Global Trade;Bucaramanga;Electrónica;46;1405.11;0.24
TXN-13408;;N3o Systems;Bogota ;Oficin ;83;1101.62;0.03
TXN-13409;2026/06/01;Neo Systems;Barranquilla;Mobiliario;59;1203.5;0.09
TXN-13410;2025/03/15;Bio Health;Medellín;Oficina;7;1140.15;0.18
TXN-13411;2024/12/07;Global Trade;Bogotá;Electrónica;2;544.74;0.11
TXN-13412;2025/09/01;Bio Health;Cali;Mobiliario;39;991.17;0.25
tx_ 13413;2026/05/14;Acme sas ;Medellín;Mobiliario;94;1187.97;0.28
TXN-13414;2026/10/20;N3o Systems;cali;Mobiliario;67;478.28;0.01
TXN-13415;2025/05/09;Bio Health;Medellín;Oficina;95;1290.35;0.23
TXN-13416;2025/11/20;Acme SAS;Bucaramanga;Mobiliario;33;445.76;0.25
TXN-13417;2024/08/09;Acme SAS;Medellín;Software;50;422.3;0.08
TXN-13418;2025/12/20;Tech Corp;Bogotá;Oficina;14;166.75;0.26
TXN-13419;2025/09/07;Bio Health;Bucaramanga;Servicios;57;1179.25;0.22
TXN-13420;2025/08/12;Bio Health;Medellín;Mobiliario;41;1118.92;0.19
TXN-13421;2026/06/03;Global Trade;Bucaramanga;Servicios;62;156.8;0.07
TXN-13422;2025/06/01;Edu Corp;Cali;Mobiliario;51;459.14;0.17
TXN-13423;2024/02/20;Global Trade;Barranquilla;Oficina;7;773.24;0.22
TXN-13424;2026/03/04;Eco Group;Cali;Oficina;68;302.36;0.03
tx_ 13425;04-02-2026;Neo Systems;Bucaramanga;Servicios;6;29.78;N/A
TXN-13426;2024/08/03;Tech Corp;Bogotá;Servicios;18;423.5;0.08
TXN-13427;2026/01/31;Edu Corp;Bogotá;Oficina;72;1458.95;0.3
TXN-13428;2026/06/28;Eco Group;Cali;Electrónica;48;306.15;0.21
TXN-13429;2025/09/19;Bio Health;Medellín;Servicios;38;732.21;0.1
TXN-13430;2024/01/29;Acme SAS;Medellín;Software;88;123.17;0.07
TXN-13431;2024/01/15;Neo Systems;Medellín;Mobiliario;47;954.55;0.2
TXN-13432;2025/09/06;Tech Corp;Barranquilla;Software;53;221.27;0.23
TXN-13433;2024/07/21;Eco Group;Bucaramanga;Electrónica;70;265.43;0.04
TXN-13434;2024/08/17;Acme SAS;Cali;Software;44;734.62;0.14
TXN-13435;2024/02/18;Eko Group;Bucaramanga;electronica;41;1202.67;0.22
TXN-13436;2025/11/28;Neo Systems;Bucaramanga;Electrónica;75;1029.8;0.21
TXN-13437;2024/08/30;Edu Corp;Bucaramanga;Electrónica;62;377.19;0.13
TXN-13438;2025/09/01;Bio Health;Bogotá;Oficina;89;70.87;0.22
TXN-13439;2024/12/10;Bio Health;Cali;Servicios;12;310.73;0.2
TXN-13440;2024/02/03;Edu Corp;Bucaramanga;Electrónica;30;884.8;0.12
TXN-13441;2024/05/16;Neo Systems;Cali;Software;93;297.69;0.09
TXN-13442;2026/05/04;Tech Corp;Medellín;Mobiliario;75;141.54;0.25
TXN-13443;2024/01/22;Edu Corp;Medellín;Electrónica;7;853.74;0.06
TXN-13444;26-06-2024;Eco Group;Barranqilla;Electrónica;96;1499.84;0.01
TXN-13445;2024/08/25;Global Trade;Medellín;Oficina;14;974.38;0.24
TXN-13446;2024/07/26;Edu Corp;Medellín;Oficina;48;67.69;0.01
TXN-13447;2024/10/10;Acme SAS;Barranquilla;Mobiliario;76;151.06;0.26
TXN-13448;2024/03/23;Acme SAS;Barranquilla;Servicios;8;1348.23;0.12
TXN-13449;2026/10/29;Tech Corp;Barranquilla;Servicios;32;662.81;0.07
TXN-13450;2026/02/03;Neo Systems;Bogotá;Mobiliario;9;554.07;0.29
TXN-13451;2025/01/29;Edu Corp;Medellín;Mobiliario;29;324.32;0.09
TXN-13452;2026/10/03;Bio Health;Bucaramanga;Software;100;1205.93;0.12
TXN-13453;2024/07/07;Edu Corp;Cali;Servicios;50;1054.04;0.05
TXN-13454;2024/03/23;Neo Systems;Cali;Electrónica;27;638.14;0.23
TXN-13455;2026/05/27;Acme SAS;Cali;Software;34;1486.45;0.11
TXN-13456;2024/02/29;Tech Corp;Cali;Software;50;1239.22;0.28
TXN-13457;2026/03/18;Bio Health;Cali;Electrónica;19;755.79;0.01
TXN-13458;2024/08/09;Edu Corp;Bucaramanga;Mobiliario;55;574.45;0.22
TXN-13459;2026/01/02;Global Trade;Bucaramanga;Electrónica;64;539.01;0.18
TXN-13460;13-07-2026;Global Trade;Bucaramanga;Oficin ;3;70.38;0.23
TXN-13461;2025/12/23;Neo Systems;Medellín;Software;24;497.88;0.17
TXN-13462;2024/02/22;Neo Systems;Bucaramanga;Servicios;98;109.73;0.1
TXN-13463;2026/10/14;Neo Systems;Bucaramanga;Electrónica;75;713.91;0.12
TXN-13464;2025/06/09;Bio Health;Bucaramanga;Mobiliario;50;95.4;0.14
TXN-13465;2025/05/21;Eco Group;Barranquilla;Oficina;84;1212.27;0.08
TXN-13466;2024/04/17;Neo Systems;Barranquilla;Oficina;59;1473.76;0.06
TXN-13467;2024/04/05;Neo Systems;Medellín;Oficina;66;456.81;0.17
TXN-13468;2025/02/22;Global Trade;Medellín;Oficina;5;1077.49;0.06
TXN-13469;2024/07/31;Global Trade;Bucaramanga;Servicios;64;913.83;0.03
TXN-13470;2026/08/20;Neo Systems;Bucaramanga;Electrónica;70;828.87;0.13
TXN-13471;2025/05/03;Eco Group;Bogotá;Software;61;505.09;0.08
TXN-13472;2025/01/15;Global Trade;Cali;Software;81;840.09;0.04
TXN-13473;2026/03/22;Acme SAS;Barranquilla;Software;21;49.09;0.13
TXN-13474;2025/12/30;Acme SAS;Barranquilla;Electrónica;88;949.91;0.13
TXN-13475;2025/06/24;Global Trade;Bogotá;Electrónica;74;719.46;0.17
TXN-13476;2026/03/05;Tech Corp;Bucaramanga;Oficina;7;1242.4;0.04
TXN-13477;2024/12/11;Eco Group;Medellín;Electrónica;5;1122.91;0.26
TXN-13478;2024/03/27;Bio Health;Bogotá;Software;26;788.63;0.27
TXN-13479;2026/10/12;Neo Systems;Barranquilla;Oficina;57;1073.11;0.1
TXN-13480;2025/12/06;Eco Group;Cali;Mobiliario;41;1415.62;0.05
TXN-13481;2025/01/20;Eco Group;Bucaramanga;Electrónica;60;286.69;0.29
TXN-13482;2025/02/26;Bio Health;Bucaramanga;Oficina;57;946.13;0.2
TXN-13483;2025/01/24;Eco Group;Medellín;Servicios;8;153.6;0.02
TXN-13484;;Eko Group;Bogotá;Mobiliario;46;994.55;0.01
TXN-13485;2024/04/07;Eco Group;Medellín;Software;1;977.39;0.06
TXN-13486;2024/11/06;Global Trade;Medellín;Oficina;83;294.53;0.09
TXN-13487;2024/12/11;Global Trade;Bogotá;Oficina;1;845.65;0.15
TXN-13488;2024/09/21;Global Trade;Cali;Software;91;1316.25;0.24
TXN-13489;2024/11/30;Global Trade;Barranquilla;Oficina;45;1045.3;0.19
TXN-13490;2026/11/13;Acme SAS;Bucaramanga;Oficina;6;1302.18;0.04
TXN-13491;2025/01/08;Eco Group;Bucaramanga;Electrónica;41;485.32;0.1
TXN-13492;2025/12/15;Global Trade;Medellín;Mobiliario;44;995.51;0.21
TXN-13493;2025/11/20;Neo Systems;Bogotá;Electrónica;65;743.99;0.16
TXN-13494;2025/05/19;Edu Corp;Barranquilla;Oficina;3;1209.76;0.03
TXN-13495;2024/08/25;Acme SAS;Bucaramanga;Electrónica;9;161.45;0.14
TXN-13496;2024/04/23;Acme SAS;Cali;Electrónica;26;712.24;0.02
TXN-13497;2025/12/24;Edu Corp;Bucaramanga;Oficina;17;1019.4;0.12
TXN-13498;2024/07/20;Neo Systems;Cali;Servicios;56;1015.36;0.25
TXN-13499;2026/07/21;Bio Health;Cali;Software;8;39.19;0.12
TXN-13500;2026/12/27;Acme SAS;Bogotá;Servicios;37;712.68;0.25
tx_ 13501;2025/09/13;tech corp;Bogota ;Oficina;92;1015.89;0.19
TXN-13502;2024/05/18;Bio Health;Barranquilla;Oficina;39;164.33;0.09
TXN-13503;2026/06/12;Edu Corp;Medellín;Electrónica;32;1109.86;0.2
TXN-13504;2024/10/17;Tech Corp;Bucaramanga;Oficina;79;646.55;0.12
TXN-13505;2024/09/20;Eco Group;Barranquilla;Electrónica;44;261.66;0.26
TXN-13506;14-09-2024;Bio-Health;medeLLin;Oficina;-47;585,89;N/A
TXN-13507;2026/06/09;Global Trade;Bogotá;Electrónica;87;558.1;0.05
TXN-13508;2024/09/24;Global Trade;Medellín;Servicios;33;1457.97;0.21
TXN-13509;2025/03/24;Eco Group;Medellín;Electrónica;19;1493.88;0.16
TXN-13510;2025/12/04;Neo Systems;Bogotá;Mobiliario;50;827.49;0.18
TXN-13511;2025/03/03;Acme SAS;Bogotá;Oficina;93;357.21;0.28
TXN-13512;2026/07/13;Bio Health;Barranquilla;Oficina;59;443.86;0.18
TXN-13513;2024/10/28;Edu Corp;Barranquilla;Electrónica;45;373.96;0.03
TXN-13514;2024/05/12;Global Trade;Medellín;Software;84;624.24;0.26
TXN-13515;2024/09/03;Acme SAS;Bucaramanga;Electrónica;75;532.39;0.2
TXN-13516;2024/03/07;Tech Corp;Bogotá;Oficina;62;642.74;0.03
TXN-13517;2025/10/15;Acme SAS;Bogotá;Electrónica;9;529.75;0.16
tx_ 13518;2025/08/02;Tech Corp;Barranquilla;Electrónica;1;1116,84;0.08
TXN-13519;2024/05/16;Tech Corp;Bucaramanga;Mobiliario;32;1294.12;0.07
TXN-13520;2024/03/24;Edu Corp;Medellín;Oficina;11;732.21;0.2
TXN-13521;2026/03/12;Bio Health;Medellín;Software;1;1305.59;0.28
TXN-13522;2024/04/14;Neo Systems;Medellín;Software;83;134.61;0.18
TXN-13523;2025/07/18;Tech Corp;Bogotá;Electrónica;23;1382.08;0.18
TXN-13524;2024/08/22;Global Trade;Medellín;Electrónica;70;1017.11;0.2
TXN-13525;2024/08/08;Tech Corp;Medellín;Servicios;53;510.26;0.15
TXN-13526;2025/10/29;Tech Corp;Medellín;Software;28;686.1;0.21
TXN-13527;2025/08/15;Global Trade;Barranquilla;Servicios;49;201.25;0.14
TXN-13528;2024/05/08;Bio Health;Barranquilla;Electrónica;84;1293.46;0.24
TXN-13529;2026/07/27;Eco Group;Bogotá;Servicios;25;859.45;0.11
TXN-13530;2026/03/11;Global Trade;Barranquilla;Electrónica;39;929.05;0.24
TXN-13531;2026/10/17;Edu Corp;Bucaramanga;Software;24;769.11;0.22
TXN-13532;2026/10/04;Bio Health;Medellín;Oficina;91;1013.55;0.22
TXN-13533;2026/05/29;Eco Group;Barranquilla;Oficina;47;637.3;0.02
TXN-13534;2026/03/01;Acme SAS;Bucaramanga;Oficina;76;803.83;0.05
TXN-13535;2024/11/16;Global Trade;Bucaramanga;Servicios;92;138.82;0.16
TXN-13536;2024/10/08;Tech Corp;Cali;Oficina;33;51.28;0.02
TXN-13537;2026/04/16;Edu Corp;Cali;Servicios;12;284.14;0.11
TXN-13538;2024/04/13;Neo Systems;Medellín;Software;88;322.5;0.12
TXN-13539;2026/02/12;Tech Corp;Bucaramanga;Software;82;801.75;0.11
TXN-13540;2025/12/02;Eco Group;Bogotá;Mobiliario;80;136.27;0.12
TXN-13541;2025/11/21;Bio Health;Bucaramanga;Oficina;89;533.46;0.29
TXN-13542;2024/08/09;Neo Systems;BGA;Mobilia;34;497.73;0.05
TXN-13543;2026/09/03;Tech Corp;Medellín;Electrónica;12;74.05;0.04
TXN-13544;01-12-2024;Tech Corp;Medellín;Mobiliario;56;1443.84;0.08
TXN-13545;2025/11/21;Global Trade;Barranquilla;Servicios;90;1208.92;0.03
TXN-13546;2024/09/08;Global Trade;Barranquilla;Servicios;7;1304.61;0.1
TXN-13547;2024/06/16;Acme SAS;Medellín;Mobiliario;83;950.7;0.24
TXN-13548;2024/12/26;Neo Systems;Bogotá;Oficina;93;1478.64;0.03
TXN-13549;2024/12/09;Tech Corp;Cali;Oficina;78;1134.6;0.01
TXN-13550;2024/11/06;Eco Group;Bogotá;Servicios;17;1401.43;0.08
TXN-13551;2024/05/28;Bio Health;Barranquilla;Mobiliario;24;951.54;0.16
TXN-13552;23-05-2026;Neo Systems;Cali; Servicios ;30;1283.35;0.07
TXN-13553;04-09-2026;Global Trade; Bogo-ta;Mobilia;49;1490.97;0.22
TXN-13554;2025/03/18;Edu Corp;Bogotá;Oficina;27;498.2;0.0
tx_ 13555;2025/04/30;Edu Corp;Bogota ; Servicios ;28;1314.78;0.03
TXN-13556;2026/04/24;Acme SAS;Barranquilla;Software;32;326.76;0.03
TXN-13557;2024/01/02;Acme SAS;Medellín;Servicios;14;866.29;0.28
TXN-13558;2025/11/30;Acme SAS;Cali;Mobiliario;13;737.54;0.21
TXN-13559;2025/04/24;Global Trade;Medellín;Electrónica;68;1360.94;0.27
TXN-13560;2025/08/17;Bio Health;Cali;Oficina;58;1443.6;0.2
TXN-13561;2025/06/30;Tech Corp;Medellín;Oficina;9;511.2;0.1
TXN-13562;2024/02/14;EduCorp;Cali;Oficin ;20;1349,27;0.01
TXN-13563;2024/02/03;Edu Corp;Cali;Software;18;181.4;0.14
TXN-13564;2026/08/25;Global Trade;Cali;Oficina;70;443.65;0.2
TXN-13565;2024/12/02;Neo Systems;Bucaramanga;Oficina;52;901.41;0.03
TXN-13566;2025/03/25;Acme SAS;Barranquilla;Oficina;26;1386.01;0.26
TXN-13567;2026/02/08;Global Trade;Bucaramanga;Electrónica;9;153.17;0.27
TXN-13568;2025/08/21;Tech Corp;Bucaramanga;Electrónica;20;905.57;0.17
TXN-13569;2025/02/01;Edu Corp;Barranquilla;Servicios;79;300.55;0.18
tx_ 13570;2026/06/23;Eko Group;bogota;Electrónica;3;435.31;0.01
TXN-13571;2024/11/21;Eco Group;Cali;Oficina;52;1447.89;0.13
TXN-13572;2024/05/01;Eco Group;Medellín;Servicios;2;1079.72;0.0
TXN-13573;2024/07/21;Eco Group;Barranquilla;Electrónica;29;251.82;0.02
TXN-13574;2024/10/13;Edu Corp;Bucaramanga;Mobiliario;16;91.81;0.27
TXN-13575;2024/04/26;Neo Systems;Bucaramanga;Software;95;1402.36;0.07
TXN-13576;;N3o Systems;BGA;Software;3;651.93;0.23
TXN-13577;2024/03/14;Neo Systems;Barranquilla;Electrónica;97;67.45;0.26
TXN-13578;2026/11/20;Neo Systems;Medellín;Software;53;1216.05;0.06
TXN-13579;2025/08/22;Neo Systems;Medellín;Servicios;77;1283.82;0.23
tx_ 13580;29-07-2024;Acme SAS;bogota;Software;91;500.83;0.27
TXN-13581;2026/04/02;Tech Corp;Bogotá;Software;56;170.45;0.17
TXN-13582;2024/04/29;Bio Health;Medellín;Software;99;362.41;0.01
TXN-13583;2025/10/27;Bio Health;Medellín;Electrónica;64;1442.67;0.21
TXN-13584;2026/04/03;Global Trade;Medellin;Servicios;26;352.2;0.19
TXN-13585;2026/02/18; Global trade;Bucaramanga; Servicios ;81;140,19;0.17
TXN-13586;2025/08/11;Acme SAS;Cali;Electrónica;77;600.98;0.04
TXN-13587;2025/04/12;Tech Corp;Bucaramanga;Software;4;124.94;0.19
tx_ 13588;2024/03/16;Global Trade;cali;Software;89;1246.27;0.06
TXN-13589;2026/02/20;Edu Corp;Bogotá;Mobiliario;91;473.34;0.24
TXN-13590;2026/10/06;Neo Systems;Bogotá;Electrónica;93;814.37;0.12
TXN-13591;2024/09/17;Edu Corp;Cali;Software;83;1276.12;0.16
TXN-13592;2024/12/11;Tech Corp;Barranquilla;Electrónica;69;485.94;0.29
TXN-13593;2026/04/01;Tech Corp;Bogotá;Servicios;16;652.0;0.24
TXN-13594;2026/05/04;Bio Health;Cali;Servicios;5;671.16;0.13
TXN-13595;2026/12/06;Edu Corp;Barranquilla;Electrónica;3;213.5;0.21
TXN-13596;07-03-2024;Tech Corp;Barranqilla;electronica;46;157,4;0.29
TXN-13597;2024/08/04;Global Trade;Bucaramanga;Servicios;95;1366.07;0.27
TXN-13598;2026/09/23;Edu Corp;Barranquilla;Oficina;54;190.15;0.3
TXN-13599;2025/02/13;Bio Health;Bogotá;Mobiliario;86;1456.28;0.16
tx_ 13600;01-09-2026;tech corp;Barranqilla; Servicios ;59;695,62;0.16
TXN-13601;05-11-2025;Tech Corp;bogota;Electrónica;40;109.46;0.27
TXN-13602;2026/09/26;Tech Corp;Bogotá;Mobiliario;91;1391.15;0.11
TXN-13603;23-03-2026;tech corp;medeLLin;Software;79;836.29;0.3
TXN-13604;2026/10/17;Global Trade;Bogotá;Electrónica;84;980.34;0.1
TXN-13605;2026/07/22;Eco Group;Barranquilla;Servicios;82;945.56;0.12
TXN-13606;2026/05/19;Eco Group;Bucaramanga;Oficina;12;856.88;0.13
TXN-13607;2025/05/21; Global trade;cali;Sftware;67;1052.62;0.03
TXN-13608;2026/01/20;Neo Systems;Barranquilla;Oficina;48;164.97;0.23
TXN-13609;2024/05/04;Eco Group;Bogotá;Mobiliario;99;1094.62;0.08
TXN-13610;2025/04/11;Acme SAS;Medellín;Servicios;42;1066.19;0.16
TXN-13611;2026/05/23;Neo Systems;Barranquilla;Mobiliario;63;335.18;0.17
TXN-13612;2025/10/29;Acme SAS;Cali;Oficina;31;745.5;0.15
TXN-13613;2026/07/08;Eco Group;Bogotá;Electrónica;32;936.53;0.28
TXN-13614;2026/06/12;Eco Group;Bogotá;Electrónica;82;959.5;0.22
TXN-13615;2024/12/17;Eco Group;Medellín;Electrónica;54;363.6;0.23
TXN-13616;2024/11/04;Bio Health;Barranquilla;Mobiliario;78;46.69;0.24
TXN-13617;25-12-2025;Acme sas ;bogota; Servicios ;22;1055.42;N/A
tx_ 13618;2024/12/10;Edu Corp;bogota;Electrónica;34;897.5;0.27
TXN-13619;2025/01/13;Edu Corp;Barranquilla;Mobiliario;23;167.18;0.0
TXN-13620;2025/08/16;Bio Health;Medellín;Electrónica;25;1358.78;0.13
TXN-13621;2024/02/18;Eco Group;Cali;Software;41;187.32;0.1
TXN-13622;2026/12/29;Tech Corp;Bucaramanga;Electrónica;18;1086.25;0.12
TXN-13623;2026/04/08;Edu Corp;Cali;Electrónica;11;812.68;0.02
TXN-13624;2026/12/05;Global Trade;Medellín;Servicios;45;414.52;0.2
TXN-13625;2026/10/19;Eco Group;Cali;Oficina;53;60.74;0.28
TXN-13626;2024/03/30;Eco Group;Bucaramanga;Mobiliario;52;1360.07;0.23
TXN-13627;;Acme SAS;Cali;Mobiliario;-97;876.11;0.15
TXN-13628;2025/02/07;Neo Systems;Bucaramanga;Electrónica;33;1156.34;0.27
TXN-13629;2025/02/02;Eco Group;Barranquilla;Mobiliario;29;544.6;0.24
TXN-13630;2024/11/22;Neo Systems;Barranquilla;Electrónica;83;519.8;0.02
TXN-13631;;EduCorp; Bogo-ta;electronica;46;644.65;0.19
TXN-13632;2024/07/21;Bio Health;Medellín;Electrónica;61;452.52;0.0
TXN-13633;2024/06/07;Tech Corp;Bucaramanga;Electrónica;96;287.64;0.17
TXN-13634;11-05-2025;Edu Corp;Bucaramanga;Mobiliario;92;813,97;0.01
TXN-13635;2025/10/21;Global Trade;Medellín;Electrónica;87;777.4;0.04
TXN-13636;2025/02/03;Global Trade;Medellín;Servicios;39;280.42;0.18
TXN-13637;2026/12/29;Acme SAS;Bucaramanga;Mobiliario;84;1308.51;0.1
TXN-13638;2024/11/26;Bio Health;Medellín;Software;21;911.75;0.3
TXN-13639;2025/10/15;Bio Health;Bucaramanga;Servicios;70;283.86;0.19
TXN-13640;2024/04/05;Global Trade;Medellín;Mobiliario;58;474.33;0.19
tx_ 13641;08-04-2026;Acme sas ;Bucaramanga;Software;47;479.11;0.28
TXN-13642;2026/10/11;Neo Systems;medeLLin;Oficina;40;1016.78;0.3
TXN-13643;2025/07/15;Edu Corp;Bogotá;Oficina;58;316.92;0.23
TXN-13644;2024/01/12;Bio Health;Cali;Mobiliario;89;1166.99;0.2
TXN-13645;2024/01/16;Global Trade;Barranquilla;Electrónica;30;1398.72;0.14
TXN-13646;2025/01/26;Eco Group;Medellín; Servicios ;23;336.34;0.27
TXN-13647;2026/06/02;Acme SAS;Cali;Electrónica;36;133.78;0.18
TXN-13648;25-11-2024;Neo Systems;Bogota ;Servicios;53;897.76;0.0
TXN-13649;2024/12/16;Tech Corp;Barranquilla;Electrónica;57;700.86;0.07
TXN-13650;2024/08/18;Tech Corp;Barranquilla;Oficina;29;498.5;0.14
TXN-13651;2025/10/22;Global Trade;Barranquilla;Mobiliario;10;822.89;0.18
TXN-13652;2025/01/20;Edu Corp;Bogotá;Electrónica;47;535.1;0.05
TXN-13653;2026/07/30;Edu Corp;Medellín;Mobiliario;3;382.87;0.06
TXN-13654;2024/07/22;Acme SAS;Barranquilla;Oficina;64;1337.72;0.04
TXN-13655;2025/11/25;Bio Health;Cali;Electrónica;31;299.14;0.29
TXN-13656;2025/10/03;Tech Corp;Bogotá;Oficina;16;1052.03;0.07
TXN-13657;2024/12/04;Bio Health;Bogotá;Software;87;1220.26;0.06
TXN-13658;2026/06/13;Neo Systems;Bogotá;Servicios;79;1420.0;0.13
TXN-13659;2026/09/25;Tech Corp;Cali;Servicios;82;895.41;0.26
TXN-13660;2025/03/05;N3o Systems;Bucaramanga;Software;78;443.28;0.16
TXN-13661;2025/03/21;Bio Health;Bucaramanga;Electrónica;8;902.99;0.19
TXN-13662;2026/01/23;Edu Corp;Barranquilla;Servicios;92;322.21;0.15
TXN-13663;2025/11/21;Neo Systems;Bogotá;Software;10;784.16;0.24
TXN-13664;2025/09/02;Neo Systems;Bucaramanga;Mobiliario;28;374.07;0.13
TXN-13665;2026/02/09;Global Trade;Medellin;Sftware;30;107.82;0.23
TXN-13666;2025/12/21;Eco Group;Barranquilla;Servicios;69;468.43;0.14
TXN-13667;2026/02/03;Acme SAS;Bogotá;Oficina;82;87.62;0.16
TXN-13668;2026/10/22;Bio Health;Bogotá;Oficina;76;255.53;0.15
TXN-13669;2025/01/24;Eco Group;Cali;Mobiliario;28;317.95;0.15
TXN-13670;2026/04/30;Eco Group;Bogotá;Servicios;13;52.29;0.2
TXN-13671;2026/06/14;Eco Group; Bogo-ta;Servicios;86;480,96;0.22
TXN-13672;2024/07/07;Bio Health;Medellín;Oficina;77;1223.92;0.22
TXN-13673;2024/10/28;Neo Systems;Medellín;Servicios;72;445.52;0.02
TXN-13674;2024/11/14;Acme SAS;Cali;Mobiliario;93;694.04;0.05
TXN-13675;2026/09/26;Tech Corp;Barranquilla;Mobiliario;50;426.92;0.07
TXN-13676;2024/11/08;Edu Corp;Barranquilla;Software;8;1387.58;0.11
TXN-13677;13-08-2026;Acme SAS;BGA;Electrónica;33;71,38;0.01
TXN-13678;2024/06/09;Acme SAS;Medellín;Oficina;8;477.6;0.06
TXN-13679;2024/02/02;Neo Systems;Medellín;Mobiliario;84;923.74;0.04
TXN-13680;2025/05/18;Global Trade;Cali;Software;81;707.56;0.19
TXN-13681;2025/05/12;Neo Systems;Barranquilla;Oficina;9;1231.6;0.13
TXN-13682;2024/07/10;Neo Systems;Medellín;Mobiliario;64;591.4;0.22
TXN-13683;2024/06/27;Global Trade;Barranquilla;Servicios;41;675.9;0.11
TXN-13684;2024/01/11;tech corp;Bogotá;Mobilia;31;1110.49;0.24
TXN-13685;2025/08/14;Eco Group;Bucaramanga;Electrónica;17;333.25;0.23
TXN-13686;2025/04/06;Neo Systems;Barranquilla;Electrónica;50;736.49;0.2
TXN-13687;2025/02/05;Global Trade;Bogotá;Mobiliario;97;1262.26;0.1
TXN-13688;2025/05/18;Edu Corp;Medellín;Oficina;56;678.69;0.19
TXN-13689;2024/07/31;Neo Systems;Barranquilla;Oficina;21;1037.22;0.05
TXN-13690;2025/05/10;Global Trade;Medellín;Software;22;522.55;0.03
TXN-13691;2024/08/13;Neo Systems;Barranquilla;Servicios;71;1491.47;0.09
TXN-13692;2026/06/07;Neo Systems;Bogotá;Mobiliario;66;514.81;0.0
TXN-13693;2024/04/27;Global Trade;Bucaramanga;Mobiliario;62;336.61;0.06
TXN-13694;2024/11/28;Global Trade;Medellín;Mobiliario;7;692.88;0.08
TXN-13695;2025/07/01;Bio Health;Cali;Electrónica;-11;1366.81;0.03
TXN-13696;2025/12/26;Tech Corp;Bogotá;Electrónica;58;412.69;0.18
TXN-13697;2024/07/04;Tech Corp;Medellín;Electrónica;79;700.75;0.21
TXN-13698;2024/02/09;Tech Corp;Bucaramanga;Servicios;96;1091.07;0.2
TXN-13699;2026/11/27;Tech Corp;Medellín;Oficina;41;493.49;0.12
TXN-13700;11-04-2024;EduCorp;Medellín;Mobilia;3;1429.46;0.13
TXN-13701;2025/11/18;Edu Corp;Bucaramanga;Software;8;310.4;0.06
TXN-13702;2025/09/15;Acme SAS;Bogotá;Electrónica;27;701.29;0.03
TXN-13703;2024/06/11;Edu Corp;Medellín;Mobiliario;27;1343.32;0.19
TXN-13704;2026/07/23;Neo Systems;Bogotá;Mobiliario;78;375.95;0.28
TXN-13705;2024/01/15;Edu Corp;Cali;Servicios;31;379.58;0.23
TXN-13706;2025/12/11;EduCorp;Barranquilla;Mobiliario;17;543,21;0.04
TXN-13707;2025/07/04;Tech Corp;Bucaramanga;Mobiliario;17;70.63;0.27
TXN-13708;2026/04/11;Bio Health;Bucaramanga;Servicios;50;970.89;0.07
TXN-13709;2025/01/01;Global Trade;Bogotá;Electrónica;22;1156.95;0.21
TXN-13710;2026/07/17;Edu Corp;Cali;Software;90;1493.55;0.25
TXN-13711;2026/04/25;Eco Group;Medellín;Servicios;88;399.61;0.08
TXN-13712;2025/12/27;Edu Corp;Medellín;Oficina;31;1133.0;0.15
TXN-13713;2025/07/25;Tech Corp;Bogotá;Electrónica;42;1264.55;0.16
TXN-13714;2026/05/08;Tech Corp;Bucaramanga;Oficina;76;1199.24;0.11
TXN-13715;2026/11/10;Tech Corp;Bucaramanga;Servicios;41;52.46;0.07
TXN-13716;2026/02/06;Bio Health;Bucaramanga;Mobiliario;3;291.82;0.05
TXN-13717;2025/07/17;Edu Corp;Bucaramanga;Oficina;1;293.38;0.14
TXN-13718;2026/07/05;Bio Health;Bucaramanga;Oficina;29;1003.52;0.27
TXN-13719;19-10-2025;Neo Systems;Cali;Sftware;-94;251.22;0.06
TXN-13720;2024/05/09;Tech Corp;Barranquilla;Electrónica;99;548.06;0.06
tx_ 13721;2026/06/05;Neo Systems;Bogota ;electronica;55;798.21;0.2
TXN-13722;2024/07/09;Global Trade;Medellín;Software;55;1344.56;0.3
TXN-13723;2025/11/07;Bio Health;Medellín;Software;93;391.28;0.08
TXN-13724;2024/01/18;Neo Systems;Barranquilla;Mobiliario;24;838.03;0.08
TXN-13725;2025/04/30;Eko Group;medeLLin;Electrónica;-14;998,84;0.03
TXN-13726;2026/03/27;Global Trade;Cali;Electrónica;64;336.18;0.24
TXN-13727;2026/08/07;EduCorp;BGA;Sftware;25;288.5;N/A
TXN-13728;2024/11/10;Neo Systems;Medellín;Electrónica;33;495.71;0.09
TXN-13729;2025/07/02;Neo Systems;Bogotá;Servicios;7;907.63;0.01
TXN-13730;2025/12/16;EduCorp;Bogotá;Mobiliario;70;1318.86;0.12
TXN-13731;2026/01/02;Eco Group;Barranquilla;Software;15;428.03;0.2
TXN-13732;2025/08/20;Bio Health;Bogotá;Software;13;1102.45;0.08
TXN-13733;2025/03/22;Global Trade;Cali;Software;26;1320.85;0.26
TXN-13734;2024/03/24;N3o Systems;Medellín;Oficin ;-31;1020.18;0.29
TXN-13735;2025/09/27;tech corp;cali;Electrónica;57;1043.71;0.22
TXN-13736;2024/02/28;Acme SAS;Medellín;Software;18;671.77;0.29
TXN-13737;2025/07/11;Global Trade;Bogotá;Oficina;7;748.01;0.21
TXN-13738;2025/06/23;Tech Corp;Barranquilla;Servicios;87;1047.93;0.05
TXN-13739;2024/09/16;Edu Corp;Bucaramanga;Oficina;98;189.38;0.08
TXN-13740;2026/03/03;Edu Corp;Bogotá;Software;44;563.62;0.2
TXN-13741;2024/09/16;Bio Health;Medellín;Servicios;25;1090.51;0.28
TXN-13742;2024/01/12;Edu Corp;Barranquilla;Oficina;70;458.14;0.29
tx_ 13743;2024/02/15;Global Trade;Cali; Servicios ;46;165.83;0.1
TXN-13744;2025/11/08;Bio Health;Medellín;Software;35;633.42;0.28
TXN-13745;2026/09/28;Bio Health;Bogotá;Electrónica;85;1163.84;0.2
TXN-13746;2024/08/10;Global Trade;Bogotá;Software;70;519.97;0.16
TXN-13747;2026/02/19;Tech Corp;Bogotá;Electrónica;51;1278.61;0.16
TXN-13748;2026/08/29;Neo Systems;Bucaramanga;Mobiliario;53;212.01;0.18
TXN-13749;2024/08/25;Neo Systems;Barranquilla;Electrónica;97;261.47;0.26
TXN-13750;2026/05/15;Eco Group;Bucaramanga;Servicios;60;1300.21;0.15
TXN-13751;2026/08/14;Eco Group;Bogotá;Mobiliario;22;491.12;0.07
TXN-13752;2026/10/11;Eko Group;Bucaramanga;Electrónica;36;875,82;0.14
TXN-13753;2024/04/08;Edu Corp;Cali;Mobiliario;24;1100.06;0.23
TXN-13754;2026/11/26;Tech Corp;Barranquilla;Oficin ;88;267.31;0.29
TXN-13755;2025/06/21;Global Trade;Cali;Oficina;84;557.57;0.17
TXN-13756;2024/02/17;Global Trade;Barranquilla;Mobiliario;44;312.25;0.24
TXN-13757;2025/07/01;Bio Health;Bucaramanga;Mobiliario;73;604.16;0.26
TXN-13758;2026/04/07;Edu Corp;Bucaramanga;Oficina;87;631.14;0.23
TXN-13759;2026/09/04;Edu Corp;Medellín;Software;53;576.8;0.24
TXN-13760;2024/10/12;Neo Systems;Cali;Servicios;21;298.6;0.02
tx_ 13761;2024/09/25;Eko Group;Bogotá; Servicios ;1;12.66;0.17
TXN-13762;2025/01/17;Neo Systems;Bogotá;Software;53;248.29;0.28
tx_ 13763;2026/08/04;EduCorp;Bogota ;Software;18;914,1;0.09
TXN-13764;2025/01/09;Global Trade;Bogotá;Electrónica;72;1474.11;0.12
TXN-13765;2026/10/23;Global Trade;Barranquilla;Software;41;479.45;0.18
TXN-13766;2024/10/10;Acme SAS;Bogotá;Electrónica;18;235.1;0.14
TXN-13767;2025/05/09;Global Trade;Medellín;Servicios;41;1281.8;0.12
TXN-13768;2025/04/27;Neo Systems;Bucaramanga;Mobiliario;82;751.89;0.3
TXN-13769;2024/03/19;Eco Group;Bogotá;Servicios;31;1151.7;0.01
TXN-13770;2026/08/24;Eco Group;Bucaramanga;Servicios;11;344.39;0.04
TXN-13771;2024/06/18;Eco Group;Barranquilla;Mobiliario;94;744.31;0.08
TXN-13772;2024/09/20;Tech Corp;Bucaramanga;Electrónica;40;1184.81;0.13
TXN-13773;22-05-2026;N3o Systems;BGA;electronica;82;942.27;0.01
TXN-13774;2024/06/11;Neo Systems;Medellín;Servicios;92;695.26;0.08
TXN-13775;2026/11/21;Bio Health;Medellín;Servicios;30;324.13;0.26
TXN-13776;2024/06/23;Bio Health;Bucaramanga;Servicios;41;726.85;0.06
TXN-13777;2024/09/08;Global Trade;Bucaramanga;Mobiliario;96;1457.74;0.29
TXN-13778;24-02-2025;Edu Corp;Barranquilla;Oficina;5;670.6;0.27
TXN-13779;2026/04/22;Tech Corp;Cali;Software;51;408.06;0.04
TXN-13780;2025/03/24;Acme SAS;Barranquilla;Mobiliario;68;1207.86;0.29
TXN-13781;2026/08/08;Eco Group;Barranquilla;Mobiliario;22;206.54;0.21
TXN-13782;2025/01/15;Eco Group;Bucaramanga;Software;64;639.96;0.21
TXN-13783;2024/10/19;Acme SAS;Cali;Mobiliario;12;1156.55;0.08
TXN-13784;2024/07/29;Eco Group;Bucaramanga;Mobiliario;84;1004.69;0.05
TXN-13785;2026/06/17;Edu Corp;Barranquilla;Electrónica;79;1497.27;0.13
TXN-13786;2026/10/12;Acme SAS;cali;Software;41;328.74;0.01
TXN-13787;2025/11/15;Eco Group;Medellín;Software;53;816.05;0.06
TXN-13788;2026/01/15;Global Trade;Barranquilla;Electrónica;29;731.55;0.21
TXN-13789;2024/12/12;Neo Systems;Bogotá;Oficina;41;773.42;0.04
TXN-13790;2024/03/26;Bio Health;Medellín;Servicios;5;540.63;0.14
TXN-13791;2024/08/05;Global Trade;Cali;Mobiliario;48;1061.22;0.26
TXN-13792;2025/04/18;Eco Group;Bogotá;Mobiliario;92;546.42;0.17
tx_ 13793;2024/11/28;Tech Corp;Bogotá;Electrónica;-20;69.59;0.23
TXN-13794;2026/01/19;Acme sas ;Barranqilla;Mobiliario;71;740.01;0.11
TXN-13795;2026/05/29;Tech Corp;Bogotá;Software;57;1036.01;0.01
TXN-13796;2025/05/14;Acme SAS;Bucaramanga;Servicios;25;1125.31;0.06
TXN-13797;2026/04/22;Tech Corp;Bucaramanga;Servicios;29;1029.58;0.11
TXN-13798;2025/11/26;Acme SAS;Cali;Software;31;61.42;0.24
TXN-13799;2026/08/30;Edu Corp;Bogotá;Oficina;62;1099.83;0.04
TXN-13800;2025/11/16;Bio Health;Cali;Mobiliario;6;656.39;0.27
TXN-13801;2026/01/16;Global Trade;Bucaramanga;Mobiliario;43;776.65;0.11
TXN-13802;2025/09/29;Neo Systems;Bogotá;Electrónica;24;741.8;0.07
TXN-13803;2024/12/15;Eco Group;Barranquilla;Electrónica;63;991.54;0.29
TXN-13804;2024/05/22;Global Trade;Bucaramanga;Software;62;1053.75;0.19
TXN-13805;2025/12/23;Tech Corp;Bogotá;Electrónica;84;1463.19;0.23
TXN-13806;;Acme SAS;Bucaramanga;Oficin ;89;232,54;0.12
TXN-13807;2024/05/07;Acme SAS;Bucaramanga;Electrónica;45;156.2;0.23
TXN-13808;2025/10/15;Eco Group;Bucaramanga;Servicios;16;196.2;0.06
TXN-13809;2025/03/24;Neo Systems;Bucaramanga;Software;89;198.63;0.08
TXN-13810;2024/07/04;Acme SAS;Bogotá;Servicios;96;226.68;0.09
TXN-13811;2024/08/18;Neo Systems;Bucaramanga;Mobiliario;70;969.12;0.17
TXN-13812;2024/07/24;Global Trade;Bogotá;Servicios;30;207.05;0.16
TXN-13813;2026/03/13;Bio Health;Medellín;Electrónica;72;485.23;0.18
TXN-13814;2026/05/09;Global Trade;Cali;Software;8;149.89;0.05
TXN-13815;2026/04/01;Acme SAS;Barranquilla;Software;92;75.88;0.11
TXN-13816;13-01-2024;EduCorp;Barranqilla;Oficina;34;33.61;0.13
TXN-13817;2025/09/08;Tech Corp;Barranquilla;Software;44;1070.95;0.27
TXN-13818;2024/08/27;Bio Health;Cali;Oficina;12;883.14;0.23
TXN-13819;2025/07/25;Tech Corp;Medellín;Oficina;95;14.65;0.04
TXN-13820;2026/01/23;Edu Corp;Barranquilla;Mobiliario;2;125.89;0.04
TXN-13821;19-12-2025;Edu Corp;Barranquilla;Oficina;55;823.5;0.16
TXN-13822;2026/03/26;Tech Corp;Bucaramanga;Electrónica;57;1460.3;0.16
TXN-13823;2026/04/14;Edu Corp;Barranquilla;Servicios;21;210.43;0.13
TXN-13824;2026/10/26;Tech Corp;Medellín;Servicios;38;1354.39;0.19
TXN-13825;2026/08/31;Neo Systems;Bucaramanga;Electrónica;67;950.67;0.14
TXN-13826;2025/12/16;Edu Corp;Bogotá;Electrónica;100;735.68;0.01
TXN-13827;2025/08/06;Global Trade;Barranquilla;Electrónica;40;279.27;0.29
TXN-13828;2025/07/10;Global Trade;Medellín;Mobiliario;85;1162.12;0.1
TXN-13829;2026/05/07;Acme SAS;Bogotá;Oficina;4;1251.07;0.08
TXN-13830;2025/10/01;Edu Corp;Medellín;Servicios;68;461.46;0.18
TXN-13831;2025/05/11;Tech Corp;Cali;Electrónica;43;794.76;0.06
TXN-13832;2026/10/19;Global Trade;Medellín;Oficina;40;1212.07;0.13
TXN-13833;2025/10/20;Tech Corp;Bucaramanga;Software;70;374.77;0.25
TXN-13834;2025/04/15;Edu Corp;Medellín;Oficina;9;1004.31;0.11
TXN-13835;2024/10/28;Neo Systems;Cali;Electrónica;24;79.27;0.08
TXN-13836;2026/09/22;Acme SAS;Bogotá;Mobiliario;9;232.28;0.19
TXN-13837;2024/09/30;Acme SAS;Bogotá;Mobiliario;95;189.01;0.19
TXN-13838;2024/09/20;Eko Group;Medellin;Oficin ;-7;865.05;0.11
tx_ 13839;09-03-2024;Edu Corp;bogota; Servicios ;83;308.99;0.22
TXN-13840;2026/01/05;Acme SAS;Barranquilla;Software;97;547.55;0.01
TXN-13841;2026/12/15;Edu Corp;Medellín;Oficina;10;859.49;0.19
TXN-13842;2025/10/03;Neo Systems;Barranquilla;Servicios;54;605.83;0.22
TXN-13843;2025/08/24;Global Trade;Barranquilla;Oficina;67;908.68;0.19
TXN-13844;2024/10/06;Global Trade;Bogotá;Oficina;18;888.44;0.1
TXN-13845;2026/06/26;Global Trade;Barranquilla;Software;32;638.78;0.09
TXN-13846;2025/04/29;Tech Corp;Barranquilla;Electrónica;82;1017.91;0.06
TXN-13847;2025/04/07;Global Trade;Bogotá;Software;50;743.86;0.02
TXN-13848;2025/08/13;Edu Corp;Barranquilla;Mobiliario;26;992.01;0.24
TXN-13849;2026/10/20;Neo Systems;Cali;Oficina;9;1069.5;0.26
TXN-13850;2026/07/20;Bio Health;Bucaramanga;Servicios;25;787.23;0.07
TXN-13851;2025/05/19;Neo Systems;Barranquilla;Electrónica;57;1133.84;0.24
tx_ 13852;2026/12/01;N3o Systems;Bogotá;Software;39;490.35;0.19
TXN-13853;2026/11/19;Bio Health;Bucaramanga;Electrónica;93;1298.98;0.26
TXN-13854;20-04-2025;Eko Group;Barranqilla;Servicios;-35;996,36;N/A
TXN-13855;2026/08/05;Tech Corp;bogota;Oficina;78;1214.61;0.15
TXN-13856;2026/02/13;Edu Corp;Cali;Oficina;93;549.92;0.02
TXN-13857;2024/09/20;Eko Group;BGA;Oficina;64;742.43;0.0
TXN-13858;2025/12/13;Neo Systems;Medellín;Oficina;96;992.01;0.04
TXN-13859;2026/04/29;Bio Health;Cali;Servicios;74;640.34;0.25
TXN-13860;2024/02/20;Eco Group;Bogotá;Servicios;44;669.74;0.08
TXN-13861;20-01-2024;Eco Group;Medellín;Electrónica;44;1166.46;0.02
TXN-13862;2024/09/15;Bio Health;Barranquilla;Electrónica;10;1134.05;0.05
tx_ 13863;2026/06/19; Global trade;Barranquilla;Oficina;27;309.37;0.05
TXN-13864;2025/09/22;Eco Group;Cali;Electrónica;62;887.8;0.08
TXN-13865;2026/06/11;Neo Systems;Bogotá;Mobilia;76;1351.46;0.13
TXN-13866;2026/10/19;Edu Corp;Medellín;Software;93;1260.91;0.26
TXN-13867;2026/05/10;Neo Systems;Cali;Oficina;61;94.44;0.27
TXN-13868;2026/11/15;Eko Group; Bogo-ta;Mobilia;96;55,56;0.23
TXN-13869;2025/12/09;Bio Health;Medellín;Oficina;25;247.86;0.01
TXN-13870;2025/10/25;Bio Health;Medellín;Software;13;85.39;0.22
TXN-13871;2025/11/28;Neo Systems;Medellín;Oficina;11;1069.4;0.27
TXN-13872;2025/05/06;Global Trade;Bogotá;Servicios;4;129.65;0.28
TXN-13873;2026/12/11;Neo Systems;Cali;Mobiliario;24;385.11;0.21
TXN-13874;2026/05/23;Global Trade;Barranquilla;Oficina;84;1076.09;0.28
TXN-13875;2024/07/06;Eco Group;Cali;Mobiliario;35;1415.12;0.03
TXN-13876;2026/12/28;Edu Corp;Medellín;Mobiliario;85;1475.4;0.06
TXN-13877;2025/01/09; Global trade;Bogotá; Servicios ;58;320.06;0.18
TXN-13878;2026/08/23;tech corp;bogota; Servicios ;-41;57.73;0.14
tx_ 13879;2024/01/29;tech corp;Medellín;Oficina;31;534.41;N/A
TXN-13880;22-11-2026;Global Trade;BGA;Software;64;371.21;0.26
TXN-13881;2026/10/13;Tech Corp;Bucaramanga;Mobiliario;88;1391.33;0.13
TXN-13882;2024/08/01;Eco Group;Medellín;Servicios;43;960.92;0.04
tx_ 13883;2024/07/26;Bio-Health;Cali;Electrónica;49;1323.97;0.23
TXN-13884;2025/04/25;Tech Corp;Medellín;Mobiliario;16;820.14;0.2
TXN-13885;2024/09/14;Neo Systems;Bucaramanga;Mobiliario;3;934.46;0.21
TXN-13886;2025/01/24;Global Trade;Cali;Oficina;15;1018.93;0.04
TXN-13887;2025/05/21;Eco Group;Barranqilla;electronica;31;762,58;0.09
TXN-13888;2026/08/19;Tech Corp;Barranquilla;Servicios;82;536.57;0.22
TXN-13889;2025/06/01;Eco Group;Medellín;Servicios;100;51.52;0.01
TXN-13890;2025/08/25;Acme SAS;Bogotá;Mobiliario;94;1352.73;0.0
TXN-13891;2026/11/14;Tech Corp;Barranquilla;Mobiliario;69;618.33;0.24
TXN-13892;2024/09/05;Eco Group;Barranquilla;Mobiliario;43;1239.61;0.12
TXN-13893;2025/08/28;Tech Corp;Medellin;Sftware;45;548.88;0.06
TXN-13894;2026/01/16;Neo Systems;Barranquilla;Electrónica;62;1298.46;0.09
TXN-13895;2024/08/19;EduCorp;Medellín;Sftware;14;925.58;0.29
TXN-13896;2025/07/12;Tech Corp;Cali;Mobiliario;62;106.43;0.3
TXN-13897;2024/09/23;Bio Health;Bogotá;Mobiliario;33;1187.91;0.09
TXN-13898;2025/09/09;Tech Corp;Cali;Servicios;45;472.06;0.28
TXN-13899;2025/01/18;Bio Health;Barranquilla;Mobiliario;62;1317.1;0.11
TXN-13900;2024/07/09;Global Trade;Cali;Software;25;86.16;0.11
TXN-13901;2024/11/01;Global Trade;Bogotá;Mobiliario;34;1236.74;0.05
TXN-13902;2024/08/23;Acme sas ;Cali;Oficina;29;1478.76;0.29
TXN-13903;2024/06/20;Global Trade;Barranquilla;Electrónica;11;1264.25;0.14
TXN-13904;2024/01/31;Tech Corp;Cali;Electrónica;92;1431.97;0.0
TXN-13905;2024/07/07;Acme SAS;Bogotá;Oficina;46;538.68;0.15
TXN-13906;2024/09/13;Global Trade;Bucaramanga;Software;54;751.93;0.03
TXN-13907;2024/03/22;Tech Corp;Medellín;Oficina;92;723.32;0.11
TXN-13908;2025/01/17;Edu Corp;Barranquilla;Oficina;87;1382.52;0.02
TXN-13909;2026/09/04;Edu Corp;Bogotá;Oficina;94;551.09;0.02
TXN-13910;2026/09/23;Global Trade;Barranquilla;Software;32;126.75;0.1
TXN-13911;2025/10/28;Acme SAS;Medellín;Electrónica;46;1327.54;0.01
TXN-13912;2025/01/14;Tech Corp;Cali;Mobiliario;7;18.05;0.04
TXN-13913;2024/10/26;Edu Corp;Bucaramanga;Mobiliario;52;1050.2;0.12
TXN-13914;2026/06/05;Neo Systems;Cali;Oficina;62;657.48;0.28
TXN-13915;2024/05/01;Eco Group;Medellín;Oficina;45;102.97;0.16
TXN-13916;2026/05/26;Edu Corp;Bogotá;Servicios;77;1178.81;0.22
tx_ 13917;2026/01/26;Tech Corp;Cali;Software;24;639,09;0.15
TXN-13918;2024/11/08;Neo Systems;Cali;Oficina;93;665.04;0.19
TXN-13919;2026/06/20;Eco Group;Cali;Servicios;86;290.99;0.11
TXN-13920;2026/03/27;Eco Group;Bogotá;Software;95;33.51;0.18
TXN-13921;2026/06/07;Eco Group;Barranquilla;Servicios;4;1347.08;0.06
TXN-13922;2024/06/08;Acme SAS;Bucaramanga;Mobiliario;3;1486.48;0.25
TXN-13923;2024/05/13;Global Trade;Barranquilla;Servicios;8;437.69;0.24
TXN-13924;2024/05/02;Neo Systems;Medellín;Mobiliario;67;1122.71;0.22
TXN-13925;26-07-2024;Bio-Health;bogota; Servicios ;54;1338,76;0.0
TXN-13926;2025/02/07;Bio Health;Cali;Servicios;17;936.27;0.23
TXN-13927;2025/09/09;Acme SAS;Medellín;Software;76;1379.9;0.02
TXN-13928;2024/10/30;Global Trade;Bucaramanga;Oficina;69;1423.45;0.17
TXN-13929;2024/11/08;Eco Group;Barranquilla;Servicios;70;1170.07;0.11
TXN-13930;2026/04/28;Tech Corp;Cali;Software;78;986.84;0.2
TXN-13931;2025/05/30;Neo Systems;Medellín;Software;55;365.0;0.27
TXN-13932;2025/11/18;Eco Group;Barranquilla;Servicios;53;1423.5;0.07
TXN-13933;2024/11/05;Edu Corp;Bogotá;Electrónica;77;825.0;0.2
TXN-13934;2024/11/05;Edu Corp;Bogotá;Mobiliario;94;1264.55;0.2
TXN-13935;2026/02/24;Edu Corp;Bucaramanga;Electrónica;92;392.93;0.02
tx_ 13936;2026/11/16;Acme sas ;Bogotá;Electrónica;81;470.44;N/A
TXN-13937;2024/01/19;Neo Systems;Bucaramanga;Electrónica;46;750.06;0.01
TXN-13938;2024/11/11;Global Trade;Cali;Electrónica;40;1482.04;0.24
TXN-13939;2024/12/14;Neo Systems; Bogo-ta; Servicios ;8;1253.01;0.0
TXN-13940;2024/05/16;Neo Systems;Cali;Electrónica;96;1255.59;0.28
TXN-13941;2026/02/13;Tech Corp;Bogotá;Oficina;7;1469.66;0.26
TXN-13942;; Global trade;cali;Software;74;142.7;0.04
TXN-13943;2026/10/03;Bio Health;Cali;Mobiliario;37;1423.24;0.13
TXN-13944;2026/09/16;Tech Corp;Cali;Software;23;116.92;0.02
TXN-13945;2024/01/06;Neo Systems;Medellín;Servicios;31;719.33;0.13
TXN-13946;2024/01/10;Bio Health;Bogotá;Mobiliario;80;1164.63;0.21
TXN-13947;2026/02/22;tech corp;Medellín;Sftware;42;250.22;N/A
TXN-13948;2024/08/13;Tech Corp;Barranquilla;Mobiliario;89;924.48;0.01
TXN-13949;2026/03/21;Neo Systems;Bogotá;Oficina;51;560.03;0.21
TXN-13950;2026/06/30;Global Trade;Bogotá;Mobiliario;5;660.08;0.29
TXN-13951;2024/07/15;Neo Systems;Bogotá;Servicios;37;1298.83;0.26
TXN-13952;2025/11/03;Tech Corp;Bucaramanga;Electrónica;11;562.95;0.17
TXN-13953;2025/11/08;Global Trade;Cali;Electrónica;1;391.26;0.26
TXN-13954;2026/03/13;Neo Systems;Barranqilla;Software;6;434.65;0.18
TXN-13955;2026/01/11;Acme SAS;Bucaramanga;Oficina;40;427.78;0.22
tx_ 13956;;Eko Group;Cali;Mobiliario;20;683.08;0.03
TXN-13957;2025/10/24;Neo Systems;Bucaramanga;Software;34;1448.36;0.07
TXN-13958;2024/11/07;Eco Group;Barranquilla;Mobiliario;23;864.38;0.2
TXN-13959;;Edu Corp;Barranquilla;Oficin ;24;938.52;N/A
TXN-13960;2026/02/08;Global Trade;Cali;Mobiliario;73;790.92;0.11
TXN-13961;2026/03/31;Acme SAS;Bogotá;Electrónica;97;1151.93;0.07
TXN-13962;2024/09/19;Eco Group;Bogotá;Servicios;12;102.89;0.12
TXN-13963;2025/12/09;Acme SAS;Medellín;Oficina;47;1465.52;0.26
tx_ 13964;12-06-2026;Neo Systems;Barranqilla;Servicios;-80;304.46;0.17
TXN-13965;2025/04/28;Eco Group;Bucaramanga;Oficina;22;508.77;0.19
TXN-13966;2025/03/29;Eco Group;Bucaramanga;Mobiliario;40;1139.35;0.16
TXN-13967;2026/04/07;Bio Health;Bucaramanga;Oficina;32;94.74;0.1
TXN-13968;2025/01/24;Eco Group;Barranquilla;Electrónica;11;1242.43;0.03
TXN-13969;2024/04/22;Global Trade;Medellín;Mobiliario;35;907.06;0.1
TXN-13970;2025/12/03;tech corp;bogota; Servicios ;75;1420.67;0.23
TXN-13971;2024/12/28;Tech Corp;Medellín;Oficina;44;1313.62;0.09
TXN-13972;2025/05/17;Neo Systems;Cali;Servicios;78;929.19;0.14
TXN-13973;2026/11/24;Bio Health;Barranquilla;Mobiliario;74;1105.82;0.13
TXN-13974;2026/02/18;Global Trade;Medellin;Oficin ;98;826.34;N/A
TXN-13975;2024/12/27;Tech Corp;Barranquilla;Mobiliario;73;1417.28;0.26
TXN-13976;2025/11/03;Acme SAS;Bucaramanga;Software;35;1085.93;0.04
TXN-13977;2025/08/15;Bio Health;Bogotá;Software;87;921,71;0.26
TXN-13978;2025/12/27;Global Trade;bogota;Mobiliario;1;998.7;0.18
TXN-13979;2025/10/10;Bio Health;Cali;Oficina;100;1481.12;0.17
TXN-13980;12-12-2025;Acme SAS;Medellín;Oficina;5;619.92;0.01
TXN-13981;2024/05/10;Bio Health;Bogotá;Software;65;1462.11;0.22
TXN-13982;2024/06/03;Acme SAS;Bucaramanga;Mobiliario;17;78.36;0.26
TXN-13983;2024/09/25;Tech Corp;Barranquilla;Software;90;165.18;0.29
TXN-13984;2026/03/21;Bio Health;Medellín;Electrónica;13;298.93;0.23
TXN-13985;2026/11/25;Edu Corp;Medellín;Software;55;755.68;0.01
TXN-13986;;Bio Health;Medellin;Electrónica;44;723.43;0.15
TXN-13987;2026/10/15;Neo Systems;Cali;Software;37;746.08;0.17
TXN-13988;2024/11/07;Edu Corp;Medellín;Software;95;284.69;0.15
TXN-13989;2025/09/14;Edu Corp;Medellín;Mobiliario;48;796.13;0.1
TXN-13990;2024/06/25;Bio Health;Cali;Software;81;361.84;0.04
TXN-13991;2025/05/24;Global Trade;Barranqilla;Servicios;74;360.95;0.04
TXN-13992;2026/08/21;Edu Corp;Medellín;Oficina;69;985.78;0.02
TXN-13993;2025/11/05;N3o Systems;Medellin;Oficin ;-77;1425.03;0.23
TXN-13994;2024/10/25;Tech Corp;Bucaramanga;Servicios;90;1106.75;0.01
TXN-13995;2025/02/07;Global Trade;Barranquilla;Mobiliario;3;785.54;0.03
TXN-13996;;Acme sas ;Bogota ;electronica;72;917.24;0.03
TXN-13997;2025/03/12;Neo Systems;Bucaramanga;Mobilia;68;37.67;0.11
TXN-13998;2025/06/09;Neo Systems;Bucaramanga;Mobiliario;54;205.5;0.07
TXN-13999;2024/02/08;Tech Corp;Medellín;Servicios;57;385.73;0.09
TXN-14000;2026/06/30;Tech Corp;Medellín;Servicios;89;325.83;0.23
TXN-14001;2024/05/13;Tech Corp;Medellín;Mobiliario;89;937.53;0.1
TXN-14002;2025/12/08;Neo Systems;Bogotá;Software;9;569.09;0.2
TXN-14003;2026/07/18;Bio Health;Bucaramanga;Mobiliario;71;528.81;0.22
TXN-14004;2026/06/10;Global Trade;Bucaramanga;Electrónica;15;1311.23;0.18
TXN-14005;2025/08/19;Eco Group;Bucaramanga;Mobiliario;26;379.29;0.22
TXN-14006;2024/11/22;Bio Health;Medellín;Oficina;30;1143.53;0.16
tx_ 14007;2024/10/03;Acme sas ;BGA;Mobiliario;56;852.42;0.01
TXN-14008;2024/06/29;Eco Group;Barranquilla;Software;35;730.95;0.26
TXN-14009;2026/12/13;Eco Group;Medellín;Mobiliario;73;1492.43;0.17
TXN-14010;2025/03/17;Tech Corp;Barranquilla;Mobiliario;3;590.65;0.27
TXN-14011;2024/01/19;Bio Health;cali;Electrónica;5;652,44;N/A
TXN-14012;2026/02/06;Bio Health;Cali;Software;23;1357.71;0.14
TXN-14013;2026/03/22;Acme SAS;Barranquilla;Software;100;326.51;0.05
TXN-14014;2026/07/30;Tech Corp;Barranquilla;Mobiliario;99;1045.88;0.25
TXN-14015;2024/09/24;Eco Group;Cali;Oficina;1;340.11;0.19
TXN-14016;2026/10/01;Edu Corp;Bucaramanga;Electrónica;60;457.86;0.29
TXN-14017;2026/03/07;Acme SAS;Bogotá;Servicios;86;654.56;0.16
TXN-14018;08-12-2025;Edu Corp;Barranquilla;Electrónica;37;1453.02;0.15
TXN-14019;2026/09/15;Global Trade;Cali;Software;37;338.31;0.01
TXN-14020;2025/04/26;Acme SAS;Barranquilla;Mobiliario;9;745.83;0.06
TXN-14021;2026/12/10;Acme SAS;Medellín;Servicios;55;306.61;0.07
TXN-14022;2025/11/05;Edu Corp;Bogotá;Mobiliario;77;255.44;0.05
tx_ 14023;02-03-2024;Acme sas ;Bogota ;Oficina;66;940,65;0.08
TXN-14024;2026/03/08;Neo Systems;Medellín;Servicios;73;603.38;0.18
TXN-14025;2024/01/11;Acme SAS;Medellín;Electrónica;61;841.12;0.24
TXN-14026;2024/07/04;Acme SAS;Medellín;Servicios;57;1285.65;0.04
TXN-14027;2024/05/29;Global Trade;Bogotá;Electrónica;26;1403.22;0.14
TXN-14028;2024/10/28;Eco Group;Cali;Mobiliario;75;779.74;0.08
TXN-14029;2025/12/08; Global trade;Cali; Servicios ;66;559.82;0.05
TXN-14030;2026/10/12;Global Trade;Bogotá;Mobiliario;12;1495.22;0.09
TXN-14031;2026/09/13;Global Trade;Bogotá;Electrónica;37;1037.7;0.09
TXN-14032;2025/03/20;Neo Systems;Bogotá;Software;72;828.78;0.02
TXN-14033;2024/07/15;Bio Health;Bucaramanga;Software;33;1122.55;0.07
TXN-14034;2024/10/23;Neo Systems;Bogotá;Electrónica;93;1256.83;0.14
TXN-14035;2025/06/18;N3o Systems;Bogotá;electronica;54;979.34;0.24
TXN-14036;2024/01/03;N3o Systems;Bucaramanga;Mobilia;64;1032.07;0.21
TXN-14037;2024/12/15;Acme SAS;Barranquilla;Servicios;77;1223.14;0.12
TXN-14038;2026/08/18;Edu Corp;Cali;Servicios;57;67.34;0.21
TXN-14039;2026/06/11;Eco Group;Cali;Mobiliario;4;895.01;0.14
TXN-14040;2026/03/20;Eco Group;Bucaramanga;Mobiliario;66;310.52;0.11
TXN-14041;2024/01/14;Neo Systems;Bogotá;Mobiliario;54;1475.98;0.01
TXN-14042;2026/11/21;Neo Systems;Barranquilla;Software;60;1441.24;0.09
TXN-14043;2026/04/19;Bio Health;Medellín;Oficina;82;110.58;0.06
tx_ 14044;2026/09/19;tech corp; Bogo-ta;Oficin ;71;756,87;0.07
TXN-14045;2026/07/11;Edu Corp;Bogotá;Electrónica;80;21.86;0.29
TXN-14046;2025/12/22;Eco Group;Bucaramanga;Oficina;48;303.29;0.26
TXN-14047;2024/11/07;Tech Corp;Bucaramanga;Software;35;22.81;0.21
TXN-14048;2025/06/10;Tech Corp;Bogotá;Oficina;5;382.76;0.0
TXN-14049;28-08-2025;Acme sas ;Barranquilla;Electrónica;70;265.38;0.02
TXN-14050;2026/03/10;Bio Health;Medellín;Electrónica;98;1188.33;0.14
TXN-14051;2024/04/28;Global Trade;Bogotá;Electrónica;19;1361.04;0.08
TXN-14052;2026/04/12;Edu Corp;Bucaramanga;Servicios;26;22.55;0.29
TXN-14053;2025/04/13;Acme SAS;Cali;Electrónica;93;433.19;0.27
TXN-14054;2024/03/23;Neo Systems;Barranquilla;Servicios;12;1255.75;0.12
tx_ 14055;2025/05/22;Eco Group;Medellín;Electrónica;-40;1324.84;0.05
TXN-14056;2026/10/18;Bio Health;Medellín;Servicios;4;697.77;0.21
TXN-14057;2026/08/10;Tech Corp;Bucaramanga;Software;72;238.52;0.18
TXN-14058;2025/04/04;Global Trade;Cali;Oficina;26;586.4;0.17
TXN-14059;2025/07/20;Neo Systems;Bucaramanga;Electrónica;75;809.34;0.19
TXN-14060;2024/05/28;Bio Health;Bogotá;Electrónica;76;1142.81;0.01
TXN-14061;2026/01/14;Acme sas ; Bogo-ta;Servicios;26;1273,45;0.26
TXN-14062;2024/11/28;Global Trade;Barranquilla;Servicios;40;847.58;0.29
TXN-14063;2025/05/24;Tech Corp;Bucaramanga;Oficina;58;96.87;0.29
tx_ 14064;2026/11/14;Acme sas ;Cali;electronica;81;937.57;0.24
TXN-14065;2024/03/17;Tech Corp;Bucaramanga;Servicios;19;543.09;0.04
TXN-14066;2025/12/14;Neo Systems;Bogotá;Software;86;186.12;0.22
TXN-14067;2024/09/25;Acme SAS;Cali;Oficina;95;1361.54;0.18
TXN-14068;2026/08/22;Bio Health;Cali;Oficina;91;964.45;0.14
TXN-14069;2026/08/08;Acme SAS;Bogotá;Mobiliario;28;690.97;0.15
TXN-14070;2026/06/05;Edu Corp;Medellín;Mobiliario;97;877.03;0.09
TXN-14071;2026/09/13;Acme SAS;Bogotá;Servicios;4;1099.2;0.08
TXN-14072;28-05-2024;Bio Health;medeLLin; Servicios ;-9;646,0;0.01
TXN-14073;2025/06/07;Global Trade;Medellín;Mobiliario;32;207.4;0.08
TXN-14074;2026/07/25;Bio Health;Medellín;Oficina;95;167.06;0.21
TXN-14075;2024/05/07;Global Trade;Bucaramanga;Oficina;61;1480.0;0.02
TXN-14076;2025/06/12;Acme SAS;Cali;Mobiliario;23;872.44;0.2
TXN-14077;2026/09/24;Neo Systems;Medellín;Oficina;46;857.82;0.08
TXN-14078;2026/02/24;Tech Corp;Cali;Mobiliario;13;783.53;0.12
TXN-14079;2026/12/17;Edu Corp;Bogotá;Electrónica;77;683.8;0.05
TXN-14080;2025/03/17;Edu Corp;Medellín;Electrónica;40;375.36;0.17
TXN-14081;2025/02/25;Acme SAS;Medellín;Servicios;50;1438.73;0.16
TXN-14082;2024/04/13;Bio Health;Barranquilla;Mobiliario;47;1191.47;0.27
TXN-14083;2024/06/07;Tech Corp;Medellín;Software;19;1440.61;0.12
TXN-14084;2025/06/28;Neo Systems;Bucaramanga;Electrónica;16;1464.48;0.17
TXN-14085;2025/10/07;Bio Health;Bogotá;Oficina;23;223.11;0.17
TXN-14086;2024/01/08;Edu Corp;Cali;Software;5;1469.32;0.22
TXN-14087;2024/10/19;Global Trade;Bogotá;Mobiliario;78;688.48;0.02
TXN-14088;2025/07/02;Tech Corp;Medellín;Mobiliario;51;1118.36;0.09
TXN-14089;2025/12/08;Tech Corp;Medellín;Servicios;31;1330.56;0.04
TXN-14090;2024/08/19;Edu Corp;cali;Electrónica;25;1043.28;0.09
TXN-14091;2026/01/20;Tech Corp;Bucaramanga;Mobiliario;21;1259.31;0.01
TXN-14092;2025/09/08;Neo Systems;Bucaramanga;Software;38;156.21;0.19
TXN-14093;2025/08/28;Tech Corp;Bucaramanga;Servicios;10;1232.63;0.1
TXN-14094;2026/05/30;Global Trade;Barranquilla;Servicios;14;1339.3;0.03
TXN-14095;2026/10/10;Bio Health;Barranquilla;Oficina;2;870.56;0.16
TXN-14096;2026/05/26;Tech Corp;Bucaramanga;Servicios;64;365.38;0.26
TXN-14097;2025/10/21;Eco Group;Bogotá;Oficina;95;499.78;0.13
TXN-14098;2025/06/16;Tech Corp;Barranquilla;Oficina;41;719.38;0.18
TXN-14099;18-05-2025;Acme SAS;Cali;Mobilia;19;763.73;0.05
TXN-14100;2026/02/10;Neo Systems;Bogotá;Servicios;59;663.61;0.12
TXN-14101;2026/12/19;Edu Corp;Barranquilla;Servicios;93;586.82;0.25
TXN-14102;2024/10/31;tech corp;BGA;Oficin ;69;1327,88;0.23
TXN-14103;2026/04/29;Eco Group;Bucaramanga;Software;53;819.38;0.22
TXN-14104;2026/09/03;Acme SAS;Bucaramanga;Mobiliario;16;1491.83;0.2
TXN-14105;2026/09/07;Neo Systems;Bogotá;Software;70;1247.26;0.3
TXN-14106;2026/12/12;Neo Systems;Cali;Electrónica;98;1364.1;0.17
TXN-14107;2024/10/24;Edu Corp;Medellín;Electrónica;94;239.19;0.17
TXN-14108;2026/09/27;Neo Systems;Cali;Servicios;53;525.35;0.21
TXN-14109;2024/06/12;Eco Group;Medellín;Electrónica;25;1232.01;0.17
TXN-14110;2026/06/07;Bio Health;Medellín;Oficina;19;836.21;0.2
TXN-14111;2024/02/06;Global Trade;Medellín;Oficina;26;702.55;0.0
TXN-14112;2024/09/06;Edu Corp;Cali;Mobiliario;66;79.66;0.24
TXN-14113;2025/04/17;Neo Systems;Bogotá;Software;24;701.93;0.08
TXN-14114;2024/12/22;Edu Corp;Cali;Mobiliario;93;668.4;0.11
TXN-14115;2026/11/02;Edu Corp;Cali;Electrónica;71;1274.11;0.15
TXN-14116;2024/08/07;Neo Systems;Cali;Oficina;30;921.78;0.06
TXN-14117;2026/01/23;Tech Corp;Barranquilla;Servicios;87;432.51;0.27
TXN-14118;2026/05/09;Acme SAS;Bucaramanga;Electrónica;1;146.11;0.22
TXN-14119;2024/01/17;Eko Group;Barranquilla; Servicios ;48;316.77;0.24
TXN-14120;18-08-2024;Bio-Health;medeLLin;Oficina;65;399.58;0.09
TXN-14121;2026/05/14;Eco Group;Medellín;Servicios;70;33.07;0.26
TXN-14122;2024/08/19;Bio Health;Barranquilla;Mobiliario;88;204.41;0.07
TXN-14123;2026/01/06;Acme SAS;Bucaramanga;Oficina;42;66.6;0.04
TXN-14124;2026/07/09;Acme SAS;Medellín;Mobiliario;63;1402.13;0.13
TXN-14125;2025/03/22;Bio Health;Barranquilla;Oficina;19;258.65;0.04
TXN-14126;2024/05/22;Acme SAS;Medellín;Servicios;53;1337.47;0.16
TXN-14127;2026/06/28;Eco Group;Barranquilla;Mobiliario;18;1436.09;0.07
TXN-14128;2024/09/26;Acme SAS;Bucaramanga;Electrónica;88;1477.19;0.3
tx_ 14129;;Acme SAS;Medellín;Servicios;86;212.41;0.25
TXN-14130;2026/10/13;Edu Corp;Cali;Mobiliario;23;406.8;0.25
TXN-14131;29-11-2026; Global trade;Bogotá;Servicios;44;1289.45;0.29
TXN-14132;2026/10/10;Tech Corp;Bucaramanga;Software;30;1017.86;0.28
TXN-14133;2024/11/21;Bio Health;Cali;Servicios;30;143.83;0.28
TXN-14134;2026/12/20;Acme SAS;Bogotá;Oficina;89;41.58;0.16
TXN-14135;2024/02/29;Global Trade;Bucaramanga;Mobiliario;15;82.8;0.02
TXN-14136;2024/11/04;Tech Corp;Barranquilla;Software;69;1230.44;0.19
TXN-14137;2024/11/02;Bio Health;Bucaramanga;Software;70;1009.47;0.0
TXN-14138;2025/04/14;Acme SAS;Barranquilla;Electrónica;47;353.22;0.07
TXN-14139;26-09-2025;Eko Group;Barranqilla;Electrónica;94;914.71;0.11
TXN-14140;2025/11/10;Edu Corp;Barranquilla;Software;66;944.05;0.23
TXN-14141;2026/06/05;Acme SAS;Bucaramanga;Software;37;1498.5;0.26
TXN-14142;2024/12/09;Global Trade;Medellín;Servicios;40;444.84;0.1
tx_ 14143;2024/07/21;tech corp;Medellín;Mobilia;46;237.87;0.2
TXN-14144;2026/04/15;Tech Corp;Bucaramanga;Electrónica;100;726.15;0.01
TXN-14145;2026/09/19;Acme SAS;Barranquilla;Software;30;947.65;0.09
TXN-14146;2025/02/09;Global Trade;Cali;Servicios;20;819.76;0.13
TXN-14147;2026/01/25;Tech Corp;Bogotá;Electrónica;88;733.08;0.22
TXN-14148;2026/07/07;EduCorp;Bogota ;electronica;48;1389.7;0.3
TXN-14149;2026/12/05;Acme SAS;Bucaramanga;Software;86;631.65;0.13
TXN-14150;2026/03/15;Eco Group;Bogotá;Mobiliario;12;1238.62;0.17
TXN-14151;2026/12/30;Global Trade;Bucaramanga;Electrónica;63;59.65;0.26
TXN-14152;2024/11/14;Eco Group;Barranquilla;Software;10;407.01;0.11
TXN-14153;2025/05/07;Eco Group;Cali;Electrónica;64;955.84;0.08
TXN-14154;2024/07/18;Edu Corp;Bogotá;Mobiliario;97;1244.98;0.28
TXN-14155;2024/02/05;Neo Systems;Barranquilla;Servicios;32;1318.21;0.1
TXN-14156;2025/03/03;Eco Group;Cali;Servicios;59;736.94;0.15
TXN-14157;2025/08/31;Acme SAS;Barranquilla;Mobiliario;85;328.06;0.26
TXN-14158;2026/03/20;Edu Corp;Bogotá;Servicios;78;1255.99;0.26
TXN-14159;2024/11/24;Acme SAS;Bucaramanga;Software;33;1491.67;0.12
TXN-14160;2026/07/05;Neo Systems;Bogotá;Mobiliario;77;728.01;0.1
TXN-14161;2025/04/08;Neo Systems;Barranquilla;Electrónica;51;886.47;0.15
TXN-14162;2024/07/03;Bio Health;Bogotá;Servicios;20;1136.43;0.2
TXN-14163;2026/03/07;Tech Corp;Bucaramanga;Software;19;368.76;0.04
TXN-14164;2024/04/17;Bio Health;Barranquilla;Oficina;23;249.35;0.01
TXN-14165;2024/11/08;Tech Corp;Cali;Software;78;505.44;0.28
TXN-14166;2026/03/11;Eco Group;Bogotá;Software;41;736.82;0.14
TXN-14167;2026/02/10;Neo Systems;Bucaramanga;Mobiliario;72;1333.14;0.26
TXN-14168;2026/06/12;Eko Group;Bogotá;Servicios;50;1383.84;N/A
TXN-14169;2024/03/06;Neo Systems;Cali;Oficina;80;521.0;0.27
TXN-14170;2025/09/16;Bio Health;Bucaramanga;Oficina;22;1054.26;0.07
TXN-14171;2024/01/12;Neo Systems;Barranquilla;Oficina;4;569.85;0.16
TXN-14172;2026/02/27;Eco Group;Bucaramanga;Mobiliario;63;1254.2;0.14
TXN-14173;2026/08/19;Acme SAS;Bogotá;Software;63;1018.46;0.01
TXN-14174;2026/01/10;Acme SAS;Bogotá;Electrónica;49;1309.62;0.19
TXN-14175;2024/06/30;Acme SAS;Cali;Software;81;638.93;0.17
TXN-14176;2025/11/30;Edu Corp;Cali;Oficina;35;556.47;0.07
TXN-14177;2025/04/23;Neo Systems;Bucaramanga;Electrónica;15;525.09;0.08
TXN-14178;2026/11/02;Tech Corp;Barranquilla;Software;4;768.52;0.27
TXN-14179;2025/12/29;Acme SAS;Barranquilla;Oficina;87;207.16;0.21
TXN-14180;2026/07/24;Global Trade;Medellín;Servicios;24;96.9;0.11
TXN-14181;2025/05/12;Tech Corp;Bogotá;Electrónica;19;737.49;0.13
TXN-14182;2025/09/21;Global Trade;Medellín;Mobiliario;79;655.84;0.14
TXN-14183;2025/11/01;Edu Corp;Bogotá;Software;64;1135.76;0.09
TXN-14184;2024/01/19;Edu Corp;Bogotá;Mobiliario;85;1242.61;0.23
TXN-14185;2026/10/09;Tech Corp;Bogotá;Mobiliario;63;421.93;0.04
TXN-14186;2025/12/02;Acme SAS;Bogotá; Servicios ;18;300.56;0.21
TXN-14187;2026/12/07;Tech Corp;Cali;Servicios;56;1021.13;0.14
TXN-14188;2025/09/15;Eco Group;Cali;Electrónica;59;743.26;0.2
TXN-14189;2026/05/25;Acme SAS;Bucaramanga;Electrónica;87;155.76;0.06
TXN-14190;2024/02/17;Acme SAS;Bogotá;Electrónica;16;896.15;0.24
TXN-14191;2024/06/13;Tech Corp;Medellín;Mobiliario;29;241.39;0.06
TXN-14192;2025/09/23;Acme SAS;Barranquilla;Mobiliario;63;1369.65;0.28
TXN-14193;2026/08/05;Acme SAS;Bucaramanga;Software;26;269.43;0.18
TXN-14194;2026/01/23;Neo Systems;Cali;Electrónica;64;796.29;0.01
TXN-14195;2024/06/28;Global Trade;Cali;Mobiliario;25;589.44;0.27
TXN-14196;2025/07/01;Eco Group;Cali;Software;43;898.16;0.17
TXN-14197;2024/06/25;Neo Systems;Barranquilla;Electrónica;73;28.64;0.23
TXN-14198;2024/02/16;Bio Health;Barranquilla;Software;35;502.5;0.07
TXN-14199;2025/10/23;Acme SAS;Barranquilla;Mobiliario;61;1448.39;0.05
TXN-14200;2024/12/16;Edu Corp;Bucaramanga;Oficina;54;240.67;0.01
TXN-14201;2026/09/05;Acme SAS;Cali;Servicios;56;1399.84;0.19
TXN-14202;2024/09/10;Tech Corp;Bucaramanga;Servicios;15;1188.25;0.15
TXN-14203;2026/04/18;Global Trade;Medellín;Software;42;599.94;0.27
TXN-14204;2026/10/28;Tech Corp;Medellín;Servicios;1;173.69;0.24
TXN-14205;2025/02/04;Bio Health;Cali;Mobiliario;49;877.02;0.23
TXN-14206;2024/02/18;Eco Group;Medellín;Software;47;961.82;0.07
TXN-14207;2026/06/24;Bio Health;Bogotá;Servicios;83;688.74;0.22
TXN-14208;2026/04/25;Neo Systems;Bucaramanga;Mobiliario;71;1375.41;0.17
TXN-14209;2024/09/16;Acme SAS;Cali;Software;8;116.27;0.17
tx_ 14210;2026/10/01;Acme sas ;Barranquilla;Oficina;10;1369,78;0.16
TXN-14211;2024/04/23;Global Trade;Barranquilla;Electrónica;59;1107.57;0.11
TXN-14212;2026/12/03;Global Trade;Bucaramanga;Software;56;725.79;0.2
TXN-14213;2024/12/27;Tech Corp;Bucaramanga;Mobiliario;95;711.2;0.06
TXN-14214;2025/10/17;Neo Systems;Medellín;Mobiliario;91;1073.06;0.02
TXN-14215;2026/11/06;Eco Group;Cali;Electrónica;37;1342.91;0.13
TXN-14216;2025/12/30;Eco Group;Cali;Servicios;71;410.96;0.28
TXN-14217;2026/02/09;Acme SAS;Medellín;Mobiliario;6;876.09;0.13
TXN-14218;2026/09/21;Edu Corp;Barranquilla;Servicios;88;1388.95;0.16
TXN-14219;2026/02/26;Eco Group;Cali;Software;16;704.04;0.13
TXN-14220;2025/03/30;Global Trade;Barranquilla;Oficina;11;536.28;0.21
TXN-14221;2025/05/14;Tech Corp;Barranquilla;Software;39;904.93;0.15
TXN-14222;2026/01/23;Edu Corp;Barranquilla;Electrónica;77;1301.67;0.18
TXN-14223;2026/12/28;Tech Corp;Cali;Servicios;14;680.33;0.17
TXN-14224;2025/06/13;Neo Systems;Medellín;Oficina;57;269.46;0.05
TXN-14225;2024/11/13;Bio Health;Bucaramanga;Mobiliario;85;664.83;0.28
TXN-14226;2024/02/24;Neo Systems;Barranquilla;Electrónica;27;871.51;0.26
TXN-14227;2026/04/26;Tech Corp;Cali;Servicios;49;302.17;0.26
TXN-14228;2024/01/03;Neo Systems;Bucaramanga;Oficina;96;236.9;0.23
TXN-14229;2026/11/16;Eco Group;Barranquilla;Oficina;76;1408.91;0.25
TXN-14230;2026/03/23;Edu Corp;Bucaramanga;Software;4;473.36;0.29
TXN-14231;2026/10/21;Acme SAS;Bucaramanga;Oficina;21;391.68;0.21
TXN-14232;2025/03/06;Acme SAS;Medellín;Mobiliario;78;344.46;0.18
TXN-14233;2024/04/01;Neo Systems;Barranqilla;Mobiliario;34;345.85;0.13
TXN-14234;30-06-2026;Global Trade;Medellin;Mobiliario;93;171,66;0.16
TXN-14235;2024/06/14;Neo Systems;Bucaramanga;Software;100;801.35;0.25
TXN-14236;2024/11/11;Global Trade;Cali;Mobiliario;56;1096.3;0.19
TXN-14237;2026/05/22;tech corp; Bogo-ta;electronica;23;304,01;0.3
TXN-14238;2026/03/30;Edu Corp;Medellín;Oficina;75;997.57;0.01
TXN-14239;2025/08/25;Bio Health;Bucaramanga;Mobiliario;84;1169.91;0.01
TXN-14240;2024/01/04;Neo Systems;Bogotá;Oficina;14;1087.2;0.09
TXN-14241;2024/08/02;Global Trade;Barranquilla;Servicios;20;256.84;0.05
TXN-14242;2026/07/22;Global Trade;Medellín;Oficina;96;1149.39;0.17
TXN-14243;2026/09/09;Acme SAS;Medellín;Mobiliario;71;1449.86;0.3
TXN-14244;2024/11/06;Bio Health;Barranquilla;Oficina;2;1413.15;0.02
TXN-14245;2025/12/23;Eco Group;Bucaramanga;Mobiliario;55;10.7;0.16
TXN-14246;2026/07/10;Edu Corp;Bucaramanga;Software;38;88.63;0.02
TXN-14247;2026/10/12;Bio Health;Bogotá;Software;24;386.02;0.25
TXN-14248;2024/09/18;Tech Corp;Cali;Mobiliario;9;244.14;0.14
TXN-14249;2024/05/26;Edu Corp;Bogotá;Oficina;72;1369.82;0.07
TXN-14250;2025/08/10;Bio Health;Cali;Electrónica;86;229.35;0.22
TXN-14251;2025/08/27;Tech Corp;Cali;Electrónica;46;233.14;0.08
TXN-14252;2024/12/21;Bio Health;Medellín;Oficina;13;89.93;0.26
TXN-14253;2026/02/24;Neo Systems;Bucaramanga;Oficina;21;549.96;0.15
TXN-14254;2025/09/14;Eco Group;Barranquilla;Servicios;46;1223.11;0.11
TXN-14255;2024/02/03;Neo Systems;Bucaramanga;Oficina;32;1055.88;0.21
TXN-14256;2026/01/04;Global Trade;Bogotá;Oficina;21;1436.13;0.1
tx_ 14257;2026/07/13;Edu Corp;medeLLin; Servicios ;97;604.44;0.14
TXN-14258;2024/03/20;Acme SAS;Bucaramanga;Oficina;26;53.96;0.26
TXN-14259;2025/10/02;EduCorp;Barranqilla;Mobiliario;3;401.82;0.1
TXN-14260;2025/11/23;Eco Group;Bogotá;Servicios;7;1368.73;0.08
TXN-14261;2026/07/24;Neo Systems;Bogotá;Mobiliario;17;230.23;0.07
TXN-14262;2025/08/23;Acme SAS;Medellín;Mobiliario;82;512.89;0.18
TXN-14263;03-05-2025;EduCorp;Medellín;Servicios;90;975.12;0.14
TXN-14264;2024/09/25;Tech Corp;Medellín;Electrónica;96;1304.45;0.09
TXN-14265;2026/09/24;Tech Corp;Bucaramanga;Servicios;34;382.22;0.19
TXN-14266;2025/05/31;Neo Systems;Bogotá;Electrónica;43;1112.28;0.02
TXN-14267;2026/02/16;Eco Group;Barranquilla;Servicios;49;1221.57;0.14
TXN-14268;;tech corp;Medellin;Oficin ;8;1078.12;0.21
TXN-14269;2024/04/24;Bio Health;Bucaramanga;Software;43;739.95;0.04
TXN-14270;2026/09/02;Neo Systems;Medellín;Servicios;60;1356.11;0.07
TXN-14271;2024/10/16;Global Trade;Bucaramanga;Servicios;54;976.22;0.15
TXN-14272;02-08-2026;Bio Health;bogota;Oficina;13;1218,72;0.1
TXN-14273;2026/03/19;Bio Health;Bucaramanga;Servicios;86;121.1;0.06
TXN-14274;2025/05/18;EduCorp;Bogota ;Sftware;55;1462.95;0.12
TXN-14275;2024/04/26;Acme SAS;Bucaramanga;Software;37;817.24;0.19
TXN-14276;30-04-2024;EduCorp;cali;Oficin ;55;466.74;0.23
TXN-14277;2026/09/10;Edu Corp;Barranquilla;Oficina;24;930.91;0.23
TXN-14278;2025/07/12;Eco Group;Barranquilla;Electrónica;5;841.79;0.06
TXN-14279;2026/04/09;Bio Health;Bucaramanga;Oficina;2;41.64;0.29
TXN-14280;2025/12/21;Neo Systems;Cali;Electrónica;16;1375.47;0.23
TXN-14281;2025/09/05;Neo Systems;Bucaramanga;Electrónica;59;1300.81;0.0
TXN-14282;2025/03/12;Neo Systems;Barranquilla;Servicios;91;1265.05;0.06
TXN-14283;2025/12/21;Tech Corp;Barranquilla;Software;55;114.96;0.29
TXN-14284;2026/06/25;Acme SAS;Bucaramanga;Servicios;78;36.52;0.23
TXN-14285;2025/10/06;Bio Health;Bucaramanga;Mobiliario;22;1211.68;0.11
TXN-14286;2025/01/14;Neo Systems;Cali;Servicios;42;1188.28;0.29
TXN-14287;2026/09/23;Eco Group;Cali;Electrónica;60;352.52;0.15
TXN-14288;2026/11/11;Neo Systems;Medellín;Electrónica;2;226.6;0.29
TXN-14289;2026/05/29;Eco Group;Bucaramanga;Electrónica;27;322.71;0.24
TXN-14290;2026/02/18;Global Trade;Cali;Oficina;14;1394.93;0.17
TXN-14291;2025/07/16;Tech Corp;Bucaramanga;Mobiliario;33;1403.6;0.14
TXN-14292;2024/01/26;Global Trade;Bogotá;Electrónica;1;1084.85;0.25
TXN-14293;2026/07/14;Global Trade;Cali;Software;29;837.99;0.24
tx_ 14294;;N3o Systems;Medellin;Mobilia;5;1039.75;0.11
TXN-14295;2026/07/09;Acme SAS;Cali;Oficina;64;622.59;0.02
TXN-14296;2025/03/25;Tech Corp;Medellín;Oficina;2;1156.75;0.01
TXN-14297;2024/09/30;Edu Corp;Cali;Electrónica;44;592.62;0.12
TXN-14298;2025/05/15;Edu Corp;Medellín;Servicios;73;1243.38;0.2
TXN-14299;2026/12/02;Tech Corp;Bogotá;Mobiliario;44;1422.23;0.28
TXN-14300;2024/12/27;Global Trade;Medellín;Electrónica;36;1029.59;0.09
TXN-14301;2025/05/29;Edu Corp;Cali;Servicios;99;1486.79;0.17
TXN-14302;2026/10/10;Neo Systems;Bucaramanga;Servicios;81;687.3;0.06
TXN-14303;2025/02/20;Tech Corp;Bogotá;Servicios;64;660.93;0.27
TXN-14304;2026/10/25;Neo Systems;Barranquilla;Servicios;37;771.87;0.03
TXN-14305;2024/11/06;Global Trade;Bogotá;Servicios;39;341.61;0.17
TXN-14306;2025/07/15;Eco Group;Cali;Electrónica;98;1060.41;0.02
TXN-14307;2025/08/16;Tech Corp;Bogotá;Software;78;868.85;0.03
TXN-14308;22-11-2025;tech corp;cali;Mobiliario;2;455.01;0.12
TXN-14309;2026/01/04;Tech Corp;Bogotá;Electrónica;30;1363.65;0.24
TXN-14310;2024/08/16;Neo Systems;Bucaramanga;Oficina;69;233.79;0.22
TXN-14311;2024/03/07;Tech Corp;Barranquilla;Mobiliario;17;513.22;0.29
TXN-14312;2026/10/12;Tech Corp;Cali;Software;63;643.24;0.23
TXN-14313;2026/09/12;Tech Corp;Bogotá;Software;78;84.69;0.14
TXN-14314;2025/02/22;Acme SAS;Bucaramanga;Mobiliario;65;936.59;0.26
TXN-14315;2025/09/30;Bio Health;Cali;Oficina;65;393.34;0.13
TXN-14316;2026/04/24;Bio Health;Bogotá;Software;76;673.37;0.17
TXN-14317;2026/08/16;Neo Systems;Medellín;Servicios;69;1309.82;0.15
TXN-14318;2025/09/12;Edu Corp;Cali;Oficina;35;668.2;0.05
TXN-14319;2026/10/29;Global Trade;Bucaramanga;Servicios;82;337.18;0.17
TXN-14320;2026/09/21;Tech Corp;Bogotá;Oficina;37;199.28;0.2
TXN-14321;2024/11/01;Tech Corp;Bogotá;Software;78;1304.8;0.06
TXN-14322;2024/12/15;Global Trade;Medellín;Servicios;67;182.99;0.1
TXN-14323;2025/03/18;Edu Corp;Bogota ;electronica;22;493.84;0.08
TXN-14324;2026/02/17;Acme SAS;Barranquilla;Software;83;942.94;0.14
TXN-14325;2024/10/04;Bio Health;Barranquilla;Mobiliario;53;36.67;0.19
TXN-14326;2024/03/16;Acme SAS;Bucaramanga;Oficina;81;1202.48;0.11
TXN-14327;2024/03/09;Edu Corp;Barranquilla;Software;26;459.72;0.12
tx_ 14328;02-04-2026;Tech Corp;cali;Oficin ;-27;1369,24;N/A
TXN-14329;2024/11/03;Tech Corp;Bogotá;Electrónica;90;612.84;0.12
TXN-14330;2024/02/12;Neo Systems;Medellín;Electrónica;88;899.59;0.03
TXN-14331;2026/01/28;Acme SAS;Medellín;Mobiliario;60;1311.6;0.12
TXN-14332;2024/06/27;Eco Group;Barranquilla;Servicios;80;476.4;0.05
TXN-14333;2026/10/02;Neo Systems;Bucaramanga;Software;61;877.64;0.25
TXN-14334;2026/06/01;Eco Group;Bogotá;Oficina;63;1254.2;0.03
TXN-14335;2026/11/12;Acme SAS;Barranquilla;Mobiliario;60;333.94;0.17
TXN-14336;2024/12/27;Bio Health;Bucaramanga;Servicios;55;1200.58;0.24
TXN-14337;2026/08/02;Eco Group;Bucaramanga;Mobiliario;93;904.35;0.23
TXN-14338;2026/04/29;Global Trade;Bucaramanga;Servicios;34;91.62;0.04
TXN-14339;2024/11/09;Global Trade;Bucaramanga;Servicios;94;804.42;0.28
TXN-14340;2024/02/16;Global Trade;Cali;Electrónica;73;1020.42;0.24
TXN-14341;2026/09/04;Eco Group;Medellín;Oficina;52;832.75;0.25
TXN-14342;2026/02/04;Bio Health;Bogotá;Software;38;958.42;0.09
TXN-14343;2026/04/29;Global Trade;Bucaramanga;Mobiliario;73;574.34;0.19
TXN-14344;20-08-2024;Global Trade;Bucaramanga;Oficin ;56;833.15;0.09
tx_ 14345;2026/02/20;tech corp;Barranquilla; Servicios ;90;268.68;0.2
TXN-14346;2026/12/16;Neo Systems;Cali;Oficina;82;1080.72;0.26
TXN-14347;2024/07/17;Acme SAS;Medellín;Oficina;71;550.22;0.26
TXN-14348;2026/04/04;Eco Group;Barranquilla;Software;58;195.26;0.16
TXN-14349;2026/12/12;Tech Corp;Bogotá;Oficina;51;317.0;0.18
TXN-14350;;Global Trade;BGA;Mobiliario;46;1214.6;0.03
TXN-14351;2025/06/04;Tech Corp;Cali;Electrónica;88;1197.57;0.06
TXN-14352;2025/05/18;Tech Corp;Bogotá;Mobiliario;47;431.1;0.19
TXN-14353;2024/01/30;Eco Group;Cali;Oficina;75;930.63;0.01
TXN-14354;2024/03/03;Global Trade;Bogotá;Software;56;901.81;0.29
TXN-14355;2024/09/04;Global Trade;Bogotá;Servicios;59;620.4;0.14
TXN-14356;2025/08/08;Bio Health;Cali;Electrónica;71;347.12;0.11
TXN-14357;2024/11/24;Eco Group;Bucaramanga;Electrónica;96;776.55;0.21
TXN-14358;2026/05/06;Global Trade;Bogotá;Software;22;1056.37;0.0
TXN-14359;2024/09/06;Eco Group;Cali;Servicios;4;149.16;0.23
TXN-14360;2025/06/17;Global Trade;Bogotá;Oficina;61;709.72;0.11
TXN-14361;2024/08/28;Tech Corp;Barranquilla;Servicios;9;503.02;0.26
TXN-14362;2024/08/27;Bio Health;Medellín;Servicios;92;177.02;0.08
TXN-14363;2026/05/11;Bio Health;Bucaramanga;Electrónica;71;112.97;0.06
TXN-14364;2024/10/03;Eco Group;Cali;Electrónica;88;281.28;0.21
TXN-14365;2026/03/28;Edu Corp;Bucaramanga;Servicios;46;1487.5;0.12
TXN-14366;2024/07/29;Global Trade;Barranquilla;Oficina;56;428.45;0.25
TXN-14367;2025/01/08;Edu Corp; Bogo-ta;Mobilia;65;733.53;0.17
TXN-14368;2025/07/09;Neo Systems;Cali;Electrónica;79;582.63;0.04
TXN-14369;2025/08/06;Edu Corp;Medellín;Servicios;96;520.99;0.06
TXN-14370;2025/06/07;Acme SAS;Bucaramanga;Electrónica;37;702.57;0.02
TXN-14371;2024/06/17;Tech Corp;Bogota ;Electrónica;55;249.76;0.28
TXN-14372;2024/06/21;Acme SAS;Cali;Oficina;29;102.85;0.09
TXN-14373;2026/01/12;Edu Corp;Medellín;Electrónica;14;174.22;0.2
TXN-14374;2024/04/30;Neo Systems;Bucaramanga;Software;46;282.54;0.11
TXN-14375;2024/08/25;Bio Health;Bogotá;Oficina;62;797.35;0.17
TXN-14376;2024/08/03;Bio Health;Barranquilla;Oficina;3;720.96;0.0
TXN-14377;2026/11/29;Edu Corp;Bucaramanga;Electrónica;32;1061.71;0.19
TXN-14378;2025/06/20;Eco Group;Bogotá;Software;38;1213.84;0.11
TXN-14379;2026/08/28;Bio Health;Barranquilla;Electrónica;33;362.14;0.02
TXN-14380;2025/11/21;Eco Group;Medellín;Software;9;271.65;0.01
TXN-14381;2026/11/05;Eco Group;Cali;Servicios;73;1187.03;0.26
tx_ 14382;2024/06/05;Neo Systems;Cali;Mobiliario;85;886.73;0.08
TXN-14383;2026/01/20;Eco Group;Bogotá;Software;13;738.97;0.2
TXN-14384;2026/01/31;Eco Group;Bogotá;Software;35;79.22;0.18
TXN-14385;2024/04/06;Eko Group;Bogotá;Mobilia;7;1095,1;0.03
TXN-14386;2025/05/16;Edu Corp;Bucaramanga;Oficina;73;910.8;0.26
TXN-14387;2026/03/21;Acme SAS;Bogotá;Oficina;78;1132.17;0.19
TXN-14388;2024/09/17;Neo Systems;Medellín;Servicios;89;970.14;0.05
TXN-14389;2024/05/01;Acme SAS;Bucaramanga;Oficina;82;272.12;0.17
TXN-14390;2025/01/05;Tech Corp;Medellín;Oficina;4;216.61;0.03
TXN-14391;2024/01/25;Global Trade;Bogotá;Electrónica;44;299.07;0.11
TXN-14392;2024/04/18;Tech Corp;Medellín;Software;7;738.18;0.18
TXN-14393;2024/10/26;Eco Group;Bucaramanga;Oficina;72;195.34;0.12
TXN-14394;2024/04/18;Eco Group;Medellín;Servicios;70;1343.42;0.12
TXN-14395;2024/02/18;Tech Corp;Barranquilla;Servicios;29;878.13;0.02
TXN-14396;2024/09/05;Neo Systems;Medellín;Servicios;99;949.71;0.17
TXN-14397;2024/08/26;Tech Corp;Medellín;Servicios;97;1389.27;0.2
TXN-14398;2026/04/20;Global Trade;Medellín;Software;4;544.86;0.25
TXN-14399;2024/10/31;Tech Corp;Medellín;Oficina;71;819.4;0.0
TXN-14400;2024/02/17;Global Trade;Bogotá;Electrónica;73;739.29;0.23
TXN-14401;2026/08/01;Acme SAS;Bucaramanga;Mobiliario;58;897.8;0.21
TXN-14402;2026/07/07;Edu Corp;Bogotá;Mobiliario;40;1048.67;0.25
TXN-14403;2026/07/17;Acme SAS;Bucaramanga;Oficina;64;1172.53;0.17
TXN-14404;2024/09/22;Neo Systems;Barranquilla;Electrónica;84;1263.77;0.0
TXN-14405;2025/10/31;Bio Health;Medellín;Oficina;81;1226.6;0.03
TXN-14406;2026/03/29;Edu Corp;Bucaramanga;Electrónica;20;226.32;0.3
TXN-14407;2024/02/28;Eco Group;Barranquilla;Servicios;43;503.02;0.14
TXN-14408;2024/01/07;Neo Systems;Barranquilla;Electrónica;32;1016.35;0.05
TXN-14409;2024/06/24;Eco Group;Bucaramanga;Mobiliario;82;1006.14;0.17
TXN-14410;2026/09/06;Eco Group;Medellín;Mobiliario;46;789.65;0.15
TXN-14411;2025/05/27;Neo Systems;Cali;Electrónica;63;78.54;0.17
TXN-14412;2026/06/06;Edu Corp;Cali;Mobiliario;91;392.99;0.21
TXN-14413;2025/12/12;Edu Corp;Bucaramanga;Servicios;21;1036.98;0.03
TXN-14414;2026/10/09;Neo Systems;Bogotá;Oficina;5;1226.27;0.2
TXN-14415;2024/06/17;Acme sas ;Bucaramanga;Sftware;3;1208.35;0.17
TXN-14416;2024/08/07;Eco Group;BGA;Software;10;897.1;0.11
TXN-14417;2026/01/01;Edu Corp;Bucaramanga;Software;1;585.52;0.23
TXN-14418;2026/04/28;N3o Systems;bogota;Software;16;1280.14;0.29
TXN-14419;;Neo Systems;Bogotá;Software;96;1035,53;0.3
TXN-14420;2025/12/17;Acme SAS;Barranquilla;Electrónica;63;764.58;0.24
TXN-14421;2025/06/10;Edu Corp;Bucaramanga;Electrónica;71;1366.14;0.02
TXN-14422;11-02-2026;tech corp;Medellin;Software;80;220,1;0.02
TXN-14423;2024/09/19;Eco Group;Cali;Oficina;88;1275.72;0.19
TXN-14424;2025/02/08;Neo Systems;Barranquilla;Mobiliario;85;457.14;0.16
TXN-14425;2024/08/28;Global Trade;Cali;Electrónica;28;533.86;0.27
TXN-14426;2026/12/20;Edu Corp;Bucaramanga;Electrónica;32;216.34;0.26
TXN-14427;2024/04/27;Bio Health;Medellín;Oficina;80;1331.57;0.29
TXN-14428;2025/02/02;Neo Systems;Medellín;Software;4;721.17;0.08
TXN-14429;2025/12/11;Bio Health;Bogotá;Servicios;24;790.89;0.12
TXN-14430;2025/11/07;Acme SAS;Medellín;Electrónica;82;1044.85;0.03
tx_ 14431;2025/08/06; Global trade;Bucaramanga;Mobiliario;-63;192.37;0.15
TXN-14432;2024/11/21;Acme SAS;Bucaramanga;Electrónica;32;221.7;0.08
TXN-14433;2025/07/18;Edu Corp;Bogotá;Oficina;36;638.25;0.29
TXN-14434;2026/06/08;Tech Corp;Medellín;Servicios;57;659.08;0.24
TXN-14435;2024/05/22;Acme SAS;Cali;Servicios;39;1196.75;0.06
TXN-14436;2024/11/02;Eco Group;Barranquilla;Mobiliario;44;1398.97;0.23
TXN-14437;2024/03/29;Neo Systems;Barranquilla;Software;48;788.56;0.1
tx_ 14438;2026/10/13;N3o Systems;medeLLin;Oficina;11;1407,58;0.17
TXN-14439;25-12-2025;Edu Corp;Bogotá; Servicios ;89;238.72;0.17
TXN-14440;2025/05/10;Acme SAS;Bogotá;Oficina;54;76.82;0.18
TXN-14441;2024/11/13;Bio Health;Bogotá;Mobiliario;63;1499.33;0.22
TXN-14442;2025/03/14;Eco Group;Barranquilla;Electrónica;61;410.51;0.28
TXN-14443;2024/12/15;Acme SAS;Barranquilla;Software;52;1166.78;0.25
TXN-14444;2024/09/08;Tech Corp;Bucaramanga;Servicios;59;1161.75;0.16
TXN-14445;2025/06/06;Acme SAS;Cali;Software;34;1018.06;0.14
TXN-14446;2025/03/17;Edu Corp;Medellín;Electrónica;94;131.62;0.25
TXN-14447;2024/10/24;Tech Corp;Barranquilla;Mobiliario;84;1243.98;0.22
TXN-14448;2025/11/07;Eco Group;Bucaramanga;Mobiliario;82;729.32;0.21
TXN-14449;10-04-2026;Bio Health; Bogo-ta;Oficina;34;514.43;0.3
TXN-14450;2025/07/22;Edu Corp;Bogotá;Mobiliario;45;714.15;0.05
TXN-14451;2025/06/27;Global Trade;Cali;Servicios;89;477.55;0.18
tx_ 14452;15-05-2026;Edu Corp;Medellín;Oficin ;94;1462.98;0.25
TXN-14453;2025/02/26;Eco Group;Barranquilla;Oficina;53;1211.47;0.05
TXN-14454;2025/05/17;Eco Group;Bucaramanga;Mobiliario;82;703.62;0.27
TXN-14455;2025/01/02;Tech Corp;Cali;Mobiliario;19;1272.88;0.01
TXN-14456;2026/04/10;Neo Systems;Medellín;Servicios;23;1238.57;0.12
TXN-14457;2025/11/01;Tech Corp;Bucaramanga;Oficina;3;902.4;0.02
TXN-14458;2025/08/18;Bio Health;Bucaramanga;Mobiliario;56;375.13;0.05
TXN-14459;2026/01/21;Global Trade;Medellín;Servicios;98;981.22;0.26
TXN-14460;2025/05/20;Acme SAS;Bogotá;Software;29;274.51;0.0
TXN-14461;2026/05/14;Edu Corp;Bucaramanga;Mobiliario;60;442.08;0.1
TXN-14462;2024/01/30;Acme SAS;Cali;Electrónica;2;172.36;0.04
TXN-14463;2025/06/29;Bio Health;Bucaramanga;Mobiliario;28;609.05;0.19
TXN-14464;2024/12/24;Eco Group;Bogotá;Oficina;73;1212.85;0.24
TXN-14465;2026/07/09;Acme SAS;Cali;Oficina;35;788.2;0.21
TXN-14466;2024/06/20;Acme SAS;Cali;Electrónica;46;1275.13;0.23
TXN-14467;2025/12/07;Acme SAS;Bogotá;Software;79;657.08;0.16
TXN-14468;2025/06/06;Edu Corp;Barranquilla;Mobiliario;61;1175.94;0.23
TXN-14469;2026/05/19;Global Trade;Bogotá;Mobiliario;46;647.7;0.15
TXN-14470;2024/06/17;Tech Corp;Cali;Servicios;34;773.39;0.16
TXN-14471;2026/04/19;Global Trade;Barranquilla;Software;48;707.37;0.21
TXN-14472;2025/03/17;Acme SAS;Bucaramanga;Software;86;299.25;0.06
TXN-14473;2024/11/16;Bio Health;Cali;Servicios;87;908.77;0.0
TXN-14474;2025/11/28;Eco Group;Cali;Software;79;713.19;0.18
TXN-14475;2026/03/30;Eco Group;Barranquilla;Mobiliario;22;323.14;0.2
TXN-14476;2026/03/29;Global Trade;Bucaramanga;Software;85;981.65;0.05
TXN-14477;2025/10/07;Tech Corp;Cali;Mobiliario;78;1316.08;0.18
TXN-14478;2025/12/23;Global Trade;Cali;Mobiliario;58;1497.74;0.11
TXN-14479;2026/08/24;Edu Corp;Barranquilla;Servicios;38;206.11;0.24
TXN-14480;2026/05/16;Neo Systems;Bogotá;Software;7;749.55;0.08
TXN-14481;2024/11/26;Global Trade;Bucaramanga;Software;16;1072.88;0.12
TXN-14482;2024/12/23;Neo Systems;Medellín;Software;62;1383.63;0.27
TXN-14483;2024/12/07;Acme SAS;Bogotá;Servicios;91;1038.9;0.02
TXN-14484;2024/06/01;Eco Group;Bucaramanga;Electrónica;88;504.18;0.09
TXN-14485;2025/11/08;Tech Corp;Cali;Servicios;82;313.72;0.26
TXN-14486;2026/12/21;Eco Group;Medellín;Oficina;13;192.47;0.24
TXN-14487;2024/02/02;Edu Corp;Cali;Electrónica;70;682.4;0.15
TXN-14488;2024/04/17;Tech Corp;Bogotá;Software;80;1377.0;0.16
TXN-14489;2026/11/10;Eco Group;Medellín;Servicios;29;779.15;0.05
TXN-14490;2025/07/08;Acme SAS;Medellín;Servicios;48;748.31;0.08
TXN-14491;2026/07/06;Eco Group;Bogotá;Mobiliario;78;213.96;0.02
TXN-14492;2025/08/22;Edu Corp;Bogotá;Software;99;1063.7;0.28
TXN-14493;2026/08/23;Edu Corp;Bucaramanga;Electrónica;9;421.23;0.09
TXN-14494;2024/10/18;Tech Corp;Medellín;Software;85;594.74;0.24
TXN-14495;2024/06/19;Global Trade;Bucaramanga;Software;68;1149.35;0.03
TXN-14496;2025/09/29;Bio Health;Bogotá;Electrónica;49;1185.29;0.24
TXN-14497;2026/01/15;Bio Health;Cali;Oficina;60;1153.29;0.15
TXN-14498;2026/09/29;Edu Corp;Medellín;Software;27;426.05;0.02
TXN-14499;2024/06/11;Bio-Health;Bucaramanga;Mobiliario;92;581.18;0.14
TXN-14500;2024/06/25;Neo Systems;Medellín;Electrónica;24;226.29;0.0
TXN-14501;2026/04/30;Global Trade;Medellin;Mobiliario;7;694.97;0.03
TXN-14502;2026/01/25;Global Trade;Bucaramanga;Servicios;47;760.02;0.24
TXN-14503;2026/07/08;Neo Systems;Bogotá;Software;55;1405.49;0.21
TXN-14504;2024/06/05;Edu Corp;Cali;Software;72;801.1;0.01
TXN-14505;2024/01/20;Bio Health;Bogotá;Oficina;66;638.48;0.13
TXN-14506;2025/12/09;Global Trade;Cali;Software;90;412.09;0.05
TXN-14507;2025/05/06;Global Trade;Bogotá;Oficina;62;962.75;0.3
TXN-14508;2024/10/22;Edu Corp;Barranquilla;Electrónica;33;801.93;0.28
TXN-14509;2025/03/13;Neo Systems;Bucaramanga;Mobiliario;27;1168.91;0.3
TXN-14510;2026/09/03;Eco Group;Bogotá;Oficina;20;395.6;0.04
TXN-14511;2025/10/15;Edu Corp;Bogotá;Oficina;33;623.55;0.18
TXN-14512;2025/11/04;Bio Health;Cali;Mobiliario;56;1384.19;0.14
TXN-14513;2024/01/05;Eco Group;Cali;Servicios;33;1226.76;0.22
TXN-14514;2026/04/13;Bio Health;Cali;Electrónica;73;750.4;0.25
TXN-14515;2024/01/06;Edu Corp;Cali;Oficina;61;360.84;0.15
TXN-14516;2025/01/31;Bio Health;Barranquilla;Mobiliario;45;1206.95;0.07
TXN-14517;2025/06/19;Tech Corp;Bucaramanga;Servicios;94;435.05;0.04
TXN-14518;2025/01/26;Bio Health;Bucaramanga;Electrónica;5;483.05;0.27
TXN-14519;2025/03/21;Neo Systems;Bucaramanga;Software;83;1047.62;0.21
TXN-14520;2024/04/30;Global Trade;Medellín;Software;6;768.52;0.01
TXN-14521;2025/02/07;EduCorp; Bogo-ta;Mobilia;38;1082.61;0.0
TXN-14522;2025/10/07;Eco Group;Barranquilla;Electrónica;6;358.57;0.09
TXN-14523;2025/06/16;Acme SAS;Cali;Electrónica;74;517.32;0.23
TXN-14524;2026/08/26;Neo Systems;Cali;Oficina;57;65.52;0.25
TXN-14525;2026/07/15;Edu Corp;Barranquilla;Software;74;257.93;0.29
tx_ 14526;2024/11/29;EduCorp;Barranqilla;Oficin ;95;1399.88;0.16
TXN-14527;19-09-2026;Bio Health;Medellin;Oficina;70;358.54;0.2
tx_ 14528;2026/08/10;Acme sas ;BGA;Software;94;184.55;0.07
TXN-14529;2024/05/23;Eco Group;Cali;Mobiliario;79;1357.28;0.02
TXN-14530;2025/09/29;Neo Systems;Cali;Servicios;92;16.35;0.21
TXN-14531;2026/09/26;Eco Group;Cali;Oficina;50;592.69;0.08
TXN-14532;2025/02/19;Eco Group;Cali;Servicios;39;945.34;0.06
TXN-14533;2024/02/05;Tech Corp;Cali;Oficina;78;104.38;0.06
TXN-14534;2026/03/22;Bio Health;Medellín;Mobiliario;91;1383.91;0.02
TXN-14535;2026/07/06;Global Trade;Cali;Software;42;175.35;0.16
TXN-14536;2025/07/21;Edu Corp;Cali;Servicios;82;647.53;0.15
TXN-14537;2026/07/15;Eco Group;Bucaramanga;Servicios;44;625.04;0.07
TXN-14538;2025/04/21;Neo Systems;Barranquilla;Electrónica;10;945.85;0.18
TXN-14539;2024/11/24;Bio Health;Medellín;Software;10;194.0;0.07
TXN-14540;2025/06/24;Eco Group;Bucaramanga;Software;35;413.75;0.11
TXN-14541;2024/04/15;Edu Corp;Medellín;Mobiliario;24;983.12;0.23
TXN-14542;2024/05/01;Neo Systems;Bucaramanga;Servicios;9;123.33;0.23
TXN-14543;2024/03/17;Global Trade;Barranquilla;Servicios;36;1040.51;0.08
TXN-14544;2025/10/09;Tech Corp;Cali;Electrónica;8;1172.74;0.21
TXN-14545;2026/08/30;Neo Systems;Medellín;Oficina;47;1356.8;0.02
TXN-14546;2026/01/21;Global Trade;Bogotá;Electrónica;1;270,59;0.04
TXN-14547;2025/06/26;Neo Systems;Bucaramanga;Mobiliario;30;1076.26;0.05
TXN-14548;2026/07/13;Tech Corp;Bucaramanga;Mobiliario;18;516.34;0.17
TXN-14549;2024/04/13;Global Trade;Bogotá; Servicios ;-52;776,98;0.08
TXN-14550;2026/06/21;Eco Group;Medellín;Electrónica;9;1078.14;0.28
TXN-14551;2024/10/26;Neo Systems;Barranquilla;Servicios;92;412.42;0.05
TXN-14552;2025/01/17;Acme SAS;Cali;Oficina;9;1173.19;0.13
TXN-14553;2026/11/06;Tech Corp;Cali;Mobiliario;59;1428.04;0.29
TXN-14554;04-10-2024;Acme sas ;Barranquilla;Software;-45;1105.21;0.16
TXN-14555;2025/12/29;Neo Systems;Cali;Oficina;68;1455.13;0.1
TXN-14556;2025/03/15;Global Trade;Bogotá;Servicios;57;969.95;0.24
TXN-14557;2026/12/14;Eco Group;Bucaramanga;Servicios;53;48.71;0.24
TXN-14558;06-02-2025;N3o Systems;medeLLin;Oficin ;8;217.36;N/A
TXN-14559;2026/01/08;Eco Group;cali;Software;91;1150.12;0.22
TXN-14560;2026/11/02;Edu Corp;Barranquilla;Oficina;52;29.31;0.15
TXN-14561;2026/08/03;Bio Health;Bogotá;Mobiliario;4;1091.67;0.12
TXN-14562;2024/05/13;Bio Health;Medellín;Software;23;1030.1;0.09
TXN-14563;2024/05/06;Tech Corp;Medellín;Software;90;652.28;0.08
TXN-14564;2025/01/10;Acme SAS;Cali;Oficina;5;1316.26;0.11
TXN-14565;2024/04/23;Edu Corp;Bucaramanga;Servicios;82;542.96;0.23
TXN-14566;2025/01/04;Acme SAS;Barranquilla;Electrónica;80;314.68;0.06
TXN-14567;2026/12/05;Neo Systems;Cali;Oficina;64;78.95;0.24
TXN-14568;2024/02/22;Neo Systems;Medellín;Software;76;1012.19;0.27
TXN-14569;2025/05/22;Eco Group;Barranquilla;Mobiliario;12;1476.77;0.04
TXN-14570;2026/12/28;Bio Health;Medellín;Mobiliario;39;633.67;0.22
TXN-14571;2024/04/06;Global Trade;Bucaramanga;Mobiliario;28;996.53;0.1
TXN-14572;2025/08/27;Tech Corp;Bogotá;Oficina;65;182.98;0.17
TXN-14573;2024/12/13;Edu Corp;Medellín;Software;66;697.74;0.09
TXN-14574;2024/11/18;Edu Corp;Bucaramanga;Software;99;551.81;0.27
tx_ 14575;;N3o Systems;Cali;Mobiliario;20;1483.53;0.17
TXN-14576;2026/07/15;Edu Corp;Cali;Software;66;773.55;0.04
TXN-14577;2024/04/13; Global trade;Medellin;Sftware;-35;1018.92;0.28
TXN-14578;2025/06/18;Neo Systems;Cali;Oficina;79;432.71;0.16
TXN-14579;2026/10/05;Global Trade;Cali;Software;100;1016.35;0.06
TXN-14580;2025/10/17;Bio Health;Bucaramanga;Servicios;71;835.03;0.07
TXN-14581;2025/11/04;Bio Health;Barranquilla;Servicios;65;478.95;0.07
TXN-14582;2026/06/12;Tech Corp;Cali;Mobiliario;75;540.23;0.28
TXN-14583;2024/02/24;Eco Group;Cali;Software;31;837.27;0.14
TXN-14584;2024/01/05;Eco Group;Barranquilla;Oficina;95;484.53;0.1
TXN-14585;2025/07/06;Eco Group;Bogotá;Software;5;1248.64;0.01
TXN-14586;2024/02/01;Global Trade;Medellín;Servicios;93;963.24;0.03
TXN-14587;2024/09/08;Acme SAS;Barranquilla;Mobiliario;94;547.47;0.28
TXN-14588;2024/07/21;Neo Systems;Medellín;Software;72;366.84;0.1
TXN-14589;2026/05/25;Global Trade;Cali;Servicios;9;248.77;0.04
TXN-14590;2026/07/25;Eco Group;Barranquilla;Servicios;67;339.4;0.23
TXN-14591;2024/04/02;Edu Corp;Bogotá;Electrónica;63;619.79;0.21
TXN-14592;2026/08/12;Bio Health;Barranquilla;Software;72;77.84;0.02
TXN-14593;2025/03/31;Tech Corp;Medellín;Software;75;998.04;0.27
TXN-14594;2026/12/15;Eco Group;Barranquilla;Oficina;39;330.77;0.23
TXN-14595;2024/01/12;Bio Health;Bogotá;Oficina;13;944.62;0.1
TXN-14596;2026/08/25;Neo Systems;Cali;Servicios;49;807.13;0.23
TXN-14597;2024/04/13;Neo Systems;Bogotá;Software;38;1063.62;0.23
TXN-14598;2026/07/15;Acme SAS;Medellin;Software;68;1046.71;0.2
TXN-14599;2024/08/03;Tech Corp;Bogotá;Software;89;802.73;0.27
TXN-14600;2025/10/24;Neo Systems;Medellín;Oficina;62;1452.41;0.03
TXN-14601;2026/04/02;Tech Corp;Bogotá;Software;66;1115.25;0.29
TXN-14602;2024/08/28;Acme SAS;Bogotá;Mobiliario;100;1310.23;0.2
TXN-14603;2024/07/08;Global Trade;Bogotá;Servicios;18;994.35;0.14
TXN-14604;2024/07/20;Bio Health;Bogotá;Servicios;43;1001.83;0.11
TXN-14605;2024/11/18;Acme SAS;Cali;Servicios;98;725.14;0.08
TXN-14606;2026/10/27;Tech Corp;Cali;Software;84;1415.97;0.02
TXN-14607;2026/08/08;Tech Corp;Bucaramanga;Electrónica;13;1318.45;0.26
TXN-14608;2025/02/25;Acme sas ;BGA;Mobiliario;6;354.9;0.16
TXN-14609;2025/01/26;Tech Corp;Barranquilla;Electrónica;80;633.1;0.18
TXN-14610;2026/03/30;Edu Corp;Bucaramanga;Software;45;175.07;0.06
TXN-14611;2024/10/09;Global Trade;Bucaramanga;Oficina;60;59.42;0.17
TXN-14612;2024/01/23;Neo Systems;Cali;Oficina;71;481.32;0.08
TXN-14613;2024/08/06;Acme SAS;Cali;Oficina;76;1217.18;0.21
TXN-14614;2025/02/27;Bio Health;Bucaramanga;Servicios;40;1302.56;0.01
TXN-14615;2025/11/12;Global Trade;Medellín;Oficina;31;113.69;0.06
TXN-14616;2025/06/21;Neo Systems;Bucaramanga;Oficina;49;1278.64;0.19
TXN-14617;2024/09/05;Neo Systems;Bogotá;Software;72;1273.68;0.0
TXN-14618;2025/05/29;Neo Systems;Bucaramanga;Mobiliario;14;949.18;0.08
TXN-14619;2026/07/26;Tech Corp;Bucaramanga;Servicios;70;113.14;0.12
TXN-14620;2026/12/16;Acme SAS;Barranquilla;Electrónica;65;485.52;0.07
TXN-14621;2025/01/11;Edu Corp;Medellín;Mobiliario;13;440.05;0.24
TXN-14622;2025/09/09;Tech Corp;Cali;Servicios;69;560.66;0.03
TXN-14623;2026/06/10;Global Trade;Bogotá;Software;47;425.47;0.06
TXN-14624;2024/12/13;Tech Corp;Barranquilla;Oficina;82;197.74;0.28
TXN-14625;2025/09/08;Edu Corp;Medellín;Mobiliario;2;1157.94;0.05
TXN-14626;2024/09/05;Tech Corp;Barranquilla;Electrónica;81;1398.75;0.04
TXN-14627;2025/09/14;Edu Corp;Medellín;Oficina;38;1493.1;0.07
TXN-14628;2026/09/16;Acme SAS;Medellín;Oficina;43;91.01;0.11
TXN-14629;2026/12/04;Neo Systems;Bogotá;Electrónica;2;1375.19;0.06
TXN-14630;2024/05/21;Eco Group;Cali;Software;46;925.82;0.09
TXN-14631;2024/07/05;Eco Group;Barranquilla;Servicios;53;1364.3;0.28
TXN-14632;2026/12/24;Eco Group;Barranquilla;Oficina;69;1213.57;0.26
TXN-14633;2026/07/10;Acme SAS;Medellín;Servicios;72;1123.92;0.04
TXN-14634;2025/05/17;Global Trade;Medellin;Oficina;21;1160.14;0.08
TXN-14635;2025/04/26;Eco Group;Cali;Software;30;774.75;0.17
tx_ 14636;2026/12/06;Eco Group;Bucaramanga;Servicios;55;981.4;0.03
TXN-14637;2025/10/09;Acme SAS;Medellín;Servicios;82;1441.39;0.15
TXN-14638;21-08-2026;Acme SAS;Bogotá; Servicios ;59;46.89;0.01
TXN-14639;2025/06/20;Neo Systems;Barranquilla;Mobiliario;52;1112.95;0.25
TXN-14640;2025/07/02;Eco Group;Barranquilla;Mobiliario;85;1268.4;0.29
TXN-14641;2026/03/25;Bio-Health;Bogota ;Oficina;20;1240.3;0.25
TXN-14642;2026/08/30;Neo Systems;Bogotá;Oficina;65;13.59;0.07
tx_ 14643;2025/04/08;Edu Corp;Medellin;Mobiliario;23;1149.92;0.03
TXN-14644;2026/03/06;Acme SAS;Barranquilla;Servicios;31;1373.82;0.27
TXN-14645;2024/02/17;Eco Group;Barranquilla;Software;21;612.14;0.11
TXN-14646;2025/10/12;Edu Corp;Bogotá;Servicios;21;253.48;0.03
TXN-14647;2026/09/25;Bio Health;Cali;Oficina;9;1083.98;0.21
TXN-14648;2024/11/27;Neo Systems;Cali;Electrónica;98;1238.8;0.28
TXN-14649;2025/09/17;Acme SAS;Cali;Servicios;11;1379.06;0.27
TXN-14650;2026/11/24;Acme SAS;Barranquilla;Software;79;90.69;0.21
TXN-14651;2024/04/27;Acme SAS;Bogotá;Oficina;83;692.37;0.2
TXN-14652;2025/01/29;Eco Group;Bogotá;Mobiliario;37;579.98;0.19
TXN-14653;2026/03/14;Tech Corp;Bucaramanga;Mobiliario;20;1336.23;0.23
TXN-14654;2026/12/22;Eco Group;Bucaramanga;Mobiliario;44;795.49;0.21
TXN-14655;2025/05/27;Bio Health;Bucaramanga;Mobiliario;56;1089.52;0.21
TXN-14656;2025/07/05;Acme SAS;Cali;Oficina;22;300.83;0.28
TXN-14657;2026/03/01;Edu Corp;Bucaramanga;Servicios;36;1128.48;0.01
TXN-14658;2025/08/28;Eco Group;Cali;Software;20;300.53;0.11
TXN-14659;2025/02/03;Neo Systems;Bucaramanga;Oficina;56;782.36;0.24
TXN-14660;2026/01/05;Tech Corp;Bucaramanga;Electrónica;44;33.53;0.28
TXN-14661;2024/05/30;Tech Corp;Medellín;Mobiliario;2;1437,99;0.14
tx_ 14662;2025/03/07;Acme SAS;Bogota ;Electrónica;46;866.96;N/A
TXN-14663;2025/09/18;Global Trade;Bucaramanga;Oficina;11;402.48;0.18
TXN-14664;2026/11/28;Tech Corp;Medellín;Mobiliario;19;800.05;0.11
TXN-14665;2026/12/08;Tech Corp;Bogotá;Oficina;65;1197.69;0.08
TXN-14666;2025/11/18;Edu Corp;Barranquilla;Mobiliario;42;487.2;0.25
TXN-14667;2025/12/11;Tech Corp;Barranquilla;Servicios;89;453.89;0.04
TXN-14668;2024/07/29;Bio Health;Bucaramanga;Electrónica;20;507.88;0.14
TXN-14669;2024/05/09;Neo Systems;Cali;Mobiliario;33;1128.91;0.06
TXN-14670;2024/05/14;Acme SAS;Medellín;Software;82;35.84;0.15
TXN-14671;2025/02/27;Bio Health;Bucaramanga;Oficina;44;501.14;0.02
TXN-14672;2026/08/04;Neo Systems;Bogotá;Oficina;87;1041.86;0.19
TXN-14673;2026/04/10;Bio Health;Cali;Electrónica;56;1490.64;0.21
TXN-14674;2024/03/07;Acme SAS;Bucaramanga;Servicios;54;429.53;0.14
TXN-14675;2026/12/18;Neo Systems;Barranquilla;Mobiliario;76;1028.35;0.1
TXN-14676;2025/08/30;Global Trade;Medellín;Oficina;29;1336.49;0.21
TXN-14677;2025/04/04;Neo Systems;Cali;Mobiliario;62;1232.99;0.16
TXN-14678;2025/10/05;Tech Corp;Bucaramanga;Oficina;22;295.57;0.04
TXN-14679;2024/09/25;Neo Systems;Bucaramanga;Oficina;10;789.73;0.2
TXN-14680;2025/05/05;Tech Corp;Bogotá;Software;67;397.43;0.1
TXN-14681;2026/11/11;Bio Health;Cali;Mobiliario;71;423.66;0.18
TXN-14682;2024/10/18;Edu Corp;Barranquilla;Mobiliario;19;965.35;0.04
TXN-14683;2024/02/24;Edu Corp;Bucaramanga;Mobiliario;27;801.83;0.25
TXN-14684;2025/10/21;Neo Systems;Medellín;Servicios;38;771.64;0.13
TXN-14685;2026/01/04;Neo Systems;Bucaramanga;Software;62;429.44;0.01
TXN-14686;2025/08/06;Bio Health;Medellín;Oficina;75;96.84;0.22
tx_ 14687;2025/07/23;Global Trade;bogota;Mobiliario;78;1440.87;0.27
TXN-14688;23-12-2024;Eko Group;Bogota ;Sftware;100;325,07;0.2
TXN-14689;2026/08/25;Global Trade;Bogotá;Oficina;50;691.67;0.26
TXN-14690;2025/11/24;Neo Systems;Medellín; Servicios ;93;1374.58;0.11
TXN-14691;2026/08/03;Acme SAS;Bogotá;Electrónica;78;1033.08;0.09
TXN-14692;2026/05/20;Edu Corp;Barranquilla;Electrónica;78;693.63;0.26
TXN-14693;2026/09/11;Tech Corp;Bogotá;Electrónica;32;1159.23;0.29
TXN-14694;2026/08/19;Acme SAS;Cali;Electrónica;6;518.66;0.15
TXN-14695;2024/09/16;Bio Health;Bogotá;Oficina;46;829.3;0.26
TXN-14696;2026/03/06;Tech Corp;Barranquilla;Mobiliario;76;1361.64;0.29
TXN-14697;2024/10/03;Acme SAS;Cali;Oficina;80;928.6;0.17
TXN-14698;2024/06/04;Acme SAS;Cali;Servicios;47;717.21;0.05
TXN-14699;2025/11/17;Bio Health;Medellín;Mobiliario;10;452.93;0.3
TXN-14700;2024/03/19;Tech Corp;Cali;Oficina;77;742.46;0.27
TXN-14701;2024/10/23;Tech Corp;Bogotá;Oficina;71;460.58;0.03
TXN-14702;2024/09/30;Edu Corp;Bogotá;Oficina;81;20.9;0.3
TXN-14703;;Bio-Health; Bogo-ta;Oficina;12;892.33;0.16
TXN-14704;;Tech Corp;bogota;Software;9;1284.31;0.18
TXN-14705;2024/10/24;Tech Corp;Barranquilla;Mobiliario;57;303.51;0.03
TXN-14706;2026/03/20;Edu Corp;Bogotá;Servicios;65;1473.5;0.01
tx_ 14707;2026/11/05;Tech Corp;cali;Mobilia;18;332.11;0.03
TXN-14708;2024/04/15;Bio Health;Bogotá;Electrónica;12;638.95;0.19
TXN-14709;2025/06/24;Global Trade;Cali;Servicios;94;584.44;0.1
TXN-14710;2025/09/30;Global Trade;Medellín;Mobiliario;45;780.73;0.12
TXN-14711;2026/08/13;Global Trade;Bucaramanga;Software;89;922.82;0.2
TXN-14712;2025/12/13;Eco Group;Medellín;Oficina;37;1220.85;0.25
TXN-14713;2024/05/30;Acme SAS;Bucaramanga;Oficina;30;109.23;0.28
TXN-14714;2024/12/20;Bio Health;Barranquilla;Electrónica;36;1199.21;0.11
TXN-14715;2024/02/18;Global Trade;Bucaramanga;Oficina;87;221.17;0.23
TXN-14716;2025/02/22;Tech Corp;Bogotá;Software;42;334.5;0.13
tx_ 14717;2025/02/11;Bio Health;Medellin;Mobilia;43;1396.56;0.29
TXN-14718;2024/09/29;Tech Corp;Barranquilla;Electrónica;17;507.52;0.1
TXN-14719;2025/03/25;Neo Systems;Medellín;Mobiliario;69;299.91;0.28
TXN-14720;2025/10/07;Neo Systems;Bucaramanga;Electrónica;91;545.72;0.04
TXN-14721;2026/04/02;Global Trade;Bogota ;Servicios;44;978.76;0.2
TXN-14722;2024/06/28;Acme SAS;Barranquilla;Servicios;26;1465.65;0.03
TXN-14723;2025/11/11;Tech Corp;Barranquilla;Electrónica;97;736.92;0.21
TXN-14724;2024/05/03;Tech Corp;Barranquilla;Mobiliario;23;324.33;0.03
TXN-14725;2026/12/08;Eco Group;Barranquilla;Electrónica;68;1356.27;0.03
TXN-14726;2025/03/25;Edu Corp;Bucaramanga;Mobiliario;53;858.19;0.1
TXN-14727;2025/02/08;Edu Corp;Cali;Software;98;1351.9;0.02
TXN-14728;2025/06/27;Bio Health;Bucaramanga;Mobiliario;69;1434.81;0.04
TXN-14729;2025/12/19;Bio Health;Barranquilla;Electrónica;86;1050.95;0.08
TXN-14730;2024/05/24;Neo Systems;Medellín;Servicios;80;457.33;0.15
TXN-14731;2024/09/01;Global Trade;Cali;Software;25;641.07;0.26
TXN-14732;2025/03/15;Edu Corp;Cali;Servicios;35;391.84;0.01
TXN-14733;2025/01/21;Eco Group;Bogotá;Servicios;4;387.91;0.01
TXN-14734;2025/08/04;Eco Group;Bogotá;Electrónica;48;519.59;0.26
TXN-14735;2026/09/08;Neo Systems;Bucaramanga;Electrónica;16;262.13;0.1
TXN-14736;2026/03/22;Tech Corp;Cali;Oficina;65;1232.84;0.13
TXN-14737;2024/06/11;Tech Corp;Bogotá;Mobiliario;3;1369.01;0.26
TXN-14738;2026/05/23;Global Trade;Barranquilla;Servicios;68;606.09;0.12
TXN-14739;2026/04/28;Neo Systems;Medellín;Servicios;2;714.14;0.2
TXN-14740;2026/05/15;Global Trade;Bucaramanga;Electrónica;77;61.01;0.09
TXN-14741;2024/11/15;Bio Health;Barranquilla;Oficina;41;1190.33;0.09
TXN-14742;2025/09/29;Edu Corp;Barranquilla;Oficina;56;1303.25;0.03
TXN-14743;2024/06/20;Edu Corp;Bucaramanga;Oficina;30;1288.17;0.12
TXN-14744;2025/09/13;Acme SAS;Barranquilla;Servicios;37;655.33;0.02
TXN-14745;;tech corp;Cali;Software;91;96,12;0.02
TXN-14746;2025/04/03;Tech Corp;Bogotá;Software;92;1055.76;0.05
TXN-14747;2024/02/14;Acme SAS;Bucaramanga;Oficina;71;1440.53;0.07
TXN-14748;2026/06/14;Global Trade;Bucaramanga;Software;40;679.37;0.17
TXN-14749;2026/07/13;Neo Systems;Barranquilla;Servicios;86;1017.8;0.16
TXN-14750;2024/05/23;Acme SAS;Bogotá;Software;84;648.18;0.04
TXN-14751;2024/07/07;Neo Systems;Bucaramanga;Servicios;74;1217.82;0.26
tx_ 14752;03-10-2026;EduCorp;Bucaramanga;Servicios;29;358.19;0.19
tx_ 14753;2024/11/24;tech corp;cali;Electrónica;31;133,69;N/A
TXN-14754;2025/11/09;Acme SAS;Medellín;Software;80;1169.44;0.28
TXN-14755;2026/04/08;Acme SAS;Barranquilla;Mobiliario;48;50.54;0.28
TXN-14756;2026/12/07;Eco Group;medeLLin;Mobiliario;95;406.82;0.22
TXN-14757;2025/02/26;Neo Systems;Bogotá;Electrónica;30;15.53;0.15
TXN-14758;2024/07/21;Eco Group;Bucaramanga;Oficin ;99;848.48;0.23
TXN-14759;04-08-2024;Global Trade;Bogotá;Mobilia;21;957,96;0.08
TXN-14760;2024/05/09;Bio Health;Barranquilla;Mobiliario;9;582.22;0.21
TXN-14761;2026/06/24;Neo Systems;Cali; Servicios ;22;609.14;0.04
TXN-14762;2025/01/27;Bio Health;Medellín;Software;36;627.19;0.25
TXN-14763;2024/12/28;Edu Corp;Medellín;Oficina;61;1291.57;0.2
TXN-14764;2024/05/23;Eco Group;Barranquilla;Oficina;14;326.39;0.2
TXN-14765;2025/01/27;Bio Health;Barranquilla;Servicios;24;1060.0;0.19
TXN-14766;2026/11/08;Edu Corp;Barranquilla;Servicios;7;129.89;0.08
TXN-14767;2026/05/11;Tech Corp;Medellín;Electrónica;21;931.0;0.23
TXN-14768;2024/11/20;Neo Systems;Bogotá;Software;96;36.13;0.22
TXN-14769;2025/03/23;Acme SAS;Cali;Servicios;38;725.58;0.09
TXN-14770;2024/07/21;Edu Corp;Bogotá;Servicios;22;826.46;0.29
TXN-14771;2025/01/24;Acme SAS;Bogotá;Mobiliario;46;1361.83;0.26
TXN-14772;2025/06/11;Neo Systems;Medellín;Mobiliario;99;1024.42;0.22
TXN-14773;2024/03/26;tech corp;Bogotá;Software;85;846.7;0.08
TXN-14774;2025/07/20;Tech Corp;Bogotá;Mobiliario;36;432.99;0.21
TXN-14775;2024/12/09;Neo Systems;Barranquilla;Oficina;38;828.92;0.13
TXN-14776;2025/04/04;Edu Corp;Bogotá;Software;70;1199.43;0.07
TXN-14777;2025/06/23;Tech Corp;Medellín;Electrónica;79;414.3;0.15
TXN-14778;2024/06/10;Acme SAS;Medellín;Electrónica;99;1149.09;0.17
TXN-14779;2025/06/12;Bio Health;Cali;Oficina;45;396.83;0.02
TXN-14780;2026/09/26;Edu Corp;Bucaramanga;Electrónica;9;273.13;0.05
TXN-14781;2024/03/30;Neo Systems;Barranquilla;Oficina;79;437.78;0.21
TXN-14782;2025/03/30;Bio Health;Bucaramanga;Servicios;9;240.79;0.22
TXN-14783;2024/01/24;Acme SAS;Bucaramanga;Electrónica;14;75.48;0.27
tx_ 14784;2025/09/03;Bio Health;Barranquilla;Servicios;32;373.35;0.08
TXN-14785;2025/11/04;Global Trade;Medellín;Servicios;9;1332.46;0.04
TXN-14786;2025/07/11;Bio Health;Bucaramanga;Electrónica;97;1130.01;0.04
TXN-14787;13-08-2025;Eko Group;Barranquilla;Servicios;88;603.22;0.09
TXN-14788;2025/08/28;Tech Corp;Cali;Software;20;330.32;0.06
TXN-14789;27-10-2025;EduCorp;Barranqilla;Mobiliario;60;893.58;0.04
TXN-14790;2025/09/02;Edu Corp;Barranquilla;Software;5;902.71;0.15
TXN-14791;2024/02/28;Global Trade;Bucaramanga;Mobiliario;83;961.78;0.03
TXN-14792;2025/03/07;Acme SAS;Medellín;Servicios;61;229.82;0.1
TXN-14793;2026/12/07;Neo Systems;Medellín;Electrónica;54;681.25;0.27
TXN-14794;2025/03/31;Tech Corp;Bogotá;Mobiliario;38;1310.89;0.29
TXN-14795;2025/01/15;Neo Systems;Bucaramanga;Oficina;94;1378.91;0.16
TXN-14796;2025/05/30;Bio Health;Barranquilla;Electrónica;58;337.43;0.25
TXN-14797;2025/02/23;Bio Health;Bogotá;Software;42;695.87;0.3
TXN-14798;2024/09/29;Tech Corp;Bucaramanga;Servicios;1;60.41;0.15
TXN-14799;2024/01/23;Global Trade;Bucaramanga;Software;71;929.87;0.12
TXN-14800;2026/02/22; Global trade;bogota;Sftware;53;422.52;0.21
TXN-14801;2025/11/17;Global Trade;Bucaramanga;Mobiliario;91;1145.0;0.14
TXN-14802;2026/10/03;Neo Systems;Bogotá;Servicios;92;677.93;0.23
TXN-14803;2026/02/21;N3o Systems;Barranquilla;Electrónica;62;458.18;0.13
TXN-14804;2026/05/24;Global Trade;Cali;Electrónica;74;217.89;0.08
TXN-14805;2024/02/29;Edu Corp;Bucaramanga;Software;84;1009.01;0.11
TXN-14806;2026/08/25;Global Trade;Bucaramanga;Software;98;1448.18;0.08
TXN-14807;2025/01/19;Edu Corp;Barranquilla;Electrónica;95;862.52;0.04
tx_ 14808;;Tech Corp; Bogo-ta;Mobilia;10;1029.03;0.28
TXN-14809;2025/12/17;Tech Corp;Barranquilla;Electrónica;82;995.45;0.18
TXN-14810;2026/02/04;Neo Systems;Bucaramanga;Electrónica;36;49.16;0.03
TXN-14811;2025/06/29;Neo Systems;Barranquilla;Oficina;47;660.46;0.16
TXN-14812;2026/06/29;Global Trade;Barranquilla;Oficina;23;60.67;0.29
TXN-14813;2024/06/07;Global Trade;Bogotá;Software;80;1474.41;0.2
TXN-14814;2026/06/29;Eco Group;Medellin;Mobilia;54;630.96;0.16
TXN-14815;19-07-2025;Neo Systems;Barranquilla;Servicios;14;1144.73;0.22
TXN-14816;2026/08/31;Bio Health;Barranquilla;Servicios;87;81.54;0.01
TXN-14817;2025/12/03;Neo Systems;Bogotá;Servicios;72;1023.43;0.06
TXN-14818;2025/11/04;Global Trade;Cali;Mobiliario;19;250.47;0.08
TXN-14819;2025/08/27;Global Trade;Bogota ;Software;-17;777.49;0.19
TXN-14820;2026/11/08;Acme SAS;Cali;Oficina;82;967.97;0.09
TXN-14821;2024/02/17;Edu Corp;Medellín;Oficina;30;1180.54;0.14
TXN-14822;22-11-2026;Neo Systems;bogota;Servicios;33;749.4;0.19
TXN-14823;2025/09/16;Bio Health;Cali;Electrónica;3;530.54;0.29
TXN-14824;2024/08/28;Bio Health;Bogotá;Servicios;83;237.81;0.12
TXN-14825;2025/08/22;Eco Group;Cali;Servicios;69;997.53;0.21
TXN-14826;2024/03/16;Acme SAS;Medellín;Electrónica;83;1427.3;0.14
TXN-14827;2024/10/04;Neo Systems;Medellín;Software;83;1477.2;0.06
TXN-14828;2025/09/14;Bio Health;Bucaramanga;Mobiliario;39;718.7;0.14
TXN-14829;2024/01/05;Tech Corp;Bucaramanga;Oficina;42;352.57;0.1
TXN-14830;2024/03/16;Bio Health;Bogotá;Oficina;41;1085.14;0.05
TXN-14831;2026/10/31;Edu Corp;Medellín;Software;38;630.56;0.18
TXN-14832;2024/06/07;Eco Group;Cali;Servicios;10;897.24;0.03
TXN-14833;2025/01/03;Global Trade;Bogotá;Oficina;66;1458.28;0.15
TXN-14834;2026/10/27;Bio Health;Medellín;Mobiliario;9;1183.37;0.14
TXN-14835;2026/10/16;Eco Group;Bucaramanga;Oficina;94;1317.89;0.2
TXN-14836;2025/12/19;Tech Corp;Barranquilla;Servicios;63;1477.32;0.17
TXN-14837;2025/07/24;tech corp;Bucaramanga;Mobilia;49;261.5;N/A
TXN-14838;2025/02/21;Eco Group;Cali;Software;31;477.52;0.26
TXN-14839;2024/02/21;Edu Corp;Medellín;Servicios;43;1267.81;0.24
TXN-14840;2026/02/15;Eco Group;Bogotá;Software;87;190.7;0.08
TXN-14841;2026/01/02;Global Trade;Barranquilla;Mobiliario;42;901.57;0.24
TXN-14842;2024/03/04;Neo Systems;Barranquilla;Servicios;92;490.28;0.24
TXN-14843;2026/06/10;Edu Corp;Bogotá;Software;15;664.64;0.27
TXN-14844;2026/04/17;Tech Corp;Bucaramanga;Electrónica;78;1360.45;0.05
TXN-14845;2026/01/02;Edu Corp;Cali;Electrónica;61;394.42;0.15
TXN-14846;2026/09/04;tech corp;BGA;Servicios;16;1248,44;0.22
TXN-14847;2026/10/27;Global Trade;Barranquilla;Oficina;15;544.37;0.28
TXN-14848;2025/05/29;Tech Corp;Bucaramanga;Mobiliario;85;842.74;0.05
TXN-14849;2025/08/21;Neo Systems;Medellín;Oficina;38;847.67;0.21
TXN-14850;2025/06/12;Eco Group;Barranquilla;Software;80;115.23;0.18
TXN-14851;2025/04/20;Bio Health;Bucaramanga;Servicios;73;1251.58;0.2
TXN-14852;2024/07/12;Acme SAS;Cali;Electrónica;72;877.6;0.06
TXN-14853;2025/10/16;Edu Corp;Barranquilla;Servicios;46;1253.31;0.13
TXN-14854;2025/09/30;Acme SAS;Medellín;Oficina;76;340.45;0.21
TXN-14855;16-02-2025;Tech Corp;Medellín;Electrónica;32;1293.73;N/A
TXN-14856;2026/04/30;Tech Corp;Cali;Servicios;89;1393.1;0.17
TXN-14857;2024/10/02;Acme sas ;Barranquilla;Mobilia;-41;140.17;0.1
TXN-14858;2026/11/12;Eco Group;Barranquilla;Oficina;73;660.37;0.17
TXN-14859;2024/07/03;Global Trade;Cali;Software;12;803.73;0.18
TXN-14860;2026/01/23;Eko Group;Barranquilla;electronica;80;535.88;0.09
tx_ 14861;2024/08/22;Eko Group;cali;Servicios;64;836,11;0.06
TXN-14862;2025/05/31;Acme sas ;bogota;Software;14;1164.93;0.01
TXN-14863;2025/01/23;Bio Health;Medellín;Oficina;43;459.04;0.12
TXN-14864;2024/03/31;Neo Systems;Medellín;Oficina;79;1175.19;0.25
TXN-14865;2024/12/31;Neo Systems;Barranquilla;Oficina;39;811.48;0.17
TXN-14866;2026/08/30;Tech Corp;Barranquilla;Software;25;744.93;0.07
TXN-14867;2024/09/11;Edu Corp;Bucaramanga;Servicios;98;1375.47;0.12
TXN-14868;2026/01/01;Tech Corp;Bucaramanga;Mobiliario;84;529.49;0.0
TXN-14869;2024/07/22;N3o Systems;Barranqilla;Electrónica;63;1462.57;0.23
TXN-14870;2025/08/21;Acme SAS;Bogotá;Mobiliario;9;476.89;0.03
TXN-14871;2026/08/23;Tech Corp;Bogotá;Electrónica;21;880.75;0.09
TXN-14872;2024/01/12;Eco Group;Medellín;Software;3;668.45;0.12
TXN-14873;2026/10/28;Neo Systems;Barranquilla;Software;74;156.88;0.01
TXN-14874;2026/08/15;Global Trade;Bogotá;Servicios;21;1244.91;0.09
TXN-14875;2026/06/02;Neo Systems;Bogotá;Servicios;58;297.68;0.14
TXN-14876;2025/01/07;Global Trade;Barranquilla;Servicios;92;777.82;0.23
TXN-14877;08-01-2025;Acme sas ;Bucaramanga;Oficin ;65;586.54;0.06
TXN-14878;2026/10/26;Edu Corp;Bogotá;Software;7;894.28;0.06
TXN-14879;2025/10/01;Tech Corp;Bogotá;Oficina;55;270.69;0.27
TXN-14880;2024/01/15;Tech Corp;Cali;Servicios;90;570.17;0.16
TXN-14881;2025/06/28;Edu Corp;Bucaramanga;Oficina;59;1305.97;0.02
TXN-14882;2025/04/30;Acme SAS;Medellín;Electrónica;94;1469.06;0.1
TXN-14883;2024/04/13;Bio Health;Barranquilla;Oficina;57;1141.49;0.21
TXN-14884;2024/09/19;Bio-Health;Barranquilla;Electrónica;67;650.04;0.14
tx_ 14885;11-03-2026;Bio Health;Bucaramanga;Mobilia;12;288.47;0.15
TXN-14886;;Eco Group;bogota;Oficin ;19;565.28;0.28
TXN-14887;2026/01/04;Global Trade;Bucaramanga;Mobiliario;46;402.46;0.03
TXN-14888;2026/11/04;Bio Health;Barranquilla;Servicios;66;137.38;0.27
TXN-14889;2024/04/09;Edu Corp;Cali;Mobiliario;38;1090.53;0.1
TXN-14890;2025/02/23;Neo Systems;Medellín;Software;16;1298.18;0.08
TXN-14891;03-06-2024;Acme SAS;cali;Mobilia;64;520.26;0.15
TXN-14892;2025/03/29;Eco Group;Bucaramanga;Oficina;29;426.31;0.16
TXN-14893;2025/08/08;Tech Corp;Barranquilla;Servicios;85;473.01;0.13
TXN-14894;2026/07/23;Bio Health;Barranquilla;Software;45;33.78;0.24
TXN-14895;2026/11/25;tech corp;BGA;Oficin ;93;492.67;0.12
TXN-14896;2026/05/14;Edu Corp;Medellín;Servicios;44;225.26;0.04
TXN-14897;2026/09/30;Acme SAS; Bogo-ta;Mobiliario;84;776.41;0.22
TXN-14898;2026/09/30;Bio Health;Bogotá;Software;12;609.29;0.24
TXN-14899;2025/08/17;Tech Corp;Bucaramanga;Electrónica;8;976.96;0.29
TXN-14900;2025/02/14;Global Trade;Cali;Electrónica;63;508.74;0.15
TXN-14901;2025/02/04;Eco Group;Medellín;Electrónica;92;1256.09;0.2
TXN-14902;2024/11/18;Acme SAS;Cali;Electrónica;15;513.1;0.17
TXN-14903;2025/03/15;Acme SAS;Bogotá;Mobiliario;54;1323.08;0.05
TXN-14904;2026/12/28;Edu Corp;Barranquilla;Electrónica;48;789.7;0.19
tx_ 14905;2026/01/20;N3o Systems;Cali;Oficin ;1;1021.86;0.08
TXN-14906;2025/07/18;Eco Group;Medellín;Electrónica;1;1119.98;0.24
TXN-14907;2025/12/28;Neo Systems;Barranquilla;Servicios;80;13.04;0.12
TXN-14908;2024/10/04;Eco Group;Cali;Software;39;908.6;0.21
TXN-14909;2026/07/11;Tech Corp;Medellín;Servicios;29;1100.29;0.17
TXN-14910;2024/06/09; Global trade;Bogota ;Servicios;8;233.04;N/A
TXN-14911;2026/09/15;Global Trade;Cali;Mobiliario;78;1070.84;0.25
TXN-14912;2024/12/08;Bio Health;Medellín;Software;17;1384.31;0.04
TXN-14913;2026/08/14;Tech Corp;Cali;Electrónica;34;1375.91;0.09
TXN-14914;2025/04/24;Global Trade;Bucaramanga;Software;82;1163.03;0.16
TXN-14915;2024/07/28;Bio Health;Cali;Servicios;3;708.82;0.08
TXN-14916;2025/08/31;Global Trade;Bucaramanga;Software;61;578.12;0.02
TXN-14917;2026/02/19;Acme SAS;Bucaramanga;Servicios;54;1374.0;0.12
TXN-14918;2025/05/16;Edu Corp;Bucaramanga;Oficina;31;1456.32;0.16
TXN-14919;2024/12/13;Global Trade;Medellín;Software;68;279.37;0.03
TXN-14920;2024/05/05;Global Trade;Barranquilla;Electrónica;33;832.51;0.0
TXN-14921;2026/08/04;Eco Group;Cali;Electrónica;92;1114.92;0.23
TXN-14922;2025/10/26;Edu Corp;Medellín;Software;1;307.07;0.21
TXN-14923;2024/03/17;Eco Group;Cali;Software;77;541.78;0.13
TXN-14924;2025/07/24;Edu Corp;Barranquilla;Servicios;64;1370.85;0.03
TXN-14925;2024/10/30;Bio Health;Bogotá;Software;13;1158.39;0.25
TXN-14926;2025/04/02;Acme SAS;Barranquilla;Software;2;1313.58;0.19
TXN-14927;2026/10/31;Eco Group;Cali;Software;30;211.42;0.01
TXN-14928;2024/10/14;Tech Corp;Barranquilla;Software;62;1414.59;0.12
TXN-14929;2026/09/05;Acme SAS;Cali;Software;13;955.66;0.26
TXN-14930;2026/04/23;Eco Group;Bucaramanga;Servicios;2;1338.0;0.15
TXN-14931;;Edu Corp;medeLLin;Oficina;91;70.63;N/A
TXN-14932;2026/03/19; Global trade;Bogotá;Oficin ;99;627,1;0.27
TXN-14933;2026/07/12;Bio Health;Bogotá;Mobiliario;22;530.62;0.12
TXN-14934;2025/04/14;Tech Corp;Barranquilla;Oficina;11;87.94;0.11
TXN-14935;2024/06/22;Neo Systems;Cali;Electrónica;9;412.63;0.17
TXN-14936;2024/05/18;tech corp;bogota;Software;95;298.78;0.13
TXN-14937;;Eco Group; Bogo-ta;Oficina;30;128.07;N/A
TXN-14938;2025/11/22;Edu Corp;Bogotá;Oficina;90;84.74;0.08
TXN-14939;2024/05/30;Tech Corp;Barranquilla;Mobiliario;73;866.62;0.26
TXN-14940;2025/11/11;Edu Corp;Bucaramanga;Servicios;54;389.97;0.09
TXN-14941;2025/04/14;Acme SAS;Medellín;Mobiliario;6;782.47;0.21
TXN-14942;2026/04/27;Eco Group;Bogotá;Software;81;741.21;0.15
TXN-14943;2024/03/27;Acme SAS;Bogotá;Electrónica;94;194.58;0.02
TXN-14944;2024/10/11;Tech Corp;Medellín;Oficina;2;436.34;0.09
TXN-14945;2024/10/14;Bio Health;Barranquilla;Servicios;92;1302.62;0.1
TXN-14946;30-07-2026;Bio-Health;Cali;Servicios;71;205.6;N/A
TXN-14947;2025/10/18;Tech Corp;Barranquilla;Servicios;78;408.42;0.06
TXN-14948;2026/11/13;Bio Health;Bucaramanga;Electrónica;48;1350.23;0.12
TXN-14949;2026/09/04;Edu Corp;Medellín;Servicios;44;545.23;0.18
TXN-14950;2024/11/05;Eco Group;Cali;Oficina;73;756.78;0.14
TXN-14951;2024/01/04;Edu Corp;Cali;Software;24;973.82;0.01
TXN-14952;2024/04/25;Bio Health;Bogotá;Servicios;31;659.73;0.05
TXN-14953;2026/12/16;Neo Systems;Bogotá;Oficina;92;629.37;0.12
TXN-14954;;EduCorp;Barranqilla;Electrónica;29;198.58;0.09
TXN-14955;2025/08/03;Global Trade;Bogotá;Mobiliario;100;1496.08;0.1
TXN-14956;13-05-2024;Acme sas ;cali; Servicios ;74;1458.59;N/A
TXN-14957;2024/01/23;Neo Systems;Barranquilla;Software;44;1010.76;0.3
TXN-14958;2024/07/02;Global Trade;Cali;Oficina;4;210.15;0.08
TXN-14959;2026/06/13;Tech Corp;Bucaramanga;Servicios;23;459.84;0.06
TXN-14960;2024/03/31;Bio Health;Bogotá;Mobiliario;52;1287.74;0.16
TXN-14961;2025/12/14;Bio Health;Bogotá;Mobiliario;67;553.68;0.19
TXN-14962;2024/05/18;Global Trade;Cali;Servicios;15;506.71;0.13
TXN-14963;2026/09/11;Bio Health;Barranquilla;Mobiliario;2;1357.95;0.19
TXN-14964;2024/11/04;Tech Corp;Bogotá;Oficina;56;431.54;0.03
TXN-14965;2025/04/06;Eco Group;Barranquilla;Software;2;543.76;0.03
TXN-14966;2026/09/16;Edu Corp;Cali;Mobiliario;93;1122.66;0.05
TXN-14967;23-11-2025;Tech Corp;Medellin;electronica;43;56.88;0.14
TXN-14968;2024/09/12;Eco Group;Barranquilla;Software;92;1397.31;0.16
TXN-14969;2024/12/25;Eco Group;Bogotá;Servicios;36;1326.03;0.18
TXN-14970;2024/03/13;Edu Corp;Bogotá;Oficina;28;10.55;0.19
TXN-14971;2025/05/16;Edu Corp;Bogotá;Software;6;858.81;0.15
TXN-14972;2025/03/28;Global Trade;Barranquilla;Electrónica;28;1240.68;0.04
TXN-14973;2026/08/10;Neo Systems;Barranquilla;Mobiliario;58;622.32;0.27
TXN-14974;2024/01/21;Edu Corp;Bucaramanga;Servicios;11;1376.19;0.19
TXN-14975;2026/05/20;Global Trade;Barranquilla;Electrónica;48;15.28;0.04
tx_ 14976;2026/01/14;Acme sas ;Barranqilla;Electrónica;50;1113.58;0.06
TXN-14977;2026/05/02;Eco Group;Cali;Electrónica;58;1352.63;0.11
TXN-14978;2024/06/10;Bio Health;Bucaramanga;Oficina;73;1411.43;0.04
TXN-14979;2026/08/31;Tech Corp;Barranquilla;Mobiliario;38;1135.09;0.1
TXN-14980;2024/09/11;Edu Corp;Bogotá;Oficina;95;455.81;0.16
TXN-14981;2026/02/18;Bio-Health;medeLLin;Oficina;42;1247.8;0.08
TXN-14982;2025/11/12;Bio Health;Cali;Electrónica;55;1359.63;0.19
TXN-14983;2026/12/22;Edu Corp;Barranquilla;Electrónica;39;112.77;0.16
TXN-14984;2024/06/29;Tech Corp;Barranquilla;Servicios;42;132.51;0.06
TXN-14985;2026/05/21;Edu Corp;Medellín;Software;45;690.48;0.23
TXN-14986;2026/02/13;Eco Group;Bucaramanga;Mobiliario;79;689.25;0.28
TXN-14987;21-05-2026;Global Trade;Barranquilla;Mobilia;-74;708,86;0.21
TXN-14988;2024/04/12;Bio Health;Barranquilla;Electrónica;27;803.64;0.16
TXN-14989;2024/09/26;Edu Corp;Barranquilla;Mobiliario;80;1167.9;0.27
TXN-14990;2024/05/16;Tech Corp;Medellín;Software;86;1263.74;0.3
TXN-14991;2025/02/14;Neo Systems;Bogotá;Mobiliario;4;882.5;0.11
TXN-14992;2026/07/26;Tech Corp;Bogotá;Mobiliario;64;1148.31;0.3
TXN-14993;2025/04/23;Bio Health;Bucaramanga;Servicios;24;335.96;0.18
TXN-14994;2025/06/02;Tech Corp;Cali;Electrónica;33;921.52;0.07
TXN-14995;2024/05/21;Eco Group;Medellín;Servicios;91;150.87;0.13
TXN-14996;2026/02/04;Neo Systems;Cali;Oficina;2;149.57;0.27
tx_ 14997;2026/06/09;Eko Group;medeLLin;Electrónica;89;113.74;0.26
TXN-14998;2024/12/13;Tech Corp;Barranquilla;Software;40;417.3;0.02
TXN-14999;2025/09/04;Edu Corp;Barranquilla;Servicios;88;92.67;0.09
TXN-15000;2026/11/21;Eco Group;Medellín;Oficina;86;306.14;0.18
TXN-15001;2024/11/15;Neo Systems;Bucaramanga;Electrónica;91;265.1;0.01
TXN-15002;2026/04/16;Global Trade;Cali;Oficina;23;117.03;0.28
TXN-15003;2026/07/29;Edu Corp;Barranquilla;Servicios;61;1033.74;0.21
TXN-15004;2026/02/05;Eco Group;Medellín;Oficina;93;879.66;0.19
TXN-15005;2024/01/03;Eco Group;Cali;Software;34;613.77;0.04
TXN-15006;2025/09/18;Bio Health;Bogota ;Oficina;79;146,28;0.14
TXN-15007;2026/09/05;Global Trade;Bogotá;Electrónica;14;1037.55;0.18
TXN-15008;2025/01/26;Tech Corp;Medellín;Oficina;42;225.93;0.23
TXN-15009;2024/10/25;Global Trade;Cali;Electrónica;36;533.46;0.03
TXN-15010;2026/08/08;Edu Corp;Barranquilla;Servicios;22;1422.25;0.12
TXN-15011;2024/12/22;Neo Systems;Medellín;Software;13;688.99;0.03
TXN-15012;2025/08/23;Neo Systems;Barranquilla;Software;76;77.0;0.22
TXN-15013;2025/05/14;Tech Corp;Bogotá;Software;35;262.02;0.06
TXN-15014;2024/12/07;Global Trade;Medellín;Software;26;1239.79;0.04
TXN-15015;2026/05/19;Edu Corp;Bucaramanga;Mobiliario;26;324.4;0.15
TXN-15016;2025/03/31;Bio Health;Bogotá;Electrónica;1;395.76;0.19
TXN-15017;2024/06/17;Bio Health;Barranquilla;Servicios;38;935.34;0.16
TXN-15018;2026/02/05;Global Trade;Bucaramanga;Servicios;67;1457.83;0.15
TXN-15019;2025/12/15;Eco Group;Bucaramanga;Servicios;73;811.45;0.19
TXN-15020;2026/05/29;Edu Corp;Bogotá;Servicios;50;799.25;0.15
TXN-15021;2025/07/18;Neo Systems;Medellín;Mobiliario;67;938.47;0.08
TXN-15022;2024/11/25;Bio Health;Bucaramanga;Oficina;74;979.59;0.11
TXN-15023;2025/01/21;Tech Corp;Cali;Servicios;52;1290.73;0.19
TXN-15024;2026/09/25;Tech Corp;Barranquilla;Mobiliario;26;1024.15;0.2
TXN-15025;2026/08/10;Neo Systems;Bogotá;Electrónica;7;794.52;0.14
TXN-15026;2025/01/02;Eco Group;Bucaramanga;Mobiliario;94;71.8;0.05
TXN-15027;2025/03/29;Acme SAS;Bogotá;Software;97;1331.31;0.12
tx_ 15028;2024/10/08;Acme SAS;BGA;Mobiliario;79;1278,97;0.17
TXN-15029;2024/05/16;Tech Corp;Bogotá;Mobiliario;72;1128.77;0.0
TXN-15030;2025/05/19;Neo Systems;Bogotá;Electrónica;80;647.41;0.18
TXN-15031;2025/09/25;Global Trade;Bucaramanga;Mobiliario;62;1288.95;0.09
TXN-15032;2024/04/08;Eco Group;Barranquilla;Mobiliario;87;1486.91;0.06
TXN-15033;2026/01/31;Global Trade;Medellín;Oficina;12;1008.21;0.24
TXN-15034;2025/09/10;Eco Group;Bogotá;Electrónica;90;924.22;0.25
TXN-15035;2026/07/24;Neo Systems;Bucaramanga;Electrónica;28;1188.38;0.01
TXN-15036;2025/08/22;Edu Corp;Barranquilla;Electrónica;50;685.39;0.01
TXN-15037;2025/09/23;Bio Health;Cali;Oficina;61;437.55;0.13
TXN-15038;2024/10/10;Tech Corp;Barranquilla;Software;44;1024.79;0.23
TXN-15039;2024/06/20;Tech Corp;Bogotá;Oficina;53;495.48;0.28
TXN-15040;2026/04/24;Eco Group;Barranquilla;Oficina;95;212.65;0.15
TXN-15041;2025/08/09;Global Trade;Cali;Mobiliario;79;1464.79;0.02
TXN-15042;2026/12/16;Eco Group;Bucaramanga;Servicios;16;353.59;0.15
TXN-15043;2026/07/07;EduCorp;bogota;Software;81;213,25;N/A
TXN-15044;2026/10/29;Tech Corp;Bogotá;Oficina;24;1415.92;0.24
TXN-15045;2025/09/29;Eco Group;Bucaramanga;Servicios;3;593.4;0.13
TXN-15046;2024/04/30;Edu Corp;Cali;Electrónica;53;132.54;0.11
TXN-15047;2025/12/12;Bio Health;Medellín;Mobiliario;43;53.19;0.05
TXN-15048;2024/04/03;Eco Group;Bogotá;Mobiliario;98;527.35;0.28
TXN-15049;2026/07/16;Neo Systems;Cali;Oficina;42;442.14;0.14
TXN-15050;2024/08/01;Bio Health;Bucaramanga;Servicios;96;1398.78;0.1
TXN-15051;2024/06/06;Eko Group;bogota;Oficina;39;1324.26;N/A
TXN-15052;2026/05/23;Bio Health;Medellín;Software;29;987.4;0.27
TXN-15053;2026/11/23;Tech Corp;Bogotá;Servicios;66;1386.57;0.12
TXN-15054;2024/07/01;Global Trade;Medellín;Software;39;49.29;0.15
TXN-15055;2024/05/18;Global Trade;Bucaramanga;Oficina;1;1067.24;0.01
TXN-15056;2024/06/23;Acme SAS;Bucaramanga;Oficina;67;696.63;0.2
TXN-15057;2026/09/07;Acme SAS;Bucaramanga;Mobiliario;82;53.83;0.3
TXN-15058;2026/09/19;Global Trade;Bucaramanga;Servicios;11;734.93;0.17
TXN-15059;2026/10/31;Global Trade;Medellín;Servicios;40;563.09;0.19
TXN-15060;2024/10/01;Global Trade;Cali;Oficina;6;1269.92;0.06
TXN-15061;2024/02/10;Edu Corp;Bogotá;Software;15;962.17;0.2
TXN-15062;2026/03/12;Bio Health;Bucaramanga;Servicios;35;433.23;0.17
TXN-15063;2024/10/22;Tech Corp;Medellín;Mobiliario;36;1054.08;0.3
TXN-15064;2026/06/15;Acme SAS;Cali;Software;19;1347.09;0.02
TXN-15065;2026/11/21;Neo Systems;Barranquilla;Software;60;889.98;0.07
TXN-15066;2024/12/12;Global Trade;Medellín;Oficina;98;554.97;0.27
TXN-15067;2024/08/29;Edu Corp;Cali;Electrónica;51;1344.29;0.25
TXN-15068;2024/09/14;Bio Health;Medellín;Electrónica;42;342.19;0.14
TXN-15069;2024/08/06;Eco Group;Cali;Oficina;19;132.04;0.13
TXN-15070;2024/09/16;Bio Health;Medellín;Oficina;53;773.02;0.05
TXN-15071;2026/04/03;Global Trade;Medellín;Mobiliario;95;1361.82;0.23
tx_ 15072;2025/03/03;Global Trade;Medellin;Mobilia;87;1372.23;N/A
TXN-15073;2025/10/29;Global Trade;Barranquilla;Software;25;533.53;0.15
TXN-15074;2026/11/16;Edu Corp;Barranquilla;Electrónica;57;1268.16;0.15
TXN-15075;2024/08/28;tech corp;cali; Servicios ;54;1227.82;0.3
TXN-15076;2026/03/15;Bio Health;Medellín;Software;23;1147.61;0.23
TXN-15077;13-11-2024;Bio Health;bogota; Servicios ;8;672.62;N/A
TXN-15078;2025/04/04;Edu Corp;Bucaramanga;Electrónica;15;228.92;0.05
TXN-15079;2025/03/19;Edu Corp;Bogotá;Electrónica;53;342.1;0.01
TXN-15080;2024/03/09;Edu Corp;Barranquilla;Servicios;79;323.45;0.09
TXN-15081;2026/11/17;Edu Corp;Bucaramanga;Software;63;75.46;0.15
TXN-15082;2025/04/17;Eco Group;Cali;Oficina;61;1231.1;0.24
TXN-15083;2025/04/11;Tech Corp;Bucaramanga;Electrónica;47;372.78;0.03
TXN-15084;2025/09/27;Eco Group;Cali;Electrónica;20;730.66;0.29
TXN-15085;2024/06/16;Edu Corp;Barranqilla;Sftware;90;769.93;0.05
TXN-15086;2024/11/09;Neo Systems;Bogotá;Servicios;41;794.11;0.0
TXN-15087;2024/01/12;Tech Corp;Bucaramanga;Servicios;14;1095.67;0.05
TXN-15088;2026/11/25;Tech Corp;Bogota ;Oficin ;66;104.98;0.04
TXN-15089;2024/07/02;Edu Corp;Bogotá;Servicios;5;1479.0;0.25
TXN-15090;2025/08/23;Acme SAS;Barranquilla;Oficina;98;831.35;0.05
TXN-15091;2026/08/29;Global Trade;Medellín;Software;52;1160.67;0.17
TXN-15092;2025/06/18;Eco Group;Barranquilla;Oficina;55;1416.07;0.24
TXN-15093;2026/07/29;N3o Systems;Bogotá;Mobiliario;79;777.56;0.02
TXN-15094;2026/08/04;Global Trade;cali;Oficina;16;63.72;0.29
TXN-15095;2025/06/28;Neo Systems;Bucaramanga;Servicios;48;594.79;0.12
TXN-15096;2025/03/17;Acme SAS;Bucaramanga;Servicios;91;263.84;0.2
TXN-15097;2024/10/09;Tech Corp;Bucaramanga;Servicios;40;133.56;0.2
TXN-15098;2025/01/22;Global Trade;Bucaramanga;Oficina;32;840.17;0.07
TXN-15099;20-11-2025;tech corp; Bogo-ta;Mobilia;84;62.09;0.18
TXN-15100;2024/06/05;Eco Group;Barranquilla;Electrónica;36;734.02;0.22
TXN-15101;2024/11/15;Bio Health;Bogotá;Oficina;17;623.68;0.19
TXN-15102;2025/01/10;Bio Health;Medellín;Servicios;55;185.63;0.17
TXN-15103;2026/10/06;N3o Systems;Bogota ;electronica;91;1424.4;0.11
TXN-15104;2024/02/05;Neo Systems;Bogotá;Oficina;44;66.59;0.19
TXN-15105;2024/06/09;Tech Corp;Bogotá;Servicios;26;346.59;0.25
TXN-15106;2024/01/30;Edu Corp;Cali;Oficina;40;555.5;0.23
TXN-15107;2025/02/03;Bio Health;Medellín;Servicios;65;886.01;0.27
TXN-15108;2025/06/25;Eco Group;Medellín;Software;1;691.58;0.1
TXN-15109;2025/10/05;Neo Systems;Bogotá;Mobiliario;6;198.57;0.14
TXN-15110;2024/01/03;Bio Health;Barranquilla;Software;16;1469.68;0.25
TXN-15111;2026/04/11;Edu Corp;Bogotá;Software;24;886.76;0.08
TXN-15112;22-07-2026;Bio-Health;bogota;Electrónica;54;373.02;0.09
TXN-15113;2026/12/04;Edu Corp;Bucaramanga;Electrónica;67;852.59;0.08
TXN-15114;2024/04/10;Global Trade;Bucaramanga;Mobiliario;54;1482.81;0.17
TXN-15115;2026/11/02;Neo Systems;Bogotá;Servicios;60;1420.67;0.1
TXN-15116;2024/07/08;Edu Corp;Cali;Servicios;33;834.76;0.06
TXN-15117;2026/06/07;Acme SAS;Medellín;Software;66;1267.84;0.12
TXN-15118;2026/03/15;Neo Systems;Barranquilla;Oficina;99;1186.57;0.15
TXN-15119;2024/02/13;Edu Corp;Bucaramanga;Servicios;85;26.94;0.18
TXN-15120;2024/02/03;Global Trade;Medellín;Mobiliario;44;1420.63;0.12
tx_ 15121;2026/04/14;Acme SAS;Cali;Oficina;71;724.79;0.15
TXN-15122;2026/09/23;Global Trade;Bucaramanga;Electrónica;28;218.54;0.13
TXN-15123;2024/12/23;Global Trade;Medellín;Mobiliario;60;626.47;0.18
TXN-15124;2024/02/08;Neo Systems;Bogotá;Oficina;12;939.16;0.05
TXN-15125;2025/04/30;Global Trade;Medellín;Servicios;91;539.74;0.08
TXN-15126;2025/02/22;Neo Systems;Bucaramanga;Servicios;80;304.07;0.28
TXN-15127;2024/05/27;Neo Systems;Barranquilla;Electrónica;72;389.59;0.1
tx_ 15128;2025/05/16;Bio Health;Bucaramanga;Sftware;22;783.59;0.29
TXN-15129;17-11-2025;N3o Systems;medeLLin; Servicios ;68;198.76;0.02
tx_ 15130;29-06-2025;Global Trade;Bucaramanga;Oficina;16;1231.26;0.14
TXN-15131;2025/07/13;Eco Group;Bogotá;Servicios;12;240.83;0.3
TXN-15132;2025/06/08;Global Trade;Bucaramanga;Oficina;13;734.58;0.29
TXN-15133;2026/06/29;Acme SAS;Medellín;Oficina;93;46.45;0.16
TXN-15134;2026/05/27;Tech Corp;Bucaramanga;Servicios;30;760.31;0.28
TXN-15135;2026/08/12;Global Trade;Bucaramanga;Mobiliario;36;455.41;0.02
TXN-15136;2024/10/31;Edu Corp;Cali;Electrónica;96;981.44;0.12
TXN-15137;2025/11/20;Edu Corp;Barranquilla;Electrónica;45;64.61;0.21
TXN-15138;2024/08/21;Neo Systems;Medellín;Electrónica;29;724.34;0.27
TXN-15139;2025/06/02;Bio Health;Medellín;Electrónica;53;941.01;0.26
tx_ 15140;18-07-2026; Global trade; Bogo-ta;Servicios;72;691.85;0.23
TXN-15141;2024/06/24;Tech Corp;Bogotá;Software;11;808.48;0.05
TXN-15142;2024/01/26;Edu Corp;Medellín;Servicios;2;59.46;0.11
TXN-15143;2025/07/24;Edu Corp;Barranquilla;Oficina;90;502.14;0.25
TXN-15144;2024/04/07;Edu Corp;Cali;Software;67;337.88;0.24
TXN-15145;07-01-2026;Bio-Health;Medellin;Mobiliario;7;736.45;0.22
TXN-15146;2025/11/12;Global Trade;Cali;Software;40;1480.27;0.05
TXN-15147;2024/04/18;Eco Group;Bucaramanga;Mobiliario;13;1217.67;0.04
TXN-15148;;Global Trade;Barranqilla;Oficin ;79;903.37;0.04
TXN-15149;2024/10/25;Acme SAS;Bucaramanga;Software;30;516.72;0.12
TXN-15150;2026/03/24;Tech Corp;Bucaramanga;Mobiliario;13;501.49;0.0
TXN-15151;2024/05/02;Acme SAS;Bucaramanga;Software;49;552.35;0.26
TXN-15152;2024/08/26;Neo Systems;Bogotá;Mobiliario;49;341.92;0.03
TXN-15153;2024/08/11;Global Trade;Bucaramanga;Mobiliario;92;388.82;0.17
TXN-15154;2025/06/02;Tech Corp;Cali;Servicios;77;1359.84;0.14
TXN-15155;2025/05/11;Bio Health;Bucaramanga;Mobiliario;65;1187.1;0.23
TXN-15156;2025/09/10;Bio Health; Bogo-ta;electronica;4;1218,34;0.14
TXN-15157;2025/12/20;Eco Group;Barranquilla;Mobiliario;36;872.89;0.0
TXN-15158;2025/09/15;Global Trade;Bogotá;Software;85;288.24;0.06
TXN-15159;2026/03/13;Tech Corp;Barranquilla;Servicios;79;82.29;0.25
TXN-15160;2026/05/11;Tech Corp;Bucaramanga;Mobiliario;93;1349.31;0.17
TXN-15161;2026/04/20;Eco Group;Bogotá;Electrónica;35;695.6;0.01
TXN-15162;2026/06/23;Acme SAS;Bogotá;Servicios;81;445.65;0.01
TXN-15163;2024/10/29;Eco Group;Medellín;Software;84;420.51;0.23
TXN-15164;2025/10/15;Edu Corp;Cali;Electrónica;27;1273.9;0.03
TXN-15165;2026/12/18;Global Trade;Bogotá;Oficina;86;706.16;0.1
TXN-15166;2026/11/04;Global Trade;Bogotá;Electrónica;57;1155.0;0.19
TXN-15167;2026/08/25;Eco Group;Medellín;Oficina;2;308.08;0.25
TXN-15168;2024/12/01;Tech Corp;Medellín;Servicios;79;1456.83;0.06
TXN-15169;2026/05/29;Bio Health;Barranquilla;Servicios;45;295.67;0.04
TXN-15170;2025/06/02;Neo Systems;Medellín;Software;6;755.62;0.05
TXN-15171;2026/06/08;Bio Health;Cali;Software;27;663.73;0.2
TXN-15172;2025/07/18;Acme SAS;Cali;Oficina;29;1272.37;0.29
TXN-15173;2025/09/28;Acme SAS;Cali;Mobiliario;67;633.36;0.21
TXN-15174;2024/12/18;Eco Group;Medellín;Oficina;20;920.13;0.05
TXN-15175;2024/10/16;Bio Health;Medellín;Servicios;66;70.7;0.04
TXN-15176;2026/05/09;Eco Group;Bucaramanga;Electrónica;58;463.57;0.03
TXN-15177;2024/12/24;Eco Group;Cali;Mobiliario;100;1275.33;0.09
TXN-15178;2024/08/28;Global Trade;Bucaramanga;Oficina;76;231.64;0.07
TXN-15179;2026/02/15;Neo Systems;Barranquilla;Software;-6;255.46;0.05
TXN-15180;2025/04/21;Tech Corp;Bucaramanga;Mobiliario;3;907.88;0.08
TXN-15181;2025/05/29;Tech Corp;Barranquilla;Servicios;2;895.56;0.22
TXN-15182;2025/03/08;Eco Group;Barranquilla;Oficina;24;1279.86;0.21
TXN-15183;2026/11/22;Tech Corp;Bogotá;Servicios;5;447.68;0.05
TXN-15184;2026/07/06;Acme SAS;Bogotá;Electrónica;74;588.07;0.27
TXN-15185;29-09-2024;Eco Group;cali;Oficin ;75;442,4;0.04
TXN-15186;2024/12/03;Acme SAS;Cali;Software;6;1265.84;0.3
TXN-15187;2025/04/18;Edu Corp;Bucaramanga;Mobiliario;61;951.62;0.02
TXN-15188;2024/09/23;Tech Corp;Bucaramanga;Electrónica;18;147.24;0.01
TXN-15189;2026/12/14;Tech Corp;Bogotá;Mobiliario;3;942.37;0.21
TXN-15190;2026/05/16;Neo Systems;Cali;Mobiliario;100;389.87;0.05
TXN-15191;2026/01/25;Tech Corp;Cali;Oficina;12;1298.8;0.28
TXN-15192;2024/04/29;Acme SAS;Bucaramanga;Servicios;63;775.12;0.24
TXN-15193;2024/09/18;Bio-Health;Bucaramanga;electronica;56;243.07;0.23
TXN-15194;03-04-2026;Edu Corp;Cali;Mobiliario;83;306.31;0.23
tx_ 15195;12-11-2024;Acme sas ;medeLLin;Electrónica;21;968.91;0.16
TXN-15196;2026/12/22;Eco Group;Bucaramanga;Oficina;9;1270.82;0.27
TXN-15197;2024/10/06;Eko Group;Barranquilla;Oficin ;68;761.39;0.17
TXN-15198;2026/01/12;Edu Corp;Barranquilla;Software;81;611.26;0.28
TXN-15199;2024/01/17;Neo Systems;Barranquilla;Electrónica;17;145.61;0.11
TXN-15200;2025/05/07;Bio Health;Bogotá;Oficina;89;315.4;0.11
TXN-15201;2025/08/06;Eco Group;Cali;Electrónica;65;558.58;0.28
TXN-15202;2026/04/05;Neo Systems;Cali;Mobiliario;90;983.99;0.07
TXN-15203;2024/12/11;Tech Corp;Medellín;Electrónica;91;982.49;0.27
TXN-15204;2026/12/07;Neo Systems;Cali;Software;78;480.19;0.04
TXN-15205;2024/08/10;Neo Systems;Bucaramanga;Oficina;18;395.46;0.01
TXN-15206;2026/03/16;Acme SAS;Barranquilla;Servicios;19;1493.94;0.06
TXN-15207;2025/05/21;Acme SAS;Bucaramanga;Software;70;76.85;0.15
TXN-15208;2024/04/03;Eco Group;Barranquilla;Software;16;1317.18;0.27
TXN-15209;2024/11/30;Eco Group;Bogotá;Oficina;52;870.21;0.18
TXN-15210;2024/01/24;Eco Group;Bogotá;Software;92;916.53;0.12
TXN-15211;2024/08/17;Eco Group;Cali;Software;1;761.36;0.05
TXN-15212;;N3o Systems;medeLLin;Sftware;80;24.82;0.2
TXN-15213;2026/10/24;Edu Corp;Bucaramanga;Software;12;318.25;0.13
TXN-15214;2024/11/14;Eco Group;Cali;Oficina;13;1166.03;0.09
TXN-15215;2024/11/16;Bio Health;Bucaramanga;Software;67;943.72;0.09
TXN-15216;2026/06/22;Tech Corp;Bucaramanga;Servicios;34;816.98;0.22
TXN-15217;2025/06/29;Tech Corp;Cali;Software;58;369.53;0.12
TXN-15218;2026/04/30;Bio Health;Bucaramanga;Servicios;53;1165.82;0.26
TXN-15219;2024/02/12;tech corp;medeLLin;Electrónica;61;600.4;0.19
TXN-15220;2025/09/07;Acme SAS;Bogotá;Software;56;1279.39;0.22
TXN-15221;2024/08/09;Neo Systems;Cali;Oficina;18;1160.72;0.22
TXN-15222;2024/02/26;Tech Corp;Barranquilla;Servicios;52;1485.05;0.05
TXN-15223;2026/06/05;Tech Corp;Bucaramanga;Electrónica;11;238.81;0.18
TXN-15224;2024/11/12;Eco Group;Medellín;Software;64;1070.74;0.15
TXN-15225;2026/11/25;Neo Systems;Cali;Oficina;47;345.99;0.2
TXN-15226;2025/01/18;Acme sas ;Bogota ;Servicios;91;630,22;0.13
TXN-15227;2024/10/15;Edu Corp;Bogotá;Oficina;25;455.52;0.24
TXN-15228;2026/03/23;Neo Systems;Barranquilla;Mobiliario;47;804.27;0.12
TXN-15229;2026/08/10;Bio Health;Bucaramanga;Software;81;812.61;0.05
TXN-15230;2026/09/11;Neo Systems;Bogotá;Software;81;481.71;0.27
TXN-15231;2026/10/14;N3o Systems;medeLLin;Software;27;1053,13;0.27
TXN-15232;2025/10/11;Bio Health;Cali;Oficina;15;568.6;0.22
TXN-15233;2024/12/29;Tech Corp;Barranqilla;Software;99;1438.47;0.19
TXN-15234;2024/03/16;Bio Health;Medellín;Software;5;44.32;0.24
TXN-15235;2025/12/29;Edu Corp;Bogotá;Oficina;91;1408.69;0.04
TXN-15236;2024/08/23;Global Trade;Barranquilla;Servicios;72;661.42;0.21
TXN-15237;01-01-2025;Tech Corp;Bogotá;Mobiliario;79;1097.38;0.18
TXN-15238;2025/04/16;Global Trade;Medellín;Oficina;9;337.48;0.17
TXN-15239;;Neo Systems;Barranqilla;Electrónica;13;548.78;N/A
TXN-15240;2024/01/11;Global Trade;Medellín;Software;9;892.13;0.14
TXN-15241;2025/04/07;Bio Health;Medellín;Servicios;45;260.4;0.14
TXN-15242;2024/04/03;Neo Systems;Bucaramanga;Software;23;89.37;0.19
TXN-15243;2026/02/26;Eco Group;Barranquilla;Electrónica;26;92.67;0.29
TXN-15244;2025/06/25;Bio Health;Bucaramanga;Software;1;50.24;0.13
TXN-15245;;N3o Systems;medeLLin;Oficina;11;69.24;0.18
TXN-15246;2026/02/13;Global Trade;Medellín;Servicios;71;822.98;0.03
TXN-15247;2024/07/12;Neo Systems;Cali;Mobiliario;58;1473.78;0.23
TXN-15248;2026/11/15;Bio Health;Bucaramanga;Software;78;929.43;0.06
TXN-15249;2024/02/02;Eco Group;Barranquilla;Mobiliario;92;409.91;0.14
TXN-15250;2024/07/10;Neo Systems;Cali;Oficina;73;194.11;0.02
TXN-15251;2026/08/10;Neo Systems;Barranquilla;Mobiliario;34;1494.58;0.16
TXN-15252;2025/04/15;Global Trade;Bogotá;Oficina;41;748.59;0.11
TXN-15253;2025/06/04;Edu Corp;Cali;Oficina;46;461.75;0.08
tx_ 15254;;tech corp;Barranquilla;Servicios;77;1159.62;0.28
TXN-15255;2024/10/22;Tech Corp;Barranquilla;Servicios;36;989.81;0.07
TXN-15256;2026/11/29;Neo Systems;Bogotá;Software;97;52.63;0.05
TXN-15257;2026/11/23;Eco Group;Barranquilla;Electrónica;35;423.37;0.05
TXN-15258;2025/11/13;Global Trade;Barranquilla;Servicios;66;544.15;0.25
TXN-15259;2025/04/23;Edu Corp;Bucaramanga;Electrónica;11;996.21;0.2
TXN-15260;2025/12/21;Neo Systems;Bucaramanga;Mobiliario;4;946.88;0.22
TXN-15261;2024/05/25;Neo Systems;Bogotá;Servicios;30;1296.89;0.19
TXN-15262;2025/11/10;Bio Health;Medellín;Electrónica;6;873.56;0.25
TXN-15263;2024/06/23;Edu Corp;Cali;Mobiliario;9;1086.35;0.05
TXN-15264;2026/09/04;Bio Health;Bucaramanga;Software;17;1026.08;0.0
TXN-15265;2024/02/14;Acme SAS;Cali;Electrónica;9;668.32;0.23
TXN-15266;2026/04/11;Eco Group;Bogotá;Electrónica;37;584.31;0.01
TXN-15267;2024/09/23;Global Trade;Barranquilla;Electrónica;80;29.45;0.07
TXN-15268;2024/03/09;Acme SAS;Barranquilla;Software;25;226.92;0.16
TXN-15269;2024/04/01;Acme SAS;Bogotá;Electrónica;84;931.56;0.06
TXN-15270;2024/02/29;N3o Systems;Bucaramanga;Oficin ;72;994.71;0.2
TXN-15271;2025/09/12;Eco Group;medeLLin;Sftware;3;1395.04;0.04
TXN-15272;2026/08/02;Global Trade;Medellín;Oficina;62;281.15;0.04
TXN-15273;2024/01/14;Global Trade;Bucaramanga;Electrónica;60;344.55;0.25
TXN-15274;2024/11/30;Neo Systems;Bucaramanga;Mobiliario;34;571.32;0.28
TXN-15275;2026/06/06;Global Trade;Cali;Oficina;82;386.12;0.16
TXN-15276;2024/02/11;Tech Corp;Cali;Oficina;81;540.19;0.02
TXN-15277;2026/02/01;Acme SAS;Cali;Software;62;911.36;0.2
TXN-15278;2025/05/05;Bio Health;Barranquilla;Oficina;90;175.38;0.06
TXN-15279;2024/08/15;Tech Corp;Bucaramanga;Electrónica;34;711.54;0.07
TXN-15280;2025/07/20;Acme SAS;Bucaramanga;Electrónica;56;1226.4;0.0
TXN-15281;23-02-2025;tech corp; Bogo-ta;Sftware;79;410,95;0.29
TXN-15282;2024/12/16;Edu Corp;Bucaramanga;Oficina;28;1384.23;0.13
TXN-15283;2026/12/26;Eco Group;Barranquilla;Servicios;20;320.76;0.13
TXN-15284;2024/04/01;Acme SAS;Medellín;Oficina;80;1209.28;0.12
TXN-15285;2026/02/21;Acme SAS;Bucaramanga;Oficina;80;60.57;0.03
TXN-15286;2025/05/11;Bio Health;Medellín;Oficina;64;474.57;0.09
TXN-15287;2025/12/05;Eco Group;Bogotá;Servicios;5;1343.76;0.19
TXN-15288;2024/02/21;Edu Corp;Barranquilla;Software;11;572.29;0.27
TXN-15289;2026/12/11;Tech Corp;Bucaramanga;Servicios;28;652.7;0.06
TXN-15290;2025/01/25;Acme SAS;Cali;Software;75;663.23;0.09
tx_ 15291;2024/09/30;Neo Systems;bogota;Oficin ;55;648,16;0.26
TXN-15292;2025/03/25;Bio Health;Medellín;Electrónica;63;1358.58;0.27
TXN-15293;2024/03/29;Neo Systems;Barranquilla;Oficina;86;555.89;0.18
TXN-15294;; Global trade;Bogota ;Oficin ;34;773.98;0.2
TXN-15295;2025/03/31;Edu Corp;Bucaramanga;Servicios;21;549.41;0.16
TXN-15296;2026/03/29;Tech Corp;Cali;Electrónica;7;249.06;0.01
TXN-15297;2024/11/21;Neo Systems;Bucaramanga;Mobiliario;97;1120.7;0.18
TXN-15298;2026/02/19;Acme SAS;Bucaramanga;Servicios;41;496.77;0.24
TXN-15299;2025/03/26;Global Trade;Medellín;Electrónica;29;637.78;0.3
TXN-15300;2024/10/14;Tech Corp;Medellín;Servicios;69;1155.98;0.19
TXN-15301;2025/08/30;Bio Health;Barranquilla;Software;87;1338.46;0.14
TXN-15302;2024/08/06;Tech Corp;Medellín;Oficina;9;650.77;0.17
TXN-15303;2026/04/04;Edu Corp;Medellín;Oficina;90;1092.7;0.06
TXN-15304;2025/08/03;Neo Systems;Barranquilla;Mobiliario;61;1403.72;0.1
TXN-15305;2025/06/30;Tech Corp;Bogotá;Electrónica;64;205.07;0.3
TXN-15306;2026/08/27;Edu Corp;Medellín;Electrónica;73;739.06;0.24
TXN-15307;2025/01/03;Edu Corp;Barranquilla;Software;69;715.11;0.04
TXN-15308;2024/10/18;Eco Group;Bogotá;Software;68;1301.32;0.2
TXN-15309;2026/02/16;Edu Corp;Bogotá;Oficina;2;192.72;0.04
TXN-15310;2026/01/04;Eco Group;Medellín;Software;15;988.67;0.16
TXN-15311;2025/12/03;EduCorp;Barranquilla; Servicios ;10;751.17;0.13
tx_ 15312;2026/05/20;Tech Corp;Medellin;Sftware;88;72.88;0.01
TXN-15313;2024/03/17;Acme SAS;Barranquilla;Mobiliario;31;1100.64;0.15
TXN-15314;2024/07/13;Eco Group;Bucaramanga;Oficina;43;324.5;0.19
TXN-15315;2025/01/31;Bio Health;Cali;Mobiliario;31;1329.22;0.24
TXN-15316;2024/05/19;Bio Health;Bucaramanga;Oficina;16;1256.25;0.2
TXN-15317;2024/08/15;Bio Health;Barranquilla;Software;25;365.35;0.01
TXN-15318;2026/09/22;Edu Corp;Medellín;Oficina;3;1324.19;0.11
TXN-15319;2026/01/11;Edu Corp;Bucaramanga;Mobiliario;71;256.01;0.08
TXN-15320;2026/06/22;Neo Systems;Medellín;Electrónica;47;1465.74;0.19
TXN-15321;2025/10/06;Tech Corp;Medellín;Oficina;35;1494.45;0.26
TXN-15322;2026/10/19;Bio Health;Cali;Software;50;670.43;0.06
TXN-15323;2024/10/15;Eco Group;Barranqilla;Oficin ;-14;1129.9;0.28
TXN-15324;2024/05/05;Bio Health;Barranquilla;Software;47;688.45;0.13
TXN-15325;2026/09/30;Global Trade;Bogotá;Electrónica;25;352.14;0.05
TXN-15326;2026/01/19;Neo Systems;Barranquilla;Electrónica;21;568.59;0.13
TXN-15327;2025/12/12;Tech Corp;Medellín;Software;51;1456.66;0.05
TXN-15328;2025/10/06;Acme sas ;bogota;Oficina;43;1286.41;0.01
TXN-15329;2024/02/09;Global Trade;Medellín;Mobiliario;70;882.98;0.05
TXN-15330;2026/09/05;Acme SAS;Cali;Electrónica;59;492.96;0.3
TXN-15331;2025/01/31;Neo Systems;Bogotá;Oficina;65;1152.48;0.08
TXN-15332;2025/09/20;Edu Corp;Cali;Software;18;225.68;0.16
TXN-15333;2024/05/30;Tech Corp;Barranquilla;Oficina;25;1301.87;0.24
TXN-15334;2025/08/13;Bio Health;Barranquilla;Oficina;10;449.31;0.15
TXN-15335;2025/06/14;Global Trade;Medellín;Mobiliario;62;833.65;0.26
TXN-15336;2024/03/17;Tech Corp;Barranquilla;Software;51;281.61;0.07
TXN-15337;2025/02/07;Global Trade;Medellín;Software;45;1437.19;0.25
TXN-15338;2024/05/26;Tech Corp;Medellín;Software;-66;518,95;0.06
TXN-15339;2025/09/15;Neo Systems;Barranquilla;Servicios;53;561.39;0.07
TXN-15340;2026/12/20;Tech Corp;Bucaramanga;Servicios;39;824.37;0.17
TXN-15341;2025/09/12;Acme SAS;Medellín;Mobiliario;53;447.51;0.28
TXN-15342;2025/04/10;Neo Systems;Barranquilla;Mobiliario;2;322.53;0.11
TXN-15343;2024/06/07;Eko Group;bogota;Mobilia;37;1275.15;0.04
TXN-15344;2024/09/20;Global Trade;Barranquilla;Mobiliario;98;117.68;0.06
TXN-15345;2024/01/07;Edu Corp;Barranquilla;Electrónica;90;115.31;0.07
TXN-15346;2025/11/17;Neo Systems;Medellín;Servicios;72;768.32;0.01
TXN-15347;2024/09/25;Bio Health;Medellín;Software;39;1024.58;0.13
TXN-15348;2025/08/25;Tech Corp;Medellín;Servicios;100;1064.68;0.17
TXN-15349;2025/04/11;Eco Group;Medellín;Oficina;59;1175.38;0.15
TXN-15350;2026/05/07;Edu Corp;Bucaramanga;Servicios;27;858.58;0.09
TXN-15351;2024/09/24;Eco Group;Medellín;Mobiliario;23;1447.43;0.24
TXN-15352;2026/02/20;Bio Health;Bucaramanga;Mobiliario;60;631.23;0.11
TXN-15353;2026/07/10;Bio Health;Cali;Electrónica;19;1362.55;0.19
TXN-15354;2024/11/07;Neo Systems;Bogotá;Electrónica;6;1196.21;0.27
TXN-15355;2024/10/13;Global Trade;Bogotá;Servicios;61;323.38;0.04
TXN-15356;2024/09/26;Global Trade;Medellín;Software;31;386.49;0.04
TXN-15357;2025/06/20;Edu Corp;Cali;Servicios;42;365.25;0.03
TXN-15358;2024/05/03;Edu Corp;Cali;Servicios;96;1265.11;0.14
TXN-15359;2025/07/19;Global Trade;Medellín;Software;51;872.73;0.18
TXN-15360;2025/12/10;Tech Corp;Barranquilla;Mobiliario;43;1246.16;0.11
TXN-15361;2024/03/26;Edu Corp;Medellín;Mobiliario;98;1060.94;0.18
TXN-15362;2026/12/26;Bio Health;Barranquilla;Servicios;79;350.95;0.19
TXN-15363;2024/11/19;Edu Corp;Barranquilla;Electrónica;59;392.51;0.25
TXN-15364;2026/04/13;Edu Corp;Bogotá;Electrónica;84;719.9;0.03
TXN-15365;2026/01/15;Bio Health;Barranquilla;Software;45;1296.02;0.24
TXN-15366;2024/01/20;Bio Health;Barranquilla;Servicios;100;688.48;0.15
TXN-15367;2024/11/28;tech corp;BGA;electronica;75;996,01;0.23
TXN-15368;2024/03/23;Eco Group;Bogotá;Mobiliario;51;1354.69;0.23
TXN-15369;2024/09/29;Global Trade;Cali;Electrónica;32;434.46;0.26
TXN-15370;2024/09/04;Acme SAS;Bogotá;Software;88;958.99;0.12
TXN-15371;2026/02/09;Acme SAS;Bucaramanga;Oficina;75;27.85;0.18
TXN-15372;2024/01/10;Global Trade;Bogotá;Mobiliario;17;82.92;0.27
TXN-15373;2025/03/23;Global Trade;Bogotá;Software;92;507.77;0.09
TXN-15374;2026/04/02;Neo Systems;Bucaramanga;Oficina;5;885.66;0.03
TXN-15375;2025/07/18;Eco Group;Medellín;Software;20;736.63;0.22
TXN-15376;2025/10/28;Edu Corp;Cali;Oficina;41;270.8;0.23
TXN-15377;2024/03/03;Global Trade;Bogotá;Servicios;71;990.72;0.0
TXN-15378;2024/12/13;Acme SAS;Barranquilla;Oficina;58;415.12;0.24
TXN-15379;2026/08/26;Global Trade;Medellín;Electrónica;57;640.67;0.26
TXN-15380;2024/04/07;Global Trade;Bogotá;Mobiliario;49;89.24;0.13
TXN-15381;2024/04/20;Tech Corp;Cali;Electrónica;58;799.06;0.11
TXN-15382;2024/03/06;Acme SAS;Barranquilla;Servicios;10;1122.92;0.15
TXN-15383;2025/04/06;Tech Corp;Cali;Software;45;1092.79;0.03
TXN-15384;2026/02/14;Tech Corp;Cali;Electrónica;69;816.52;0.23
TXN-15385;2026/08/08;Eco Group;Barranquilla;Oficina;4;1107.86;0.17
TXN-15386;2025/10/29;Bio Health;Barranquilla;Oficina;43;178.58;0.01
TXN-15387;2024/12/23;Eco Group;Medellín;Servicios;34;293.41;0.15
TXN-15388;25-09-2025;EduCorp;bogota;Oficina;-52;177.28;0.19
TXN-15389;2026/09/24;Bio Health;Cali;Oficina;46;769.41;0.1
TXN-15390;2025/02/06;Bio Health;Medellín;Oficina;57;112.11;0.27
TXN-15391;2024/03/16;Bio Health;Bogotá;Servicios;7;155,58;0.17
TXN-15392;2025/09/09;Tech Corp;Medellín;Servicios;68;80.19;0.07
TXN-15393;2024/08/23;Neo Systems;Barranquilla;Servicios;87;412.3;0.17
TXN-15394;2026/12/20;Bio Health;Medellín;Mobiliario;8;771.39;0.27
TXN-15395;2024/11/21;Edu Corp;Cali;Oficina;28;121.01;0.04
TXN-15396;2025/01/01;Bio Health;Bucaramanga;Oficina;76;1186.02;0.05
TXN-15397;2026/02/14;Global Trade;Bucaramanga;Electrónica;45;1236.51;0.02
TXN-15398;2024/08/22;EduCorp;Cali;Oficina;78;1493.44;0.16
TXN-15399;2026/08/24;Edu Corp;Cali;Mobiliario;92;270.65;0.24
TXN-15400;30-05-2024;Edu Corp;Barranqilla; Servicios ;31;685.93;0.23
TXN-15401;2024/12/22;Global Trade;Cali;Mobiliario;31;1281.25;0.08
TXN-15402;2025/10/23;Tech Corp;Barranquilla;Software;35;923.09;0.19
TXN-15403;2026/01/20;Acme SAS;Barranquilla;Mobiliario;48;1285.79;0.24
TXN-15404;2025/04/26; Global trade;Bogotá; Servicios ;14;742,96;0.15
TXN-15405;2025/08/09;Edu Corp;Bogotá;Electrónica;23;1098.11;0.2
TXN-15406;2026/06/03;Neo Systems;Medellín;Oficina;39;755.37;0.28
TXN-15407;2024/02/25;Global Trade;Cali;Electrónica;19;537.89;0.3
TXN-15408;2025/06/24;Edu Corp;Barranquilla;Servicios;82;1365.19;0.03
TXN-15409;2024/11/18;Tech Corp;Bucaramanga;Mobiliario;73;318.32;0.0
TXN-15410;2026/08/08;Bio Health;Cali;Mobiliario;79;1426.74;0.16
TXN-15411;2025/05/04;Edu Corp;Cali;Oficina;58;103.43;0.24
TXN-15412;2026/04/15;Neo Systems;Barranquilla;Servicios;81;1429.93;0.13
tx_ 15413;2025/11/24;Bio-Health;Medellin;Electrónica;-19;388.72;0.1
TXN-15414;2026/12/21;Global Trade;medeLLin; Servicios ;-85;107.68;N/A
TXN-15415;2024/04/13;Global Trade;Barranquilla;Electrónica;8;997.72;0.18
TXN-15416;2025/11/12;Tech Corp;Barranquilla;Electrónica;53;1005.84;0.16
TXN-15417;2025/06/05;Tech Corp;Medellín;Servicios;73;1392.75;0.01
tx_ 15418;2025/09/15;Global Trade;Medellin;Servicios;35;733.15;0.14
TXN-15419;2026/11/08;Acme SAS;Medellín;Mobiliario;98;649.35;0.05
TXN-15420;2024/08/27;Eco Group;Cali;Software;20;1044.47;0.08
TXN-15421;2024/05/09;Global Trade;Cali;Mobiliario;16;13.31;0.02
TXN-15422;2025/08/19;Bio Health;Barranquilla;Software;48;752.34;0.27
TXN-15423;2026/12/15;Tech Corp;Cali;Software;29;113.78;0.17
TXN-15424;2024/10/22;Bio Health;Bucaramanga;Mobiliario;80;670.97;0.19
TXN-15425;31-08-2026;N3o Systems;Medellín;Servicios;67;370.53;0.24
TXN-15426;2026/10/25;Acme SAS;Bucaramanga;Electrónica;13;173.66;0.17
TXN-15427;2025/02/07;Tech Corp;Barranquilla;Software;91;1178.38;0.07
TXN-15428;2025/10/05;Eco Group;Bucaramanga;Mobiliario;18;1371.14;0.2
TXN-15429;2026/06/24;Edu Corp;Bucaramanga;Electrónica;78;1048.85;0.28
TXN-15430;2024/05/29;Global Trade;Bucaramanga;Mobiliario;11;1023.24;0.03
TXN-15431;2026/01/03;Tech Corp;Cali;Software;28;860.19;0.08
TXN-15432;2024/01/30;Edu Corp;Bucaramanga;Oficina;34;1491.69;0.13
TXN-15433;2026/11/21;Global Trade;Medellín;Electrónica;31;1085.79;0.28
TXN-15434;2025/05/08;Tech Corp;bogota;Servicios;-1;174,18;0.16
TXN-15435;2024/06/27;Neo Systems;Barranquilla;Servicios;59;306.06;0.13
TXN-15436;2026/12/09;Acme sas ;BGA;Mobiliario;27;1169.04;N/A
TXN-15437;2024/02/17;Edu Corp;Bucaramanga;Servicios;86;48.73;0.21
TXN-15438;2025/02/18;Eco Group;Bogotá;Oficina;22;512.29;0.21
TXN-15439;;Bio Health;Medellin;Oficina;3;94.74;0.21
TXN-15440;2025/06/15;Tech Corp;Cali;Servicios;88;507.94;0.16
TXN-15441;2024/05/11;Eco Group;Cali;Oficina;73;992.96;0.22
TXN-15442;2026/04/05;Global Trade;Medellín;Servicios;16;313.68;0.27
TXN-15443;03-03-2025;EduCorp;cali;Sftware;63;947.6;0.06
TXN-15444;2024/04/20;Neo Systems;Barranquilla;Oficina;83;1244.69;0.19
TXN-15445;2026/09/10;Eco Group;Cali;Oficina;89;1020.49;0.18
TXN-15446;2026/07/10;Acme SAS;Bucaramanga;Software;25;151.03;0.17
TXN-15447;2026/02/21;Eco Group;Cali;Software;11;713.23;0.28
TXN-15448;2024/02/23;Bio Health;Bogotá;Servicios;74;1069.53;0.07
TXN-15449;10-12-2026;Eko Group;BGA;Servicios;19;218,86;0.11
TXN-15450;2026/11/28;Tech Corp;Barranquilla;Electrónica;62;697.76;0.08
TXN-15451;2026/01/26;Edu Corp;Barranquilla;Oficina;24;1299.79;0.27
TXN-15452;2026/08/10; Global trade;Barranqilla;Servicios;57;255.21;0.25
TXN-15453;24-01-2026;Eko Group;cali;Mobilia;52;1199.12;0.14
TXN-15454;2024/12/30;Eco Group;Barranquilla;Electrónica;30;1157.06;0.16
TXN-15455;2025/03/06;Neo Systems;Bogotá;Servicios;73;376.59;0.01
TXN-15456;2026/12/19;Eco Group;Cali;Electrónica;1;84.96;0.15
TXN-15457;2024/09/28;Global Trade;Medellín;Mobiliario;9;900.85;0.07
TXN-15458;2024/03/22;Eco Group;Bucaramanga;Mobiliario;74;837.21;0.29
TXN-15459;2026/12/10;Global Trade;Cali;Mobiliario;91;239.76;0.12
TXN-15460;2024/01/12;Acme SAS;Bucaramanga;Mobiliario;23;680.38;0.27
TXN-15461;2025/12/17;Edu Corp;Bucaramanga;Electrónica;81;1345.31;0.27
TXN-15462;2026/02/11;Edu Corp;Cali;Electrónica;29;1198.34;0.21
TXN-15463;2024/09/28;Tech Corp;Cali;Oficina;54;541.36;0.15
TXN-15464;2024/12/09;Acme SAS;Cali;Electrónica;64;650.32;0.18
TXN-15465;2025/11/11;Eco Group;Medellín;Mobiliario;50;819.74;0.15
TXN-15466;2026/09/19;Neo Systems;Medellín;Electrónica;75;1089.35;0.13
TXN-15467;2026/07/02;Global Trade;Bogotá;Oficina;88;1412.47;0.02
TXN-15468;2024/01/31;Eco Group;Bucaramanga;Software;63;1213.17;0.29
TXN-15469;2026/04/07;Bio Health;Cali;Electrónica;88;1190.09;0.26
TXN-15470;2026/07/31;Tech Corp;Medellín;Software;12;319.1;0.3
TXN-15471;2025/10/01;Bio Health;Bogotá;Electrónica;1;1458.39;0.13
TXN-15472;2026/08/15;Global Trade;Barranquilla;Mobiliario;69;577.15;0.24
TXN-15473;2026/11/26;Neo Systems;Bucaramanga;Electrónica;84;1083.46;0.04
TXN-15474;2026/06/18;Edu Corp;Medellín;Servicios;31;447.68;0.14
TXN-15475;2025/03/31;Bio Health;Bogotá;Mobiliario;84;458.48;0.18
TXN-15476;2025/11/20;Edu Corp;Cali;Servicios;28;270.83;0.29
TXN-15477;2026/07/31;Acme SAS;Barranquilla;Electrónica;89;428.25;0.03
TXN-15478;2024/07/08;Neo Systems;Medellín;Electrónica;35;660.52;0.17
TXN-15479;2026/06/23;Edu Corp;Bucaramanga;Electrónica;5;1089.27;0.14
TXN-15480;2024/10/21;Edu Corp;Bucaramanga;Software;99;1114.52;0.23
TXN-15481;2025/06/07;Neo Systems;Barranquilla;Servicios;33;117.35;0.22
TXN-15482;2025/10/14;Edu Corp;Bucaramanga;Software;8;702.66;0.1
TXN-15483;2026/01/13;Bio Health;Cali;Mobiliario;95;174.81;0.08
TXN-15484;2026/12/17;Edu Corp;Barranquilla;Servicios;77;847.47;0.16
TXN-15485;2025/05/17;Neo Systems;Bogotá;Servicios;20;26,92;N/A
TXN-15486;2026/05/23;Global Trade;Barranquilla;Software;58;1491.9;0.11
TXN-15487;2024/01/18;Edu Corp;Cali;Electrónica;76;1181.21;0.26
TXN-15488;2026/09/09;Acme SAS;Medellín;Mobiliario;10;108.78;0.03
TXN-15489;2026/09/12;Tech Corp;Barranquilla;Oficina;50;1498.85;0.09
TXN-15490;2026/05/19;Edu Corp;Bucaramanga;Mobiliario;48;1092.51;0.04
TXN-15491;2024/01/27;Acme SAS;Medellín;Software;81;1425.86;0.2
TXN-15492;2025/05/08;Edu Corp;Bogotá;Oficina;80;503.32;0.27
TXN-15493;2026/01/19;Bio Health;Barranqilla; Servicios ;28;421,82;0.08
TXN-15494;2025/02/24;Global Trade;Bucaramanga;Oficina;60;1208.87;0.28
TXN-15495;2025/11/17;Eco Group;Barranquilla;Oficina;47;922.5;0.27
TXN-15496;2026/01/20;Edu Corp;Cali;Electrónica;94;995.84;0.3
TXN-15497;2025/10/02;Acme SAS;Barranquilla;Software;45;1082.73;0.28
TXN-15498;2024/09/28;Eco Group;Bogotá;Servicios;54;1476.84;0.1
TXN-15499;2025/09/06;Acme SAS;Bogotá;Electrónica;69;294.68;0.23
TXN-15500;2025/11/07;Bio Health;Medellín;Software;94;421.2;0.16
